compound_id,canonical_smiles,measured_solubility_logs,molecular_weight,logp,tpsa,hbd,hba,rotatable_bonds,ring_count,heavy_atom_count,num_aromatic_rings,num_aliphatic_rings,num_heteroatoms,fraction_csp3,molar_refractivity,ro5_violations,ro5_compliant
Amigdalin,N#CC(OC1OC(COC2OC(CO)C(O)C(O)C2O)C(O)C(O)C1O)c1ccccc1,-0.77,457.432,-3.108,202.32,7,12,7,3,32,1,2,12,0.65,102.2816,2,False
Fenfuram,Cc1occc1C(=O)Nc1ccccc1,-3.3,201.225,2.8403,42.24,1,2,2,2,15,2,0,3,0.0833,57.8402,0,True
citral,CC(C)=CCCC(C)=CC=O,-2.06,152.237,2.878,17.07,0,1,4,0,11,0,0,1,0.5,48.486,0,True
Picene,c1ccc2c(c1)ccc1c2ccc2c3ccccc3ccc21,-7.87,278.354,6.2994,0.0,0,0,0,5,22,5,0,0,0.0,96.466,1,True
Thiophene,c1ccsc1,-1.33,84.143,1.7481,0.0,0,1,0,1,5,1,0,1,0.0,24.319,0,True
benzothiazole,c1ccc2scnc2c1,-1.5,135.191,2.2963,12.89,0,2,0,2,9,2,0,2,0.0,39.62,0,True
"2,2,4,6,6'-PCB",Clc1cc(Cl)c(-c2c(Cl)cccc2Cl)c(Cl)c1,-7.32,326.437,6.6206,0.0,0,0,1,2,17,2,0,5,0.0,76.928,1,True
Estradiol,CC12CCC3c4ccc(O)cc4CCC3C1CCC2O,-5.03,272.388,3.6092,40.46,2,2,0,4,20,1,3,2,0.6667,78.7306,0,True
Dieldrin,ClC1=C(Cl)C2(Cl)C3C4CC(C5OC45)C3C1(Cl)C2(Cl)Cl,-6.29,380.913,4.4814,12.53,0,1,0,5,19,0,5,7,0.8333,77.575,0,True
Rotenone,C=C(C)C1Cc2c(ccc3c2OC2COc4cc(OC)c(OC)cc4C2C3=O)O1,-4.42,394.423,3.7033,63.22,0,6,3,5,29,2,3,6,0.3478,105.9045,0,True
2-pyrrolidone,O=C1CCCN1,1.07,85.106,-0.1036,29.1,1,1,0,1,6,0,1,2,0.75,22.2437,0,True
2-Chloronapthalene,Clc1ccc2ccccc2c1,-4.14,162.619,3.4932,0.0,0,0,0,2,11,2,0,1,0.0,48.958,0,True
1-Pentene ,C=CCCC,-2.68,70.135,1.9725,0.0,0,0,2,0,5,0,0,0,0.6,25.105,0,True
Primidone,CCC1(c2ccccc2)C(=O)NCNC1=O,-2.64,218.256,0.5379,58.2,2,2,2,2,16,1,1,4,0.3333,59.5634,0,True
Tetradecane,CCCCCCCCCCCCCC,-7.96,198.394,5.7074,0.0,0,0,11,0,14,0,0,0,1.0,66.752,1,True
2-Chloropropane,CC(C)Cl,-1.41,78.542,1.6336,0.0,0,0,0,0,4,0,0,1,1.0,20.989,0,True
2-Methylbutanol,CCC(C)CO,-0.47,88.15,1.0248,20.23,1,1,2,0,6,0,0,1,1.0,26.5408,0,True
Benzonitrile,N#Cc1ccccc1,-1.0,103.124,1.5583,23.79,0,1,0,1,8,1,0,1,0.0,31.157,0,True
Diazinon,CCOP(=S)(OCC)Oc1cc(C)nc(C(C)C)n1,-3.64,304.352,3.5847,53.47,0,6,7,1,19,1,0,7,0.6667,79.023,0,True
2-Undecanol,CCCCCCCCCC(C)O,-2.94,172.312,3.5079,20.23,1,1,8,0,12,0,0,1,1.0,54.2908,0,True
"2,2',3,4,6-PCB",Clc1ccc(-c2c(Cl)ccc(Cl)c2Cl)c(Cl)c1,-7.43,326.437,6.6206,0.0,0,0,1,2,17,2,0,5,0.0,76.928,1,True
Lenacil,O=c1[nH]c2c(c(=O)n1C1CCCCC1)CCC2,-4.593999999999999,234.299,1.5305,54.86,1,2,1,3,17,1,2,4,0.6923,65.4697,0,True
Phorate,CCOP(=S)(OCC)SCSCC,-4.11,260.386,3.7277,18.46,0,5,8,0,13,0,0,6,1.0,68.127,0,True
Phenacetin,CCOc1ccc(NC(C)=O)cc1,-2.35,179.219,2.0437,38.33,1,2,3,1,13,1,0,3,0.3,51.9147,0,True
Dinitramine,CCN(CC)c1c([N+](=O)[O-])cc(C(F)(F)F)c(N)c1[N+](=O)[O-],-5.47,322.243,2.9502,115.54,1,6,5,1,22,1,0,11,0.4545,72.7262,0,True
1-Heptanol,CCCCCCCO,-1.81,116.204,1.9491,20.23,1,1,5,0,8,0,0,1,1.0,35.8448,0,True
Theophylline,Cn1c(=O)c2[nH]cnc2n(C)c1=O,-1.39,180.167,-1.0397,72.68,1,3,0,2,13,2,0,6,0.2857,46.5757,0,True
Butethal,CCCCC1(CC)C(=O)NC(=O)NC1=O,-1.661,212.249,0.939,75.27,2,3,4,1,15,0,1,5,0.7,53.9304,0,True
"P,P'-DDE",ClC(Cl)=C(c1ccc(Cl)cc1)c1ccc(Cl)cc1,-6.9,318.03,6.1879,0.0,0,0,2,2,18,2,0,4,0.0,80.632,1,True
Methyl octanoate,CCCCCCCC(=O)OC,-3.17,158.241,2.5199,26.3,0,2,6,0,11,0,0,2,0.8889,45.392,0,True
"1,4-Diethylbenzene ",CCc1ccc(CC)cc1,-3.75,134.222,2.8114,0.0,0,0,2,1,10,1,0,0,0.4,45.198,0,True
Terbufos,CCOP(=S)(OCC)SCSC(C)(C)C,-4.755,288.44,4.5063,18.46,0,5,7,0,15,0,0,6,1.0,77.339,0,True
Phenmedipham,COC(=O)Nc1cccc(OC(=O)Nc2cccc(C)c2)c1,-4.805,300.314,3.7842,76.66,2,4,3,2,22,2,0,6,0.125,83.2954,0,True
"1,1-Dichloroethylene",C=C(Cl)Cl,-1.64,96.944,1.9352,0.0,0,0,0,0,4,0,0,2,0.0,20.846,0,True
1-Methylfluorene,Cc1cccc2c1Cc1ccccc1-2,-5.22,180.25,3.5662,0.0,0,0,0,3,14,2,1,0,0.1429,59.421,0,True
Valeraldehyde,CCCCC=O,-0.85,86.134,1.3755,17.07,0,1,3,0,6,0,0,1,0.8,25.589,0,True
Diphenylamine,c1ccc(Nc2ccccc2)cc1,-3.504,169.227,3.4302,12.03,1,1,2,2,13,2,0,1,0.0,56.1667,0,True
Fenothiocarb,CN(C)C(=O)SCCCCOc1ccccc1,-3.927,253.367,3.2604,29.54,0,3,6,1,17,1,0,4,0.4615,72.712,0,True
Piperophos,CCCOP(=S)(OCCC)SCC(=O)N1CCCCC1C,-4.15,353.49,4.1983,38.77,0,5,9,1,21,0,1,7,0.9286,94.255,0,True
1-Iodoheptane,CCCCCCCI,-4.81,226.101,3.3918,0.0,0,0,5,0,8,0,0,1,1.0,47.646,0,True
3-Chlorobiphenyl,Clc1cccc(-c2ccccc2)c1,-4.88,188.657,4.007,0.0,0,0,1,2,13,2,0,1,0.0,56.888,0,True
4-Pentene-1-ol,C=CCCCO,-0.15,86.134,0.9449,20.23,1,1,3,0,6,0,0,1,0.6,26.5168,0,True
Cyclobutyl-5-spirobarbituric acid,O=C1NC(=O)C2(CCC2)C(=O)N1,-1.655,168.152,-0.4773,75.27,2,3,0,2,12,0,2,5,0.5714,37.9654,0,True
menthol,CC1CCC(C(C)C)C(O)C1,-2.53,156.269,2.4395,20.23,1,1,1,1,11,0,1,1,1.0,47.3498,0,True
Isopropyl formate,CC(C)OC=O,-0.63,88.106,0.5678,26.3,0,2,2,0,6,0,0,2,0.75,22.285,0,True
2-Heptanol ,CCCCCC(C)O,-1.55,116.204,1.9475,20.23,1,1,4,0,8,0,0,1,1.0,35.8228,0,True
p-Bromoacetanilide,CC(=O)Nc1ccc(Br)cc1,-3.083,214.062,2.4075,29.1,1,1,1,1,11,1,0,3,0.125,48.4457,0,True
brompyrazone,Nc1cnn(-c2ccccc2)c(=O)c1Br,-3.127,266.098,1.5772,60.91,1,3,1,2,15,2,0,5,0.0,61.9464,0,True
nifedipine,COC(=O)C1=C(C)NC(C)=C(C(=O)OC)C1c1ccccc1[N+](=O)[O-],-4.76,346.339,2.1756,107.77,1,7,4,2,25,1,1,8,0.2941,88.4051,0,True
"2,7-dimethylquinoline",Cc1ccc2ccc(C)nc2c1,-1.94,157.216,2.8516,12.89,0,1,0,2,12,2,0,1,0.1818,51.217,0,True
1-Octyne ,C#CCCCCCC,-3.66,110.2,2.59,0.0,0,0,4,0,8,0,0,0,0.75,37.592,0,True
cyclobarbital,CCC1(C2=CCCCC2)C(=O)NC(=O)NC1=O,-2.17,236.271,1.2492,75.27,2,3,2,2,17,0,2,5,0.5833,60.9564,0,True
Chrysene,c1ccc2c(c1)ccc1c3ccccc3ccc21,-8.057,228.294,5.1462,0.0,0,0,0,4,18,4,0,0,0.0,78.96,1,True
Bromacil,CCC(C)n1c(=O)[nH]c(C)c(Br)c1=O,-2.523,261.119,1.5785,54.86,1,2,2,1,14,1,0,5,0.5556,58.7617,0,True
"2,2',3,3',5,6-PCB",Clc1cccc(-c2c(Cl)c(Cl)cc(Cl)c2Cl)c1Cl,-8.6,360.882,7.274,0.0,0,0,1,2,18,2,0,6,0.0,81.938,1,True
2-Methylphenol,Cc1ccccc1O,-0.62,108.14,1.7006,20.23,1,1,0,1,8,1,0,1,0.1429,32.8438,0,True
"2,2,5-Trimethylhexane",CC(C)CCC(C)(C)C,-5.05,128.259,3.4687,0.0,0,0,2,0,9,0,0,0,1.0,43.527,0,True
"1,4-Dimethylnaphthalene ",Cc1ccc(C)c2ccccc12,-4.14,156.228,3.4566,0.0,0,0,0,2,12,2,0,0,0.1667,53.422,0,True
6-Methylchrysene,Cc1cc2c3ccccc3ccc2c2ccccc12,-6.57,242.321,5.4546,0.0,0,0,0,4,19,4,0,0,0.0526,83.697,1,True
2-Pentanone,CCCC(C)=O,-0.19,86.134,1.3755,17.07,0,1,2,0,6,0,0,1,0.8,25.589,0,True
"2,2',3,3',5,5',6,6'-PCB",Clc1cc(Cl)c(Cl)c(-c2c(Cl)c(Cl)cc(Cl)c2Cl)c1Cl,-9.15,429.772,8.5808,0.0,0,0,1,2,20,2,0,8,0.0,91.958,1,True
Methyl butyrate,CCCOC(=O)CC,-0.82,116.16,1.3496,26.3,0,2,3,0,8,0,0,2,0.8333,31.541,0,True
Triamcinolone,CC12C=CC(=O)C=C1CCC1C3CC(O)C(O)(C(=O)CO)C3(C)CC(O)C12F,-3.68,394.439,0.6205,115.06,4,6,2,4,28,0,4,7,0.7143,96.7872,0,True
p-Aminophenol,Nc1ccc(O)cc1,-0.8,109.128,0.9744,46.25,2,2,0,1,8,1,0,2,0.0,32.5192,0,True
Benznidazole,O=C(Cn1ccnc1[N+](=O)[O-])NCc1ccccc1,-2.81,260.253,1.1077,90.06,1,4,5,2,19,2,0,7,0.1667,67.1701,0,True
"Atovaquone(0,430mg/ml) - neutral",O=C1C(O)=C(C2CCC(c3ccc(Cl)cc3)CC2)C(=O)c2ccccc21,-5.931,366.844,5.5051,54.37,1,3,2,4,26,2,2,4,0.2727,100.9088,1,True
Trietazine,CCNc1nc(Cl)nc(N(CC)CC)n1,-4.06,229.715,1.803,53.94,1,5,5,1,15,1,0,6,0.6667,62.5617,0,True
Pyrazinamide,NC(=O)c1cnccn1,-0.667,123.115,-0.4245,68.87,1,3,1,1,9,1,0,4,0.0,30.5499,0,True
Carbromal,CCC(Br)(CC)C(=O)NC(N)=O,-2.68,237.097,1.135,72.19,2,2,3,0,12,0,0,5,0.7143,49.9661,0,True
"2,2'-PCB",Clc1ccccc1-c1ccccc1Cl,-5.27,223.102,4.6604,0.0,0,0,1,2,14,2,0,2,0.0,61.898,0,True
nitrofurantoin,O=C1CN(N=Cc2ccc([N+](=O)[O-])o2)C(=O)N1,-3.38,238.159,0.0735,118.05,1,6,3,2,17,1,1,9,0.125,53.2011,0,True
Nitrofen,O=[N+]([O-])c1ccc(Oc2ccc(Cl)cc2Cl)cc1,-5.46,284.098,4.6939,52.37,0,3,3,2,18,2,0,6,0.0,69.6324,0,True
Camphor,CC12CCC(CC1=O)C2(C)C,-1.96,152.237,2.4017,17.07,0,1,0,2,11,0,2,1,0.9,44.236,0,True
5-Allyl-5-phenylbarbital,C=CCC1(c2ccccc2)C(=O)NC(=O)NC1=O,-2.369,244.25,0.8665,75.27,2,3,3,2,18,1,1,5,0.1538,64.6154,0,True
Pentyl propanoate,CCCCC(=O)OCC,-2.25,130.187,1.7397,26.3,0,2,4,0,9,0,0,2,0.8571,36.158,0,True
Isopentyl acetate,CC(=O)OCCC(C)C,-1.92,130.187,1.5956,26.3,0,2,3,0,9,0,0,2,0.8571,36.088,0,True
3-Hexanoyloxymethylphenyltoin,CCCCCC(=O)OCN1C(=O)NC(c2ccccc2)(c2ccccc2)C1=O,-5.886,380.444,3.563,75.71,1,4,8,3,28,2,1,6,0.3182,104.1427,0,True
"2,3',5-PCB",Clc1cccc(-c2cc(Cl)ccc2Cl)c1,-6.01,257.547,5.3138,0.0,0,0,1,2,15,2,0,3,0.0,66.908,1,True
1-Bromopropane,CCCBr,-1.73,122.993,1.7913,0.0,0,0,1,0,4,0,0,1,1.0,24.085,0,True
Propiconazole,CCCC1COC(Cn2cncn2)(c2ccc(Cl)cc2Cl)O1,-3.4930000000000003,342.226,3.6534,49.17,0,4,5,3,22,2,1,7,0.4667,83.895,0,True
Formothion,COP(=S)(OC)SCC(=O)N(C)C=O,-1.995,257.273,0.8517,55.84,0,6,6,0,14,0,0,8,0.6667,59.595,0,True
4-methylpteridine,Cc1ncnc2nccnc12,-0.466,146.153,0.7282,51.56,0,4,0,2,11,2,0,4,0.1429,39.865,0,True
Thiourea,NC(N)=S,0.32,76.124,-0.8113,52.04,2,1,0,0,4,0,0,3,0.0,20.9728,0,True
p-Xylene ,Cc1ccc(C)cc1,-2.77,106.168,2.3034,0.0,0,0,0,1,8,1,0,0,0.25,35.916,0,True
"1,2-Diethylbenzene",CCc1ccccc1CC,-3.28,134.222,2.8114,0.0,0,0,2,1,10,1,0,0,0.4,45.198,0,True
Hexachloroethane,ClC(Cl)(Cl)C(Cl)(Cl)Cl,-3.67,236.74,3.7268,0.0,0,0,0,0,8,0,0,6,1.0,40.58,0,True
Flucythrinate,CC(C)C(C(=O)OC(C#N)c1cccc(Oc2ccccc2)c1)c1ccc(OC(F)F)cc1,-6.876,451.469,6.628,68.55,0,5,9,3,33,3,0,7,0.2308,118.057,1,True
1-Nitropropane,CCC[N+](=O)[O-],-0.8,89.094,0.6731,43.14,0,2,2,0,6,0,0,3,1.0,22.1524,0,True
Menthone,CC1CCC(C(C)C)C(=O)C1,-2.35,154.253,2.6477,17.07,0,1,1,1,11,0,1,1,0.9,46.35,0,True
RTI 24,CCN1c2cc(Cl)ccc2NC(=O)c2cccnc21,-5.36,273.723,3.4587,45.23,1,3,1,3,19,2,1,5,0.1429,76.3222,0,True
"2,3-Dichloronitrobenzene",O=[N+]([O-])c1cccc(Cl)c1Cl,-3.48,192.001,2.9016,43.14,0,2,1,1,11,1,0,5,0.0,43.1164,0,True
thiamylal,C=CCC1(C(C)CCC)C(=O)NC(=S)NC1=O,-3.46,254.355,1.516,58.2,2,3,5,1,17,0,1,5,0.5833,70.2024,0,True
Fluoranthene,c1ccc2c(c1)-c1cccc3cccc-2c13,-6.0,202.256,4.4872,0.0,0,0,0,4,16,3,1,0,0.0,68.378,0,True
Propylisopropylether,CCCOC(C)C,-1.34,102.177,1.8214,9.23,0,1,3,0,7,0,0,1,1.0,31.379,0,True
"1,3-Dimethylnaphthalene",Cc1cc(C)c2ccccc2c1,-4.29,156.228,3.4566,0.0,0,0,0,2,12,2,0,0,0.1667,53.422,0,True
diethylstilbestrol,CCC(=C(CC)c1ccc(O)cc1)c1ccc(O)cc1,-4.07,268.356,4.8286,40.46,2,2,4,2,20,2,0,2,0.2222,83.6096,0,True
Chlorothalonil,N#Cc1c(Cl)c(Cl)c(Cl)c(C#N)c1Cl,-5.64,265.914,4.0436,47.58,0,2,0,1,14,1,0,6,0.0,55.912,0,True
"2,3',4',5-PCB",Clc1ccc(Cl)c(-c2ccc(Cl)c(Cl)c2)c1,-7.25,291.992,5.9672,0.0,0,0,1,2,16,2,0,4,0.0,71.918,1,True
styrene oxide,c1ccc(C2CO2)cc1,-1.6,120.151,1.7579,12.53,0,1,1,2,9,1,1,1,0.25,35.135,0,True
Isopropylbenzene ,CC(C)c1ccccc1,-3.27,120.195,2.81,0.0,0,0,1,1,9,1,0,0,0.3333,40.531,0,True
Deoxycorticosterone,CC12CCC(=O)C=C1CCC1C2CCC2(C)C(C(=O)CO)CCC12,-3.45,330.468,3.6959,54.37,1,3,2,4,24,0,4,3,0.8095,92.2928,0,True
chlorquinox,Clc1c(Cl)c(Cl)c2nccnc2c1Cl,-5.43,267.93,4.2434,25.78,0,2,0,2,14,2,0,6,0.0,59.578,0,True
L-arabinose,OC1COC(O)C(O)C1O,0.39,150.13,-2.5823,90.15,4,5,0,1,10,0,1,5,1.0,29.9792,0,True
Dichloromethane,ClCCl,-0.63,84.933,1.4215,0.0,0,0,0,0,3,0,0,2,1.0,16.573,0,True
1-Ethylnaphthalene ,CCc1cccc2ccccc12,-4.17,156.228,3.4022,0.0,0,0,1,2,12,2,0,0,0.1667,53.326,0,True
Methyl formate,COC=O,0.58,60.052,-0.2108,26.3,0,2,1,0,4,0,0,2,0.5,13.073,0,True
o-Nitrophenol,O=[N+]([O-])c1ccccc1O,-1.74,139.11,1.3004,63.37,1,3,1,1,10,1,0,4,0.0,34.7612,0,True
thymine,Cc1c[nH]c(=O)[nH]c1=O,-1.506,126.115,-0.6284,65.72,2,2,0,1,9,1,0,4,0.2,32.4204,0,True
2-Methylpropane,CC(C)C,-2.55,58.124,1.6623,0.0,0,0,0,0,4,0,0,0,1.0,20.512,0,True
Inosine,OCC1OC(n2cnc3c(O)ncnc32)C(O)C1O,-1.23,268.229,-1.8566,133.75,4,8,2,3,19,2,1,9,0.5,59.9972,0,True
Ioxynil,N#Cc1cc(I)c(O)c(I)c1,-3.61,370.915,2.4731,44.02,1,2,0,1,11,1,0,4,0.0,58.2558,0,True
Niclosamide,O=C(Nc1ccc([N+](=O)[O-])cc1Cl)c1cc(Cl)ccc1O,-4.7,327.123,3.8595,92.47,2,4,3,2,21,2,0,8,0.0,79.1764,0,True
Pentane,CCCCC,-3.18,72.151,2.1965,0.0,0,0,2,0,5,0,0,0,1.0,25.199,0,True
Phenol,Oc1ccccc1,0.0,94.113,1.3922,20.23,1,1,0,1,7,1,0,1,0.0,28.1068,0,True
2-aminoanthracene,Nc1ccc2cc3ccccc3cc2c1,-5.17,193.249,3.5752,26.02,1,1,0,3,15,3,0,1,0.0,65.8664,0,True
theobromine,Cn1cnc2c1c(=O)[nH]c(=O)n2C,-2.523,180.167,-1.0397,72.68,1,3,0,2,13,2,0,6,0.2857,46.5757,0,True
Isoquinoline,c1ccc2cnccc2c1,-1.45,129.162,2.2348,12.89,0,1,0,2,10,2,0,1,0.0,41.743,0,True
Anilofos,COP(=S)(OC)SCC(=O)N(c1ccc(Cl)cc1)C(C)C,-4.432,367.86,4.3319,38.77,0,5,7,1,21,1,0,8,0.4615,94.835,0,True
Hexylbenzene ,CCCCCCc1ccccc1,-5.21,162.276,3.8094,0.0,0,0,5,1,12,1,0,0,0.5,54.288,0,True
2-Chlorobiphenyl,Clc1ccccc1-c1ccccc1,-4.54,188.657,4.007,0.0,0,0,1,2,13,2,0,1,0.0,56.888,0,True
2-Methyl-1-Pentene,C=C(C)CCC,-3.03,84.162,2.3626,0.0,0,0,2,0,6,0,0,0,0.6667,29.722,0,True
"2,3,4-Trimethylpentane",CC(C)C(C)C(C)C,-4.8,114.232,2.9345,0.0,0,0,2,0,8,0,0,0,1.0,38.84,0,True
Pentachlorobenzene,Clc1cc(Cl)c(Cl)c(Cl)c1Cl,-5.65,250.339,4.9536,0.0,0,0,0,1,11,1,0,5,0.0,51.492,0,True
m-Nitrophenol,O=[N+]([O-])c1cccc(O)c1,-1.01,139.11,1.3004,63.37,1,3,1,1,10,1,0,4,0.0,34.7612,0,True
1-Decene,C=CCCCCCCCC,-5.51,140.27,3.923,0.0,0,0,7,0,10,0,0,0,0.8,48.19,0,True
Glyceryl triacetate,CC(=O)OCC(COC(C)=O)OC(C)=O,-0.6,218.205,0.0443,78.9,0,6,5,0,15,0,0,6,0.6667,48.82,0,True
dimethirimol,CCCCc1c(C)nc(N(C)C)nc1O,-2.24,209.293,1.8992,49.25,1,4,4,1,15,1,0,4,0.6364,61.3728,0,True
Cyfluthrin,CC1(C)C(C=C(Cl)Cl)C1C(=O)OC(C#N)c1ccc(F)c(Oc2ccccc2)c1,-7.337000000000001,434.294,6.3171,59.32,0,4,6,3,29,2,1,7,0.2727,107.912,1,True
Pyridine,c1ccncc1,0.76,79.102,1.0816,12.89,0,1,0,1,6,1,0,1,0.0,24.237,0,True
1-Bromoheptane,CCCCCCCBr,-4.43,179.101,3.3517,0.0,0,0,5,0,8,0,0,1,1.0,42.553,0,True
"3,4-Dimethylpyridine",Cc1ccncc1C,0.36,107.156,1.6984,12.89,0,1,0,1,8,1,0,1,0.2857,33.711,0,True
Fludrocortisone,CC12CCC(=O)C=C1CCC1C3CCC(O)(C(=O)CO)C3(C)CC(O)C12F,-3.43,380.456,1.8737,94.83,3,5,2,4,27,0,4,6,0.8095,95.4914,0,True
ethiofencarb,CCSCc1ccccc1OC(=O)NC,-2.09,225.313,2.6579,38.33,1,3,4,1,15,1,0,4,0.3636,63.3617,0,True
Malonic acid diethylester,CCOC(=O)CC(=O)OCC,-0.82,160.169,0.5027,52.6,0,4,4,0,11,0,0,4,0.7143,37.883,0,True
d-Limonene,C=C(C)C1CC=C(C)CC1,-4.26,136.238,3.3089,0.0,0,0,1,1,10,0,1,0,0.6,45.912,0,True
Indan,c1ccc2c(c1)CCC2,-3.04,118.179,2.1753,0.0,0,0,0,2,9,1,1,0,0.3333,38.467,0,True
p-t-Butylphenol,CC(C)(C)c1ccc(O)cc1,-2.41,150.221,2.6897,20.23,1,1,0,1,11,1,0,1,0.4,46.8068,0,True
Cyclopropyl-5-spirobarbituric acid,O=C1NC(=O)C2(CC2)C(=O)N1,-1.886,154.125,-0.8674,75.27,2,3,0,2,11,0,2,5,0.5,33.3484,0,True
m-Chloroiodobenzene,Clc1cccc(I)c1,-3.55,238.455,2.9446,0.0,0,0,0,1,8,1,0,2,0.0,44.169,0,True
1-Bromonapthalene,Brc1cccc2ccccc12,-4.35,207.07,3.6023,0.0,0,0,0,2,11,2,0,1,0.0,51.648,0,True
trans-2-Pentene ,C/C=C/CC,-2.54,70.135,1.9725,0.0,0,0,1,0,5,0,0,0,0.6,25.105,0,True
"2,6-Dimethylpyridine",Cc1cccc(C)n1,0.45,107.156,1.6984,12.89,0,1,0,1,8,1,0,1,0.2857,33.711,0,True
Trichloroethylene,ClC=C(Cl)Cl,-1.96,131.389,2.5017,0.0,0,0,0,0,5,0,0,3,0.0,25.642,0,True
1-Napthylamine,Nc1cccc2ccccc12,-1.92,143.189,2.422,26.02,1,1,0,2,11,2,0,1,0.0,48.3604,0,True
m-Xylene ,Cc1cccc(C)c1,-2.82,106.168,2.3034,0.0,0,0,0,1,8,1,0,0,0.25,35.916,0,True
2-hydroxypteridine,Oc1ncc2nccnc2n1,-1.947,148.125,0.1254,71.79,1,5,0,2,11,2,0,5,0.0,36.7928,0,True
Methanol,CO,1.57,32.042,-0.3915,20.23,1,1,0,0,2,0,0,1,1.0,8.1428,0,True
Amobarbital,CCC1(CCC(C)C)C(=O)NC(=O)NC1=O,-2.468,226.276,1.185,75.27,2,3,4,1,16,0,1,5,0.7273,58.4774,0,True
2-Butanone,CCC(C)=O,0.52,72.107,0.9854,17.07,0,1,1,0,5,0,0,1,0.75,20.972,0,True
5-fluorouracil,O=c1[nH]cc(F)c(=O)[nH]1,-1.077,130.078,-0.7977,65.72,2,2,0,1,9,1,0,5,0.0,27.6414,0,True
tubercidin,Nc1ncnc2c1ccn2C1OC(CO)C(O)C1O,-1.95,266.257,-1.375,126.65,4,7,2,3,19,2,1,8,0.4545,64.9498,0,True
"1,3-Benzenediol",Oc1cccc(O)c1,0.81,110.112,1.0978,40.46,2,2,0,1,8,1,0,2,0.0,29.7716,0,True
1-Hexanol,CCCCCCO,-1.24,102.177,1.559,20.23,1,1,4,0,7,0,0,1,1.0,31.2278,0,True
1-Chloropentane,CCCCCCl,-2.73,106.596,2.4154,0.0,0,0,3,0,6,0,0,1,1.0,30.245,0,True
"1,3-Butadiene",C=CC=C,-1.87,54.092,1.3584,0.0,0,0,1,0,4,0,0,0,0.0,20.394,0,True
Propyl acetate,CCCOC(C)=O,-0.72,102.133,0.9595,26.3,0,2,2,0,7,0,0,2,0.8,26.924,0,True
"5,6,7,8-tetrahydro-2-naphthol",Oc1ccc2c(c1)CCCC2,-1.99,148.205,2.271,20.23,1,1,0,2,11,1,1,1,0.4,44.7488,0,True
chloroacetamide,NC(=O)CCl,-0.02,93.513,-0.2895,43.09,1,1,1,0,5,0,0,3,0.5,19.9144,0,True
Iodofenphos,COP(=S)(OC)Oc1cc(Cl)c(I)cc1Cl,-6.62,413.0,4.4941,27.69,0,4,4,1,16,1,0,8,0.25,78.11,0,True
4-Chlorotoluene,Cc1ccc(Cl)cc1,-3.08,126.586,2.6484,0.0,0,0,0,1,8,1,0,1,0.1429,36.189,0,True
Metribuzin,CSc1nnc(C(C)(C)C)c(=O)n1N,-2.253,214.294,0.3715,73.8,1,5,1,1,14,1,0,6,0.625,56.9234,0,True
Tricresyl phosphate,Cc1ccc(OP(=O)(Oc2cccc(C)c2)Oc2ccccc2C)cc1,-6.01,368.369,6.2568,44.76,0,4,6,3,26,3,0,5,0.1429,103.0275,1,True
Caproaldehyde,CCCCCC=O,-1.3,100.161,1.7656,17.07,0,1,4,0,7,0,0,1,0.8333,30.206,0,True
Butamben,CCCCOC(=O)c1ccc(N)cc1,-3.082,193.246,2.2257,52.32,1,3,4,1,14,1,0,3,0.3636,56.0449,0,True
RTI 3,Cc1ccc2c(c1)Oc1ncc(N)cc1C(=O)N2C,-3.043,255.277,2.3545,68.45,1,4,0,3,19,2,1,5,0.1429,72.6359,0,True
Nerol,CC(C)=CCC/C(C)=C\CO,-2.46,154.253,2.6714,20.23,1,1,4,0,11,0,0,1,0.6,49.5078,0,True
"2,4'-PCB",Clc1ccc(-c2ccccc2Cl)cc1,-5.28,223.102,4.6604,0.0,0,0,1,2,14,2,0,2,0.0,61.898,0,True
3-Octanoyloxymethylphenytoin,CCCCCCCC(=O)OCN1C(=O)NC(c2ccccc2)(c2ccccc2)C1=O,-6.523,408.498,4.3432,75.71,1,4,10,3,30,2,1,6,0.375,113.3767,0,True
Nitroethane,CC[N+](=O)[O-],-0.22,75.067,0.283,43.14,0,2,1,0,5,0,0,3,1.0,17.5354,0,True
Ethalfluralin,C=C(C)CN(CC)c1c([N+](=O)[O-])cc(C(F)(F)F)cc1[N+](=O)[O-],-6.124,333.266,3.9242,89.52,0,5,6,1,23,1,0,10,0.3846,77.4538,0,True
"1,2,3,4-Tetrachlorobenzene",Clc1ccc(Cl)c(Cl)c1Cl,-4.57,215.894,4.3002,0.0,0,0,0,1,10,1,0,4,0.0,46.482,0,True
Meprobamate,CCCC(C)(COC(N)=O)COC(N)=O,-1.807,218.253,0.9834,104.64,2,4,6,0,15,0,0,6,0.7778,54.0858,0,True
pregnenolone,CC(=O)C1CCC2C3CC=C4CC(O)CCC4(C)C3CCC12C,-4.65,316.485,4.5153,37.3,1,2,1,4,23,0,4,2,0.8571,91.8808,0,True
Iodomethane,CI,-1.0,141.939,1.0512,0.0,0,0,0,0,2,0,0,1,1.0,19.944,0,True
cycloheximide,CC1CC(C)C(=O)C(C(O)CC2CC(=O)NC(=O)C2)C1,-1.13,281.352,1.0415,83.47,2,4,3,2,20,0,2,5,0.8,72.5565,0,True
3-Heptanoyloxymethylphenytoin,CCCCCCC(=O)OCN1C(=O)NC(c2ccccc2)(c2ccccc2)C1=O,-6.301,394.471,3.9531,75.71,1,4,9,3,29,2,1,6,0.3478,108.7597,0,True
isophorone,CC1=CC(=O)CC(C)(C)C1,-1.06,138.21,2.3218,17.07,0,1,0,1,10,0,1,1,0.6667,41.779,0,True
Butabarbital,CCC(C)C1(CC)C(=O)NC(=O)NC1=O,-2.39,212.249,0.7949,75.27,2,3,3,1,15,0,1,5,0.7,53.8604,0,True
5-Nonanone,CCCCC(=O)CCCC,-2.58,142.242,2.9359,17.07,0,1,6,0,10,0,0,1,0.8889,44.057,0,True
Glutethimide,CCC1(c2ccccc2)CCC(=O)NC1=O,-2.337,217.268,1.771,46.17,1,2,2,2,16,1,1,3,0.3846,60.7947,0,True
3-Methylpentane,CCC(C)CC,-3.68,86.178,2.4425,0.0,0,0,2,0,6,0,0,0,1.0,29.746,0,True
Etofenprox,CCOc1ccc(C(C)(C)COCc2cccc(Oc3ccccc3)c2)cc1,-8.6,376.496,6.372,27.69,0,3,9,3,28,3,0,3,0.28,113.251,1,True
Methaqualone,Cc1ccccc1-n1c(C)nc2ccccc2c1=O,-2.925,250.301,3.0025,34.89,0,2,1,3,19,3,0,3,0.125,76.814,0,True
Chloroacetonitrile,N#CCCl,-0.092,75.498,0.7488,23.79,0,1,0,0,4,0,0,2,0.5,16.333,0,True
Trichloronate,CCOP(=S)(CC)Oc1cc(Cl)c(Cl)cc1Cl,-5.752000000000001,333.604,5.3915,18.46,0,3,5,1,17,1,0,7,0.4,78.552,1,True
Ethisterone,C#CC1(O)CCC2C3CCC4=CC(=O)CCC4(C)C3CCC21C,-5.66,312.453,3.8826,37.3,1,2,0,4,23,0,4,2,0.7619,90.4928,0,True
Pyridazine,c1ccnnc1,1.1,80.09,0.4766,25.78,0,2,0,1,6,1,0,2,0.0,22.032,0,True
"1,2,3,5-Tetrachlorobenzene",Clc1cc(Cl)c(Cl)c(Cl)c1,-4.63,215.894,4.3002,0.0,0,0,0,1,10,1,0,4,0.0,46.482,0,True
Diosgenin,CC1COC2CC3(C)C(CC4C5C=C6CC(O)CCC6(C)CC5CCC43C)OC2C1,-7.32,414.63,5.5088,38.69,1,3,0,6,30,0,6,3,0.9259,117.9988,1,True
o-Aminophenol,Nc1ccccc1O,-0.72,109.128,0.9744,46.25,2,2,0,1,8,1,0,2,0.0,32.5192,0,True
Ethyl nonanoate,CCCCCCCCC(=O)OCC,-3.8,186.295,3.3001,26.3,0,2,8,0,13,0,0,2,0.9091,54.626,0,True
metalaxyl,COCC(=O)N(c1c(C)cccc1C)C(C)C(=O)OC,-1.601,279.336,1.8443,55.84,0,4,5,1,20,1,0,5,0.4667,76.756,0,True
Propoxur,CNC(=O)Oc1ccccc1OC(C)C,-2.05,209.245,2.192,47.56,1,3,3,1,15,1,0,4,0.3636,57.2897,0,True
2-Chlorobutane,CCC(C)Cl,-1.96,92.569,2.0237,0.0,0,0,1,0,5,0,0,1,1.0,25.606,0,True
2-Napthol,Oc1ccc2ccccc2c1,-2.28,144.173,2.5454,20.23,1,1,0,2,11,2,0,1,0.0,45.6128,0,True
Oxadiazon,CC(C)Oc1cc(-n2nc(C(C)(C)C)oc2=O)c(Cl)cc1Cl,-5.696000000000001,345.226,4.217,57.26,0,4,3,2,22,2,0,7,0.4667,86.584,0,True
1-Hexyne ,C#CCCCC,-2.36,82.146,1.8098,0.0,0,0,2,0,6,0,0,0,0.6667,28.358,0,True
1-Nonyne ,C#CCCCCCCC,-4.24,124.227,2.9801,0.0,0,0,5,0,9,0,0,0,0.7778,42.209,0,True
2-Chlorotoluene,Cc1ccccc1Cl,-3.52,126.586,2.6484,0.0,0,0,0,1,8,1,0,1,0.1429,36.189,0,True
Diisopropyl ether ,CC(C)OC(C)C,-1.1,102.177,1.8198,9.23,0,1,2,0,7,0,0,1,1.0,31.357,0,True
Dapsone,Nc1ccc(S(=O)(=O)c2ccc(N)cc2)cc1,-3.094,248.307,1.6838,86.18,2,4,2,2,17,2,0,5,0.0,67.1606,0,True
Methyl hydrazine,CNN,1.34,46.073,-0.9205,38.05,2,2,0,0,3,0,0,2,1.0,13.2471,0,True
Propyne,C#CC,-0.41,40.065,0.6395,0.0,0,0,0,0,3,0,0,0,0.3333,14.507,0,True
Phoxim,CCOP(=S)(OCC)ON=C(C#N)c1ccccc1,-4.862,298.304,3.2284,63.84,0,6,7,1,19,1,0,7,0.3333,77.214,0,True
Propetamphos,CCNP(=S)(OC)OC(C)=CC(=O)OC(C)C,-3.408,281.314,2.3388,56.79,1,5,7,0,17,0,0,7,0.7,71.0407,0,True
Acrolein,C=CC=O,0.57,56.064,0.3713,17.07,0,1,1,0,4,0,0,1,0.0,16.261,0,True
Hypoxanthine,O=c1[nH]cnc2nc[nH]c12,-2.296,136.114,-0.3538,74.43,2,3,0,2,10,2,0,5,0.0,34.5094,0,True
6-hydroxyquinoline,Oc1ccc2ncccc2c1,-2.16,145.161,1.9404,33.12,1,2,0,2,11,2,0,2,0.0,43.4078,0,True
Fluorobenzene,Fc1ccccc1,-1.8,96.104,1.8257,0.0,0,0,0,1,7,1,0,1,0.0,26.4,0,True
1-Chloropropane,CCCCl,-1.47,78.542,1.6352,0.0,0,0,1,0,4,0,0,1,1.0,21.011,0,True
Ethyl acetate,CCOC(C)=O,-0.04,88.106,0.5694,26.3,0,2,1,0,6,0,0,2,0.75,22.307,0,True
"2,2-Dimethylpentane",CCCC(C)(C)C,-4.36,100.205,2.8326,0.0,0,0,1,0,7,0,0,0,1.0,34.363,0,True
Pentamethylbenzene,Cc1cc(C)c(C)c(C)c1C,-4.0,148.249,3.2287,0.0,0,0,0,1,11,1,0,0,0.4545,50.127,0,True
eucalyptol,CC12CCC(CC1)C(C)(C)O2,-1.64,154.253,2.7441,9.23,0,1,0,3,11,0,3,1,1.0,45.527,0,True
dibutyl sebacate,CCCCOC(=O)CCCCCCCCC(=O)OCCCC,-3.896,314.466,4.7938,52.6,0,4,15,0,22,0,0,4,0.8889,88.67,0,True
"4,4'-PCB",Clc1ccc(-c2ccc(Cl)cc2)cc1,-6.56,223.102,4.6604,0.0,0,0,1,2,14,2,0,2,0.0,61.898,0,True
"2,3-Dimethylpyridine",Cc1cccnc1C,0.38,107.156,1.6984,12.89,0,1,0,1,8,1,0,1,0.2857,33.711,0,True
Carvone,C=C(C)C1CC=C(C)C(=O)C1,-2.06,150.221,2.4879,17.07,0,1,1,1,11,0,1,1,0.5,46.302,0,True
Carbophenthion,CCOP(=S)(OCC)SCSc1ccc(Cl)cc1,-5.736000000000001,342.875,5.4203,18.46,0,5,8,1,18,1,0,7,0.4545,87.304,1,True
"Etoposide (148-167,25mg/ml)",COc1cc(C2c3cc4c(cc3C(OC3OC5COC(C)OC5C(O)C3O)C3COC(=O)C23)OCO4)cc(OC)c1O,-3.571,588.562,1.3386,160.83,3,13,5,7,42,2,5,13,0.5517,138.3454,2,False
Perylene,c1cc2cccc3c4cccc5cccc(c(c1)c23)c54,-8.804,252.316,5.7372,0.0,0,0,0,5,20,5,0,0,0.0,87.652,1,True
"2,4-Dinitrotoluene",Cc1ccc([N+](=O)[O-])cc1[N+](=O)[O-],-2.82,182.135,1.8114,86.28,0,4,2,1,13,1,0,6,0.1429,44.4878,0,True
2-bromonaphthalene,Brc1ccc2ccccc2c1,-4.4,207.07,3.6023,0.0,0,0,0,2,11,2,0,1,0.0,51.648,0,True
Formetanate,CNC(=O)Oc1cccc(N=CN(C)C)c1,-2.34,221.26,1.6262,53.93,1,3,3,1,16,1,0,5,0.2727,63.3647,0,True
6-methoxypteridine,COc1cnc2ncncc2n1,-1.139,162.152,0.4284,60.79,0,5,1,2,12,2,0,5,0.1429,41.68,0,True
nevirapine,Cc1ccnc2c1NC(=O)c1cccnc1N2C1CC1,-3.19,266.304,2.6512,58.12,1,4,1,4,20,2,2,5,0.2667,76.3252,0,True
Isazofos,CCOP(=S)(OCC)Oc1nc(Cl)n(C(C)C)n1,-3.658,313.747,3.1887,58.4,0,6,7,1,18,1,0,9,0.7778,73.582,0,True
"2-Methyl-1,3-Butadiene ",C=CC(=C)C,-2.03,68.119,1.7485,0.0,0,0,1,0,5,0,0,0,0.2,25.011,0,True
linalool,C=CC(C)(O)CCC=C(C)C,-1.99,154.253,2.6698,20.23,1,1,4,0,11,0,0,1,0.6,49.4858,0,True
Fenthion,COP(=S)(OC)Oc1ccc(SC)c(C)c1,-4.57,278.335,3.613,27.69,0,5,5,1,16,1,0,6,0.4,71.891,0,True
Cyclohexanol ,OC1CCCCC1,-0.44,100.161,1.3114,20.23,1,1,0,1,7,0,1,1,1.0,29.0918,0,True
5-Allyl-5-methylbarbital,C=CCC1(C)C(=O)NC(=O)NC1=O,-1.16,182.179,-0.0652,75.27,2,3,2,1,13,0,1,5,0.375,44.6024,0,True
Epiandrosterone,CC12CCC3C(CCC4CC(O)CCC43C)C1CCC2=O,-4.16,290.447,3.9591,37.3,1,2,0,4,21,0,4,2,0.9474,82.7408,0,True
mannitol,OCC(O)C(O)C(O)C(O)CO,0.06,182.172,-3.5854,121.38,6,6,5,0,12,0,0,6,1.0,38.1988,1,True
4-Methylbiphenyl,Cc1ccc(-c2ccccc2)cc1,-4.62,168.239,3.662,0.0,0,0,1,2,13,2,0,0,0.0769,56.615,0,True
Atrazine,CCNc1nc(Cl)nc(NC(C)C)n1,-3.85,215.688,1.7771,62.73,2,5,4,1,14,1,0,6,0.625,57.7594,0,True
Phenylthiourea,NC(=S)Nc1ccccc1,-1.77,152.222,1.3421,38.05,2,1,1,1,10,1,0,3,0.0,46.8501,0,True
4-Heptanone,CCCC(=O)CCC,-1.3,114.188,2.1557,17.07,0,1,4,0,8,0,0,1,0.8571,34.823,0,True
"3,3-Dimethyl-2-butanone",CC(=O)C(C)(C)C,-0.72,100.161,1.6215,17.07,0,1,0,0,7,0,0,1,0.8333,30.136,0,True
4-Chlorophenol ,Oc1ccc(Cl)cc1,-0.7,128.558,2.0456,20.23,1,1,0,1,8,1,0,2,0.0,33.1168,0,True
Cyclohexanone,O=C1CCCCC1,-0.6,98.145,1.5196,17.07,0,1,0,1,7,0,1,1,0.8333,28.092,0,True
m-Methylaniline,Cc1cccc(N)c1,-0.85,107.156,1.5772,26.02,1,1,0,1,8,1,0,1,0.1429,35.5914,0,True
Trichloroacetonitrile,N#CC(Cl)(Cl)Cl,-2.168,144.388,1.8802,23.79,0,1,0,0,6,0,0,4,0.5,25.903,0,True
norflurazon,CNc1cnn(-c2cccc(C(F)(F)F)c2)c(=O)c1Cl,-4.046,303.671,2.9464,46.92,1,3,2,2,20,2,0,8,0.1667,69.3927,0,True
2-Decanone,CCCCCCCCC(C)=O,-3.3,156.269,3.326,17.07,0,1,7,0,11,0,0,1,0.9,48.674,0,True
Ipazine,CCN(CC)c1nc(Cl)nc(NC(C)C)n1,-3.785,243.742,2.1915,53.94,1,5,5,1,16,1,0,6,0.7,67.1567,0,True
Benzocaine,CCOC(=O)c1ccc(N)cc1,-2.616,165.192,1.4455,52.32,1,3,2,1,12,1,0,3,0.2222,46.8109,0,True
"1,2,4-Trichlorobenzene",Clc1ccc(Cl)c(Cl)c1,-3.59,181.449,3.6468,0.0,0,0,0,1,9,1,0,3,0.0,41.472,0,True
Triazolam,Cc1nnc2n1-c1ccc(Cl)cc1C(c1ccccc1Cl)=NC2,-4.09,343.217,4.2335,43.07,0,3,1,4,23,3,1,6,0.1176,91.901,0,True
"1,2-Benzenediol",Oc1ccccc1O,0.62,110.112,1.0978,40.46,2,2,0,1,8,1,0,2,0.0,29.7716,0,True
Reverse Transcriptase inhibitor 1,CCN1c2ncccc2C(=O)N(C)c2cccnc21,-2.62,254.293,2.2246,49.33,0,4,1,3,19,2,1,5,0.2143,73.8875,0,True
Dimethyl sulfide,CSC,-0.45,62.137,0.9792,0.0,0,1,0,0,3,0,0,1,1.0,19.439,0,True
2-Bromotoluene,Cc1ccccc1Br,-2.23,171.037,2.7575,0.0,0,0,0,1,8,1,0,1,0.1429,38.879,0,True
O-Ethyl carbamate,CCOC(N)=O,0.85,89.094,0.1016,52.32,1,2,1,0,6,0,0,3,0.6667,21.2094,0,True
megestrol acetate,CC(=O)OC1(C(C)=O)CCC2C3C=C(C)C4=CC(=O)CCC4(C)C3CCC21C,-5.35,384.516,4.5753,60.44,0,4,2,4,28,0,4,4,0.7083,106.411,0,True
"2,4-Dimethyl-3-pentanol",CC(C)C(O)C(C)C,-1.22,116.204,1.6593,20.23,1,1,2,0,8,0,0,1,1.0,35.6828,0,True
Napthalene,c1ccc2ccccc2c1,-3.6,128.174,2.8398,0.0,0,0,0,2,10,2,0,0,0.0,43.948,0,True
N-Ethylaniline,CCNc1ccccc1,-1.7,121.183,2.1184,12.03,1,1,2,1,9,1,0,1,0.25,40.6057,0,True
Phenytoin,O=C1NC(=O)C(c2ccccc2)(c2ccccc2)N1,-4.097,252.273,1.7696,58.2,2,2,2,3,19,2,1,4,0.0667,70.3384,0,True
"7,12-Dimethylbenz(a)anthracene",Cc1c2ccccc2c(C)c2c1ccc1ccccc12,-7.02,256.348,5.763,0.0,0,0,0,4,20,4,0,0,0.1,88.434,1,True
Dialifor,CCOP(=S)(OCC)SC(CCl)N1C(=O)c2ccccc2C1=O,-6.34,393.854,3.8782,55.84,0,6,8,2,23,1,1,9,0.4286,96.578,0,True
Methoxychlor,COc1ccc(C(c2ccc(OC)cc2)C(Cl)(Cl)Cl)cc1,-6.89,345.653,5.2059,18.46,0,2,4,2,21,2,0,5,0.25,88.121,1,True
TEFLUBENZURON,O=C(NC(=O)c1c(F)cccc1F)Nc1cc(Cl)c(F)c(Cl)c1F,-7.28,381.112,4.5117,58.2,2,2,2,2,24,2,0,10,0.0,79.2209,0,True
3-Pentanoyloxymethylphenytoin,CCCCC(=O)OCN1C(=O)NC(c2ccccc2)(c2ccccc2)C1=O,-4.678,366.417,3.1729,75.71,1,4,7,3,27,2,1,6,0.2857,99.5257,0,True
Monuron,CN(C)C(=O)Nc1ccc(Cl)cc1,-2.89,198.653,2.4335,32.34,1,1,1,1,13,1,0,4,0.2222,54.1577,0,True
Flutriafol,OC(Cn1cncn1)(c1ccc(F)cc1)c1ccccc1F,-3.37,301.296,2.4924,50.94,1,3,4,3,22,3,0,6,0.125,75.8208,0,True
triamcinolone diacetate,CC(=O)OCC(=O)C1(O)C(OC(C)=O)CC2C3CCC4=CC(=O)C=CC4(C)C3(F)C(O)CC21C,-4.13,478.513,1.7621,127.2,2,8,4,4,34,0,4,9,0.68,115.8816,0,True
1-Bromobutane,CCCCBr,-2.37,137.02,2.1814,0.0,0,0,2,0,5,0,0,1,1.0,28.702,0,True
"1,2,4,5-Tetrabromobenzene",Brc1cc(Br)c(Br)cc1Br,-6.98,393.698,4.7366,0.0,0,0,0,1,10,1,0,4,0.0,57.242,0,True
4-Methyl-2-pentanone,CC(=O)CC(C)C,-0.74,100.161,1.6215,17.07,0,1,2,0,7,0,0,1,0.8333,30.136,0,True
cycloate,CCSC(=O)N(CC)C1CCCCC1,-3.4,215.362,3.5141,20.31,0,2,3,1,14,0,1,3,0.9091,62.781,0,True
4-Chloroanisole,COc1ccc(Cl)cc1,-2.78,142.585,2.3486,9.23,0,1,1,1,9,1,0,2,0.1429,38.004,0,True
Deltamethrin,CC1(C)C(C=C(Br)Br)C1C(=O)OC(C#N)c1cccc(Oc2ccccc2)c1,-8.402000000000001,505.206,6.4902,59.32,0,4,6,3,28,2,1,6,0.2727,114.102,2,False
Talbutal,C=CCC1(C(C)CC)C(=O)NC(=O)NC1=O,-2.016,224.26,0.961,75.27,2,3,4,1,16,0,1,5,0.5455,58.3834,0,True
Fenitrothion,COP(=S)(OC)Oc1ccc([N+](=O)[O-])c(C)c1,-4.04,277.238,2.7993,70.83,0,6,5,1,17,1,0,8,0.3333,66.7644,0,True
1-Iodonapthalene,Ic1cccc2ccccc12,-4.55,254.07,3.4444,0.0,0,0,0,2,11,2,0,1,0.0,56.665,0,True
Sorbitol,OCC(O)C(O)C(O)C(O)CO,1.09,182.172,-3.5854,121.38,6,6,5,0,12,0,0,6,1.0,38.1988,1,True
Ethanethiol,CCS,-0.6,62.137,0.9361,0.0,1,1,0,0,3,0,0,1,1.0,19.527,0,True
"1,1,2-Trichloroethane",ClCC(Cl)Cl,-1.48,133.405,2.0289,0.0,0,0,1,0,5,0,0,3,1.0,26.214,0,True
Pyrolan,Cc1cc(OC(=O)N(C)C)n(-c2ccccc2)n1,-2.09,245.282,2.2411,47.36,0,3,2,2,18,2,0,5,0.2308,68.012,0,True
o-Hydroxybenzamide,NC(=O)c1ccccc1O,-1.82,137.138,0.4911,63.32,2,2,1,1,10,1,0,3,0.0,36.6247,0,True
o-Nitrotoluene,Cc1ccccc1[N+](=O)[O-],-2.33,137.138,1.9032,43.14,0,2,1,1,10,1,0,3,0.1429,37.8334,0,True
"5,5-Diisopropylbarbital",CC(C)C1(C(C)C)C(=O)NC(=O)NC1=O,-2.766,212.249,0.6508,75.27,2,3,2,1,15,0,1,5,0.7,53.7904,0,True
2-Ethyltoluene,CCc1ccccc1C,-3.21,120.195,2.5574,0.0,0,0,1,1,9,1,0,0,0.3333,40.557,0,True
1-Chloroheptane,CCCCCCCCl,-4.0,134.65,3.1956,0.0,0,0,5,0,8,0,0,1,1.0,39.479,0,True
Barbital,CCC1(CC)C(=O)NC(=O)NC1=O,-2.4,184.195,0.1588,75.27,2,3,2,1,13,0,1,5,0.625,44.6964,0,True
Bibenzyl ,c1ccc(CCc2ccccc2)cc1,-4.62,182.266,3.4718,0.0,0,0,3,2,14,2,0,0,0.1429,60.292,0,True
"1,1,2,2-Tetrachloroethane",ClC(Cl)C(Cl)Cl,-1.74,167.85,2.5938,0.0,0,0,1,0,6,0,0,4,1.0,30.988,0,True
RTI 23,CCN1c2cc(OC)cc(C)c2NC(=O)c2cccnc21,-5.153,283.331,3.1223,54.46,1,4,2,3,21,2,1,5,0.25,82.6012,0,True
2-Methylphenanthrene,Cc1ccc2c(ccc3ccccc32)c1,-5.84,192.261,4.3014,0.0,0,0,0,3,15,3,0,0,0.0667,66.191,0,True
dibutylphthalate,CCCCOC(=O)c1ccccc1C(=O)OCCCC,-4.4,278.348,3.6004,52.6,0,4,8,1,20,1,0,4,0.5,76.823,0,True
tetrachloroguaiacol,COc1c(O)c(Cl)c(Cl)c(Cl)c1Cl,-4.02,261.919,4.0144,29.46,1,2,1,1,13,1,0,6,0.1429,54.6988,0,True
Dimecron,CCN(CC)C(=O)C(Cl)=CCOP(=O)(OC)OC,0.523,299.691,2.395,65.07,0,5,8,0,18,0,0,8,0.7,69.4405,0,True
Equilin,CC12CCC3C(=CCc4cc(O)ccc43)C1CCC2=O,-5.282,268.356,3.7375,37.3,1,2,0,4,20,1,3,2,0.5,77.7068,0,True
Chlorimuron-ethyl (ph 7),CCOC(=O)c1ccccc1S(=O)(=O)NN(C=O)c1nc(Cl)cc(OC)n1,-4.5760000000000005,414.827,1.1716,127.79,1,8,8,2,27,2,0,12,0.2,94.857,0,True
p-Nitroanisole,COc1ccc([N+](=O)[O-])cc1,-2.41,153.137,1.6034,52.37,0,3,2,1,11,1,0,4,0.1429,39.6484,0,True
1-Chlorohexane,CCCCCCCl,-3.12,120.623,2.8055,0.0,0,0,4,0,7,0,0,1,1.0,34.862,0,True
"2,2',3,3',4,4',5,5'-PCB",Clc1cc(-c2cc(Cl)c(Cl)c(Cl)c2Cl)c(Cl)c(Cl)c1Cl,-9.16,429.772,8.5808,0.0,0,0,1,2,20,2,0,8,0.0,91.958,1,True
Raffinose,OCC1OC(OCC2OC(OC3(CO)OC(CO)C(O)C3O)C(O)C(O)C2O)C(O)C(O)C1O,-0.41,504.438,-7.5714,268.68,11,16,8,3,34,0,3,16,1.0,101.2748,3,False
hexacosane,CCCCCCCCCCCCCCCCCCCCCCCCCC,-8.334,366.718,10.3886,0.0,0,0,23,0,26,0,0,0,1.0,122.156,1,True
RTI 5,CCN1c2ccccc2N(C)C(=O)c2cccnc21,-3.324,253.305,2.8296,36.44,0,3,1,3,19,2,1,4,0.2,76.0925,0,True
"1,1-Dichloroethane",CC(Cl)Cl,-1.29,98.96,1.81,0.0,0,0,0,0,4,0,0,2,1.0,21.168,0,True
Sulfanilamide,Nc1ccc(S(N)(=O)=O)cc1,-1.34,172.209,-0.0838,86.18,2,3,1,1,11,1,0,5,0.0,42.2276,0,True
Isopropalin,CCCN(CCC)c1c([N+](=O)[O-])cc(C(C)C)cc1[N+](=O)[O-],-6.49,309.366,4.2528,89.52,0,5,8,1,22,1,0,7,0.6,86.6348,0,True
Lindane,ClC1C(Cl)C(Cl)C(Cl)C(Cl)C1Cl,-4.64,290.832,3.6444,0.0,0,0,0,1,12,0,1,6,1.0,57.846,0,True
Isofenphos,CCOP(=S)(NC(C)C)Oc1ccccc1C(=O)OC(C)C,-4.194,345.401,3.8896,56.79,1,5,8,1,22,1,0,7,0.5333,91.8042,0,True
"1,2,3-Trichlorobenzene",Clc1cccc(Cl)c1Cl,-4.0,181.449,3.6468,0.0,0,0,0,1,9,1,0,3,0.0,41.472,0,True
Tetrachloromethane,ClC(Cl)(Cl)Cl,-2.31,153.823,2.5529,0.0,0,0,0,0,5,0,0,4,1.0,26.143,0,True
"3,4-Dichloronitrobenzene",O=[N+]([O-])c1ccc(Cl)c(Cl)c1,-3.2,192.001,2.9016,43.14,0,2,1,1,11,1,0,5,0.0,43.1164,0,True
Cyclooctanol,OC1CCCCCCC1,-1.29,128.215,2.0916,20.23,1,1,0,1,9,0,1,1,1.0,38.3258,0,True
17a-Methyltestosterone,CC12CCC(=O)C=C1CCC1C2CCC2(C)C1CCC2(C)O,-3.999,302.458,4.2693,37.3,1,2,0,4,22,0,4,2,0.85,87.3338,0,True
Dulcin,CCOc1ccc(NC(N)=O)cc1,-2.17,180.207,1.5759,64.35,2,2,3,1,13,1,0,4,0.2222,50.8171,0,True
"trans-1,4-Dimethylcyclohexane",CC1CCC(C)CC1,-4.47,112.216,2.8326,0.0,0,0,0,1,8,0,1,0,1.0,36.796,0,True
"1,7-phenantroline",c1cnc2c(c1)ccc1ncccc12,-2.68,180.21,2.783,25.78,0,2,0,3,14,3,0,2,0.0,57.044,0,True
Methyl t-butyl ether ,COC(C)(C)C,-0.24,88.15,1.4313,9.23,0,1,0,0,6,0,0,1,1.0,26.762,0,True
Anethole,CC=Cc1ccc(OC)cc1,-3.13,148.205,2.7283,9.23,0,1,2,1,11,1,0,1,0.2,47.702,0,True
1-Hexadecanol,CCCCCCCCCCCCCCCCO,-7.0,242.447,5.46,20.23,1,1,14,0,17,0,0,1,1.0,77.3978,1,True
uracil,O=c1cc[nH]c(=O)[nH]1,-1.4880000000000002,112.088,-0.9368,65.72,2,2,0,1,8,1,0,4,0.0,27.6834,0,True
adenine,Nc1ncnc2nc[nH]c12,-2.12,135.13,-0.0649,80.48,2,4,0,2,10,2,0,5,0.0,36.0961,0,True
"2,2',3,4,5-PCB",Clc1cc(Cl)c(-c2cccc(Cl)c2Cl)cc1Cl,-7.21,326.437,6.6206,0.0,0,0,1,2,17,2,0,5,0.0,76.928,1,True
Ancymidol,COc1ccc(C(O)(c2cncnc2)C2CC2)cc1,-2.596,256.305,2.1311,55.24,1,4,4,3,19,2,1,4,0.3333,70.7488,0,True
Benzo(b)fluoranthene,c1ccc2c(c1)-c1cccc3c1c-2cc1ccccc13,-8.23,252.316,5.6404,0.0,0,0,0,5,20,4,1,0,0.0,85.884,1,True
Carbanilide,O=C(Nc1ccccc1)Nc1ccccc1,-3.15,212.252,3.3306,41.13,2,1,2,2,16,2,0,3,0.0,65.5254,0,True
phenobarbital,CCC1(c2ccccc2)C(=O)NC(=O)NC1=O,-2.322,232.239,0.7004,75.27,2,3,2,2,17,1,1,5,0.25,60.0924,0,True
"2',3,4-PCB",Clc1ccc(-c2cccc(Cl)c2Cl)cc1,-6.29,257.547,5.3138,0.0,0,0,1,2,15,2,0,3,0.0,66.908,1,True
Isoproturon,CC(C)c1ccc(NC(=O)N(C)C)cc1,-3.536,206.289,2.9035,32.34,1,1,2,1,15,1,0,3,0.4167,63.2367,0,True
Azintamide,CCN(CC)C(=O)CSc1ccc(Cl)nn1,-1.716,259.762,2.0905,46.09,0,4,5,1,16,1,0,6,0.5,65.694,0,True
"2,2-Dimethyl-1-butanol",CCC(C)(C)CO,-1.04,102.177,1.4149,20.23,1,1,2,0,7,0,0,1,1.0,31.1578,0,True
Ethyl pentanoate,CCCOC(=O)CCC,-1.75,130.187,1.7397,26.3,0,2,4,0,9,0,0,2,0.8571,36.158,0,True
"2,4,6-Trinitrotoluene",Cc1c([N+](=O)[O-])cc([N+](=O)[O-])cc1[N+](=O)[O-],-3.22,227.132,1.7196,129.42,0,6,3,1,16,1,0,9,0.1429,51.1422,0,True
Bensulide,CC(C)OP(=S)(OC(C)C)SCCNS(=O)(=O)c1ccccc1,-4.2,397.524,3.7726,64.63,1,6,10,1,23,1,0,9,0.5714,100.8155,0,True
Cycloheptane,C1CCCCCC1,-3.51,98.189,2.7307,0.0,0,0,0,1,7,0,1,0,1.0,32.319,0,True
Propyl formate,CCCOC=O,-0.49,88.106,0.5694,26.3,0,2,3,0,6,0,0,2,0.75,22.307,0,True
2-Isopropyltoluene,Cc1ccccc1C(C)C,-3.76,134.222,3.1184,0.0,0,0,1,1,10,1,0,0,0.4,45.268,0,True
m-Chloroaniline,Nc1cccc(Cl)c1,-1.37,127.574,1.9222,26.02,1,1,0,1,8,1,0,2,0.0,35.8644,0,True
"2,4-Dimethylpentane",CC(C)CC(C)C,-4.26,100.205,2.6885,0.0,0,0,2,0,7,0,0,0,1.0,34.293,0,True
Dibenzofurane,c1ccc2c(c1)oc1ccccc12,-4.6,168.195,3.586,13.14,0,1,0,3,13,3,0,1,0.0,53.72,0,True
ethofumesate,CCOC1Oc2ccc(OS(C)(=O)=O)cc2C1(C)C,-3.42,286.349,2.0576,61.83,0,5,4,2,19,1,1,6,0.5385,70.9818,0,True
Fluometuron,CN(C)C(=O)Nc1cccc(C(F)(F)F)c1,-3.43,232.205,2.7989,32.34,1,1,1,1,16,1,0,6,0.3,54.1497,0,True
Acridine,c1ccc2nc3ccccc3cc2c1,-3.67,179.222,3.388,12.89,0,1,0,3,14,3,0,1,0.0,59.249,0,True
Cortisone,CC12CCC(=O)C=C1CCC1C2C(=O)CC2(C)C1CCC2(O)C(=O)CO,-3.11,360.45,1.9898,91.67,2,5,2,4,26,0,4,5,0.7619,94.1426,0,True
glucose,OCC1OC(O)C(O)C(O)C1O,0.74,180.156,-3.2214,110.38,5,6,1,1,12,0,1,6,1.0,35.986,0,True
3-Methylphenol,Cc1cccc(O)c1,-0.68,108.14,1.7006,20.23,1,1,0,1,8,1,0,1,0.1429,32.8438,0,True
Indapamide,CC1Cc2ccccc2N1NC(=O)c1ccc(Cl)c(S(N)(=O)=O)c1,-3.5860000000000003,365.842,2.0834,92.5,2,4,3,3,24,2,1,8,0.1875,92.3784,0,True
Lovastatin,CCC(C)C(=O)OC1CC(C)C=C2C=CC(C)C(CCC3CC(O)CC(=O)O3)C21,-6.005,404.547,4.1955,72.83,1,5,6,3,29,0,3,5,0.75,110.8378,0,True
"1,4-Dinitrobenzene",O=[N+]([O-])c1ccc([N+](=O)[O-])cc1,-3.39,168.108,1.503,86.28,0,4,2,1,12,1,0,6,0.0,39.7508,0,True
Reposal,CCC1(C2=CCC3CCC2C3)C(=O)NC(=O)NC1=O,-2.696,262.309,1.4952,75.27,2,3,2,3,19,0,3,5,0.6429,67.9364,0,True
Ethyl decanoate,CCCCCCCCCC(=O)OCC,-4.1,200.322,3.6902,26.3,0,2,9,0,14,0,0,2,0.9167,59.243,0,True
Fenuron,CN(C)C(=O)Nc1ccccc1,-1.6,164.208,1.7801,32.34,1,1,1,1,12,1,0,3,0.2222,49.1477,0,True
Ethyl propyl ether,CCCOCC,-0.66,88.15,1.4329,9.23,0,1,3,0,6,0,0,1,1.0,26.784,0,True
2-Propanol,CC(C)O,0.43,60.096,0.3871,20.23,1,1,0,0,4,0,0,1,1.0,17.3548,0,True
2-Methylnapthalene,Cc1ccc2ccccc2c1,-3.77,142.201,3.1482,0.0,0,0,0,2,11,2,0,0,0.0909,48.685,0,True
Chlorodibromethane,ClC(Br)Br,-1.9,208.28,2.2986,0.0,0,0,0,0,4,0,0,3,1.0,27.495,0,True
Hexestrol,CCC(c1ccc(O)cc1)C(CC)c1ccc(O)cc1,-4.43,270.372,4.7852,40.46,2,2,5,2,20,2,0,2,0.3333,82.2776,0,True
Malathion,CCOC(=O)CC(SP(=S)(OC)OC)C(=O)OCC,-3.37,330.364,2.1218,71.06,0,8,9,0,19,0,0,9,0.8,77.565,0,True
Benzylchloride,ClCc1ccccc1,-2.39,126.586,2.4254,0.0,0,0,1,1,8,1,0,1,0.1429,35.999,0,True
t-Crotonaldehyde,C/C=C/C=O,0.32,70.091,0.7614,17.07,0,1,1,0,5,0,0,1,0.25,20.878,0,True
Chlorbromuron,CON(C)C(=O)Nc1ccc(Br)c(Cl)c1,-3.924,293.548,3.1276,41.57,1,2,2,1,15,1,0,6,0.2222,62.9427,0,True
"9,10-Dimethylanthracene",Cc1c2ccccc2c(C)c2ccccc12,-6.57,206.288,4.6098,0.0,0,0,0,3,16,3,0,0,0.125,70.928,0,True
Methyl hexanoate,CCCCCC(=O)OC,-1.87,130.187,1.7397,26.3,0,2,4,0,9,0,0,2,0.8571,36.158,0,True
Dimefuron,CN(C)C(=O)Nc1ccc(-n2nc(C(C)(C)C)oc2=O)c(Cl)c1,-4.328,338.795,2.8699,80.37,1,4,2,2,23,2,0,8,0.4,88.5157,0,True
p-Fluoroacetanilide,CC(=O)Nc1ccc(F)cc1,-1.78,153.156,1.7841,29.1,1,1,1,1,11,1,0,3,0.125,40.7037,0,True
alachlor,CCc1cccc(CC)c1N(COC)C(=O)CCl,-3.26,269.772,2.9871,29.54,0,2,6,1,18,1,0,4,0.5,75.28,0,True
Cyclohexene,C1=CCCCC1,-2.59,82.146,2.1166,0.0,0,0,0,1,6,0,1,0,0.6667,27.608,0,True
Hydrocortisone ,CC12CCC(=O)C=C1CCC1C2C(O)CC2(C)C1CCC2(O)C(=O)CO,-3.09,362.466,1.7816,94.83,3,5,2,4,26,0,4,5,0.8095,95.1424,0,True
Pyrimidine,c1cncnc1,1.1,80.09,0.4766,25.78,0,2,0,1,6,1,0,2,0.0,22.032,0,True
p-Chloronitrobenzene,O=[N+]([O-])c1ccc(Cl)cc1,-2.92,157.556,2.2482,43.14,0,2,1,1,10,1,0,4,0.0,38.1064,0,True
Methyl propionate,CCC(=O)OC,-0.14,88.106,0.5694,26.3,0,2,1,0,6,0,0,2,0.75,22.307,0,True
o-Chloronitrobenzene,O=[N+]([O-])c1ccccc1Cl,-2.55,157.556,2.2482,43.14,0,2,1,1,10,1,0,4,0.0,38.1064,0,True
Neburon,CCCCN(C)C(=O)Nc1ccc(Cl)c(Cl)c1,-4.77,275.179,4.2572,32.34,1,1,4,1,17,1,0,5,0.4167,73.0187,0,True
Buthidazole,CN1CC(O)N(c2nnc(C(C)(C)C)s2)C1=O,-1.877,256.331,1.0258,69.56,1,5,1,2,17,1,1,7,0.7,65.1208,0,True
Nitrobenzene,O=[N+]([O-])c1ccccc1,-1.8,123.111,1.5948,43.14,0,2,1,1,9,1,0,3,0.0,33.0964,0,True
Iodobenzene,Ic1ccccc1,-3.01,204.01,2.2912,0.0,0,0,0,1,7,1,0,1,0.0,39.159,0,True
Metolazone,Cc1ccccc1N1C(=O)c2cc(S(N)(=O)=O)c(Cl)cc2NC1C,-3.78,365.842,2.7141,92.5,2,4,2,3,24,2,1,8,0.1875,93.8984,0,True
Methocarbamol,COc1ccccc1OCC(O)COC(N)=O,-0.985,241.243,0.5302,91.01,2,5,6,1,17,1,0,6,0.3636,60.0312,0,True
butachlor,CCCCOCN(C(=O)CCl)c1c(CC)cccc1CC,-4.19,311.853,4.1574,29.54,0,2,9,1,21,1,0,4,0.5882,89.131,0,True
"2,3-Dichlorophenol",Oc1cccc(Cl)c1Cl,-1.3,163.003,2.699,20.23,1,1,0,1,9,1,0,3,0.0,38.1268,0,True
Propyl butyrate,CCCC(=O)OC,-1.92,102.133,0.9595,26.3,0,2,2,0,7,0,0,2,0.8,26.924,0,True
Propanil,CCC(=O)Nc1ccc(Cl)c(Cl)c1,-3.0,218.083,3.3419,29.1,1,1,2,1,13,1,0,4,0.2222,55.3827,0,True
Triamterene,Nc1nc(N)c2nc(-c3ccccc3)c(N)nc2n1,-2.404,253.269,0.8334,129.62,3,7,1,3,19,3,0,7,0.0,73.8012,0,True
Ethyl hexanoate,CCCCCC(=O)OCC,-2.35,144.214,2.1298,26.3,0,2,5,0,10,0,0,2,0.875,40.775,0,True
chloralose,OCC(O)C1OC2OC(C(Cl)(Cl)Cl)OC2C1O,-1.84,309.529,-0.4629,88.38,3,6,2,2,17,0,2,9,1.0,57.7964,0,True
Amitraz,Cc1ccc(N=CN(C)C=Nc2ccc(C)cc2C)c(C)c1,-5.47,293.414,4.8719,27.96,0,2,4,2,22,2,0,3,0.2632,95.899,0,True
Prometon,COc1nc(NC(C)C)nc(NC(C)C)n1,-2.478,225.296,1.5208,71.96,2,6,5,1,16,1,0,6,0.7,63.8964,0,True
1-Octene ,C=CCCCCCC,-4.44,112.216,3.1428,0.0,0,0,5,0,8,0,0,0,0.75,38.956,0,True
p-Methylaniline ,Cc1ccc(N)cc1,-1.21,107.156,1.5772,26.02,1,1,0,1,8,1,0,1,0.1429,35.5914,0,True
aminothiazole,Nc1nccs1,-0.36,100.146,0.7253,38.91,1,3,0,1,6,1,0,3,0.0,26.5264,0,True
Metolcarb,CNC(=O)Oc1ccccc1,-1.803,151.165,1.4048,38.33,1,2,1,1,11,1,0,3,0.125,41.5257,0,True
3-Hexanol,CCCC(O)CC,-0.8,102.177,1.5574,20.23,1,1,3,0,7,0,0,1,1.0,31.2058,0,True
9-anthrol,Oc1c2ccccc2cc2ccccc12,-4.73,194.233,3.6986,20.23,1,1,0,3,15,3,0,1,0.0,63.1188,0,True
2-Methylanthracene,Cc1ccc2cc3ccccc3cc2c1,-6.96,192.261,4.3014,0.0,0,0,0,3,15,3,0,0,0.0667,66.191,0,True
"1,2,3-Trimethylbenzene ",Cc1cccc(C)c1C,-3.2,120.195,2.6119,0.0,0,0,0,1,9,1,0,0,0.3333,40.653,0,True
Aminocarb,CNC(=O)Oc1ccc(N(C)C)c(C)c1,-2.36,208.261,1.7792,41.57,1,3,2,1,15,1,0,4,0.3636,60.5897,0,True
2-Nonanol,CCCCCCCC(C)O,-2.74,144.258,2.7277,20.23,1,1,6,0,10,0,0,1,1.0,45.0568,0,True
Methyldymron,CN(C(=O)NC(C)(C)c1ccccc1)c1ccccc1,-3.35,268.36,3.7677,32.34,1,1,3,2,20,2,0,3,0.2353,82.8447,0,True
3-Hexanone,CCCC(=O)CC,-0.83,100.161,1.7656,17.07,0,1,3,0,7,0,0,1,0.8333,30.206,0,True
bromoxynil,N#Cc1cc(Br)c(O)c(Br)c1,-3.33,276.915,2.7889,44.02,1,2,0,1,11,1,0,4,0.0,48.2218,0,True
"3,4-PCB",Clc1ccc(-c2ccccc2)cc1Cl,-6.39,223.102,4.6604,0.0,0,0,1,2,14,2,0,2,0.0,61.898,0,True
Mefenacet,CN(C(=O)COc1nc2ccccc2s1)c1ccccc1,-4.873,298.367,3.3381,42.43,0,4,4,3,21,3,0,5,0.125,84.967,0,True
5-hydroxyquinoline,Oc1cccc2ncccc12,-2.54,145.161,1.9404,33.12,1,2,0,2,11,2,0,2,0.0,43.4078,0,True
Carboxin,CC1=C(C(=O)Nc2ccccc2)SCCO1,-3.14,235.308,2.62,38.33,1,3,2,2,16,1,1,4,0.25,66.1817,0,True
Ethoxyzolamide,CCOc1ccc2nc(S(N)(=O)=O)sc2c1,-3.81,258.324,1.3424,82.28,1,5,3,2,16,2,0,7,0.2222,62.1622,0,True
Pentachlorophenol,Oc1c(Cl)c(Cl)c(Cl)c(Cl)c1Cl,-4.28,266.338,4.6592,20.23,1,1,0,1,12,1,0,6,0.0,53.1568,0,True
Bromochloromethane,ClCBr,-0.89,129.384,1.5776,0.0,0,0,0,0,3,0,0,2,1.0,19.647,0,True
metharbital,CCC1(CC)C(=O)NC(=O)N(C)C1=O,-2.23,198.222,0.501,66.48,1,3,2,1,14,0,1,5,0.6667,49.3237,0,True
deoxycorticosterone acetate,CC(=O)OCC(=O)C1CCC2C3CCC4=CC(=O)CCC4(C)C3CCC12C,-4.63,372.505,4.2667,60.44,0,4,3,4,27,0,4,4,0.7826,101.84,0,True
benzylurea,NC(=O)NCc1ccccc1,-0.95,150.181,0.8549,55.12,2,1,2,1,11,1,0,3,0.125,42.8651,0,True
Chlortoluron,Cc1ccc(NC(=O)N(C)C)cc1Cl,-3.483,212.68,2.7419,32.34,1,1,1,1,14,1,0,4,0.3,58.8947,0,True
Linuron,CON(C)C(=O)Nc1ccc(Cl)c(Cl)c1,-3.592,249.097,3.0185,41.57,1,2,2,1,15,1,0,6,0.2222,60.2527,0,True
Cycloheptanol,OC1CCCCCC1,-0.88,114.188,1.7015,20.23,1,1,0,1,8,0,1,1,1.0,33.7088,0,True
Thiamphenicol,CS(=O)(=O)c1ccc(C(O)C(CO)NC(=O)C(Cl)Cl)cc1,-2.154,356.227,0.4043,103.7,3,5,6,1,21,1,0,9,0.4167,79.0221,0,True
thiopental,CCCC(C)C1(CC)C(=O)NC(=S)NC1=O,-3.36,242.344,1.3499,58.2,2,3,4,1,16,0,1,5,0.7273,65.6794,0,True
acetazolamide,CC(=O)Nc1nnc(S(N)(=O)=O)s1,-2.36,222.251,-0.8561,115.04,2,6,2,1,13,1,0,9,0.25,45.5859,0,True
p-Nitrophenol,O=[N+]([O-])c1ccc(O)cc1,-0.74,139.11,1.3004,63.37,1,3,1,1,10,1,0,4,0.0,34.7612,0,True
Aldrin,ClC1=C(Cl)C2(Cl)C3C4C=CC(C4)C3C1(Cl)C2(Cl)Cl,-6.307,364.914,5.2702,0.0,0,0,0,4,18,0,4,6,0.6667,78.054,1,True
Tetrahydrofurane ,C1CCOC1,0.49,72.107,0.7968,9.23,0,1,0,1,5,0,1,1,1.0,20.053,0,True
o-Nitroaniline,Nc1ccccc1[N+](=O)[O-],-1.96,138.126,1.177,69.16,1,3,1,1,10,1,0,4,0.0,37.5088,0,True
"2,2',3,3'-PCB",Clc1cccc(-c2cccc(Cl)c2Cl)c1Cl,-7.28,291.992,5.9672,0.0,0,0,1,2,16,2,0,4,0.0,71.918,1,True
phenylbutazone,CCCCC1C(=O)N(c2ccccc2)N(c2ccccc2)C1=O,-3.81,308.381,3.7878,40.62,0,2,5,3,23,2,1,4,0.2632,90.871,0,True
"2,6-Dinitrotoluene",Cc1c([N+](=O)[O-])cccc1[N+](=O)[O-],-3.0,182.135,1.8114,86.28,0,4,2,1,13,1,0,6,0.1429,44.4878,0,True
Progesterone,CC(=O)C1CCC2C3CCC4=CC(=O)CCC4(C)C3CCC12C,-4.42,314.469,4.7235,34.14,0,2,1,4,23,0,4,2,0.8095,90.881,0,True
Chlorazine,CCN(CC)c1nc(Cl)nc(N(CC)CC)n1,-4.4110000000000005,257.769,2.2174,45.15,0,5,6,1,17,1,0,6,0.7273,71.959,0,True
captafol,O=C1C2CC=CCC2C(=O)N1SC(Cl)(Cl)C(Cl)Cl,-5.4,349.066,3.5209,37.38,0,3,3,2,18,0,2,8,0.6,74.729,0,True
"1,2,4-tribromobenzene",Brc1ccc(Br)c(Br)c1,-4.5,314.802,3.9741,0.0,0,0,0,1,9,1,0,3,0.0,49.542,0,True
Oxazepam,O=C1Nc2ccc(Cl)cc2C(c2ccccc2)=NC1O,-3.952,286.718,2.4479,61.69,2,3,1,3,20,2,1,5,0.0667,78.1695,0,True
Secobarbital,C=CCC1(C(C)CCC)C(=O)NC(=O)NC1=O,-2.356,238.287,1.3511,75.27,2,3,5,1,17,0,1,5,0.5833,63.0004,0,True
Carvacrol,Cc1ccc(C(C)C)cc1O,-2.08,150.221,2.824,20.23,1,1,1,1,11,1,0,1,0.4,46.9328,0,True
rhodanine,O=C1CSC(=S)N1,-1.77,133.197,0.1343,29.1,1,3,0,1,7,0,1,4,0.3333,33.1987,0,True
Morin,O=c1c(O)c(-c2ccc(O)cc2O)oc2cc(O)cc(O)c12,-3.083,302.238,1.988,131.36,5,7,1,3,22,3,0,7,0.0,76.244,0,True
Kepone,O=C1C2(Cl)C3(Cl)C4(Cl)C(Cl)(Cl)C5(Cl)C3(Cl)C1(Cl)C5(Cl)C24Cl,-5.259,490.639,4.6182,17.07,0,1,0,6,21,0,6,11,0.9,88.116,0,True
Disulfiram,CCN(CC)C(=S)SSC(=S)N(CC)CC,-4.86,296.552,3.6212,6.48,0,4,4,0,16,0,0,6,0.8,86.22,0,True
Cyclohexane,C1CCCCC1,-3.1,84.162,2.3406,0.0,0,0,0,1,6,0,1,0,1.0,27.702,0,True
Dienochlor,ClC1=C(Cl)C(Cl)(C2(Cl)C(Cl)=C(Cl)C(Cl)=C2Cl)C(Cl)=C1Cl,-7.278,474.64,7.7256,0.0,0,0,1,2,20,0,2,10,0.2,92.096,1,True
chlordimeform,Cc1cc(Cl)ccc1N=CN(C)C,-2.86,196.681,2.8698,15.6,0,1,2,1,13,1,0,3,0.3,58.028,0,True
Equilenin,CC12CCc3c(ccc4cc(O)ccc34)C1CCC2=O,-5.24,266.34,3.9444,37.3,1,2,0,4,20,2,2,2,0.3889,79.0228,0,True
1-Octanol,CCCCCCCCO,-2.39,130.231,2.3392,20.23,1,1,6,0,9,0,0,1,1.0,40.4618,0,True
Diethyl sulfide,CCSCC,-1.34,90.191,1.7594,0.0,0,1,2,0,5,0,0,1,1.0,28.673,0,True
"1,2-Dichloroethane",ClCCCl,-1.06,98.96,1.464,0.0,0,0,1,0,4,0,0,2,1.0,21.44,0,True
2-Chloro-2-methylbutane,CCC(C)(C)Cl,-2.51,106.596,2.4138,0.0,0,0,1,0,6,0,0,1,1.0,30.223,0,True
1-Chloro-2-bromoethane,ClCCBr,-1.32,143.411,1.6201,0.0,0,0,1,0,4,0,0,2,1.0,24.514,0,True
p-Nitroaniline,Nc1ccc([N+](=O)[O-])cc1,-2.37,138.126,1.177,69.16,1,3,1,1,10,1,0,4,0.0,37.5088,0,True
Lactose,OCC1OC(OC2C(CO)OC(O)C(O)C2O)C(O)C(O)C1O,-0.244,342.297,-5.3972,189.53,8,11,4,2,23,0,2,11,1.0,68.6194,2,False
RTI 2,CCN1C(=O)c2cccnc2N(CC)c2ncccc21,-2.86,268.32,2.6147,49.33,0,4,2,3,20,2,1,5,0.2667,78.5045,0,True
Chlorobenzene,Clc1ccccc1,-2.38,112.559,2.34,0.0,0,0,0,1,7,1,0,1,0.0,31.452,0,True
1-Nonene ,C=CCCCCCCC,-5.05,126.243,3.5329,0.0,0,0,6,0,9,0,0,0,0.7778,43.573,0,True
p-Bromoiodobenzene,Brc1ccc(I)cc1,-4.56,282.906,3.0537,0.0,0,0,0,1,8,1,0,2,0.0,46.859,0,True
3-Methyl-3-pentanol,CCC(C)(O)CC,-0.36,102.177,1.5574,20.23,1,1,2,0,7,0,0,1,1.0,31.2058,0,True
Pentylbenzene,CCCCCc1ccccc1,-4.64,148.249,3.4193,0.0,0,0,4,1,11,1,0,0,0.4545,49.671,0,True
allantoin,NC(=O)NC1NC(=O)NC1=O,-1.6,158.117,-2.1798,113.32,4,3,1,1,11,0,1,7,0.25,33.1815,0,True
Glafenine,O=C(OCC(O)CO)c1ccccc1Nc1ccnc2cc(Cl)ccc12,-4.571000000000001,372.808,3.1418,91.68,3,6,6,3,26,3,0,7,0.1579,99.8528,0,True
DDD,Clc1ccc(C(c2ccc(Cl)cc2)C(Cl)Cl)cc1,-7.2,320.046,5.929,0.0,0,0,3,2,18,2,0,4,0.1429,80.241,1,True
testosterone acetate,CC(=O)OC1CCC2C3CCC4=CC(=O)CCC4(C)C3CCC12C,-5.184,330.468,4.45,43.37,0,3,1,4,24,0,4,3,0.8095,92.264,0,True
1-Chloronapthalene,Clc1cccc2ccccc12,-3.93,162.619,3.4932,0.0,0,0,0,2,11,2,0,1,0.0,48.958,0,True
RTI 19,CCN1c2ccccc2C(=O)N(C)c2ccccc21,-4.749,252.317,3.4346,23.55,0,2,1,3,19,2,1,3,0.1875,78.2975,0,True
2-Hexanol,CCCCC(C)O,-0.89,102.177,1.5574,20.23,1,1,3,0,7,0,0,1,1.0,31.2058,0,True
Propylcyclopentane,CCCC1CCCC1,-4.74,112.216,2.9767,0.0,0,0,2,1,8,0,1,0,1.0,36.866,0,True
Etomidate,CCOC(=O)c1cncn1C(C)c1ccccc1,-4.735,244.294,2.6691,44.12,0,3,4,2,18,2,0,4,0.2857,68.4385,0,True
"3,4-Dichlorophenol",Oc1ccc(Cl)c(Cl)c1,-1.25,163.003,2.699,20.23,1,1,0,1,9,1,0,3,0.0,38.1268,0,True
Cypermethrin,CC1(C)C(C=C(Cl)Cl)C1C(=O)OC(C#N)c1cccc(Oc2ccccc2)c1,-8.017000000000001,416.304,6.178,59.32,0,4,6,3,28,2,1,6,0.2727,107.954,1,True
Benzoxazole,c1ccc2ocnc2c1,-1.16,119.123,1.8278,26.03,0,2,0,2,9,2,0,2,0.0,34.009,0,True
1-Pentanol,CCCCCO,-0.6,88.15,1.1689,20.23,1,1,3,0,6,0,0,1,1.0,26.6108,0,True
"N,N-Diethylaniline",CCN(CC)c1ccccc1,-3.03,149.237,2.5328,3.24,0,1,3,1,11,1,0,1,0.4,50.003,0,True
"1,3-Difluorobenzene",Fc1cccc(F)c1,-2.0,114.094,1.9648,0.0,0,0,0,1,8,1,0,2,0.0,26.358,0,True
3-chloropropionitrile,N#CCCCl,-0.29,89.525,1.1389,23.79,0,1,1,0,5,0,0,2,0.6667,20.95,0,True
t-Pentylbenzene,CC(C)(C)Cc1ccccc1,-4.15,148.249,3.2752,0.0,0,0,1,1,11,1,0,0,0.4545,49.601,0,True
5-Ethyl-5-phenylbarbital,CCC1(c2ccccc2)C(=O)NC(=O)NC1=O,-2.322,232.239,0.7004,75.27,2,3,2,2,17,1,1,5,0.25,60.0924,0,True
o-Chloroiodobenzene,Clc1ccccc1I,-3.54,238.455,2.9446,0.0,0,0,0,1,8,1,0,2,0.0,44.169,0,True
Benzotriazole,c1ccc2[nH]nnc2c1,-0.78,119.127,0.9579,41.57,1,2,0,2,9,2,0,3,0.0,33.8887,0,True
Carbofuran,CNC(=O)Oc1cccc2c1OC(C)(C)C2,-2.8,221.256,2.1183,47.56,1,3,1,2,16,1,1,4,0.4167,59.9367,0,True
"2,6-Dimethylphenol",Cc1cccc(C)c1O,-1.29,122.167,2.009,20.23,1,1,0,1,9,1,0,1,0.25,37.5808,0,True
3-Methyl-2-butanol,CC(C)C(C)O,-0.18,88.15,1.0232,20.23,1,1,1,0,6,0,0,1,1.0,26.5188,0,True
benzhydrol,OC(c1ccccc1)c1ccccc1,-2.55,184.238,2.7683,20.23,1,1,2,2,14,2,0,1,0.0769,56.9458,0,True
Methyl decanoate,CCCCCCCCCC(=O)OC,-4.69,186.295,3.3001,26.3,0,2,8,0,13,0,0,2,0.9091,54.626,0,True
Dicapthon,COP(=S)(OC)Oc1ccc([N+](=O)[O-])cc1Cl,-4.31,297.656,3.1443,70.83,0,6,5,1,17,1,0,9,0.25,67.0374,0,True
1-Bromo-2-methylpropane,CC(C)CBr,-2.43,137.02,2.0373,0.0,0,0,1,0,5,0,0,1,1.0,28.632,0,True
Iodoethane,CCI,-1.6,155.966,1.4413,0.0,0,0,0,0,3,0,0,1,1.0,24.561,0,True
Pirimicarb,Cc1nc(N(C)C)nc(OC(=O)N(C)C)c1C,-1.95,238.291,1.2198,58.56,0,5,2,1,17,1,0,6,0.5455,65.544,0,True
1-Bromohexane,CCCCCCBr,-3.81,165.074,2.9616,0.0,0,0,4,0,7,0,0,1,1.0,37.936,0,True
2-Methylpentane,CCCC(C)C,-3.74,86.178,2.4425,0.0,0,0,2,0,6,0,0,0,1.0,29.746,0,True
Tetrafluthrin,Cc1c(F)c(F)c(COC(=O)C2C(C=C(Cl)C(F)(F)F)C2(C)C)c(F)c1F,-7.321000000000001,418.736,5.5518,26.3,0,2,4,2,27,1,1,10,0.4706,81.559,1,True
Metolachlor,CCc1cccc(C)c1N(C(=O)CCl)C(C)COC,-2.73,283.799,3.1641,29.54,0,2,6,1,19,1,0,4,0.5333,80.101,0,True
nifuroxime,O=[N+]([O-])c1ccc(C=NO)o1,-2.19,156.097,0.9959,88.87,1,5,2,1,11,1,0,6,0.0,34.7429,0,True
Fluvalinate,CC(C)C(Nc1ccc(C(F)(F)F)cc1Cl)C(=O)OC(C#N)c1cccc(Oc2ccccc2)c1,-8.003,502.92,7.3957,71.35,1,5,8,3,35,3,0,9,0.2308,126.1067,2,False
Amitrole,Nc1nc[nH]n1,0.522,84.082,-0.6131,67.59,2,3,0,1,6,1,0,4,0.0,20.7951,0,True
Tribromomethane,BrC(Br)Br,-1.91,252.731,2.4547,0.0,0,0,0,0,4,0,0,3,1.0,30.569,0,True
Trichlorfon,COP(=O)(OC)C(O)C(Cl)(Cl)Cl,-0.22,257.437,2.1609,55.76,1,4,3,0,12,0,0,8,1.0,47.9213,0,True
Phosalone,CCOP(=S)(OCC)SCn1c(=O)oc2cc(Cl)ccc21,-5.233,367.816,4.2361,53.6,0,6,7,2,21,2,0,9,0.4167,90.612,0,True
Phenylmethanol,OCc1ccccc1,-0.4,108.14,1.1789,20.23,1,1,1,1,8,1,0,1,0.1429,32.3648,0,True
Coumatetralyl,O=c1oc2ccccc2c(O)c1C1CCCc2ccccc21,-2.84,292.334,3.9668,50.44,1,3,1,4,22,3,1,3,0.2105,85.3718,0,True
4-Bromophenol,Oc1ccc(Br)cc1,-1.09,173.009,2.1547,20.23,1,1,0,1,8,1,0,2,0.0,35.8068,0,True
2-Bromopropane,CC(C)Br,-1.59,122.993,1.7897,0.0,0,0,0,0,4,0,0,1,1.0,24.063,0,True
"2,2,4-Trimethylpentane",CC(C)CC(C)(C)C,-4.74,114.232,3.0786,0.0,0,0,1,0,8,0,0,0,1.0,38.91,0,True
"1,3,5-Trinitrobenzene",O=[N+]([O-])c1cc([N+](=O)[O-])cc([N+](=O)[O-])c1,-2.89,213.105,1.4112,129.42,0,6,3,1,15,1,0,9,0.0,46.4052,0,True
Nimetazepam,CN1C(=O)CN=C(c2ccccc2)c2cc([N+](=O)[O-])ccc21,-3.796,295.298,2.4086,75.81,0,4,2,3,22,2,1,6,0.125,83.4544,0,True
Propane,CCC,-1.94,44.097,1.4163,0.0,0,0,0,0,3,0,0,0,1.0,15.965,0,True
Minoxidil,Nc1cc(N2CCCCC2)nc(N)[n+]1[O-],-1.989,209.253,-0.1303,95.11,2,5,1,2,15,1,1,6,0.5556,58.0858,0,True
1-aminoacridine,Nc1cccc2nc3ccccc3cc12,-4.22,194.237,2.9702,38.91,1,2,0,3,15,3,0,2,0.0,63.6614,0,True
Benzo(k)fluoranthene,c1ccc2cc3c(cc2c1)-c1cccc2cccc-3c12,-8.49,252.316,5.6404,0.0,0,0,0,5,20,4,1,0,0.0,85.884,1,True
Dicofol,OC(c1ccc(Cl)cc1)(c1ccc(Cl)cc1)C(Cl)(Cl)Cl,-5.666,370.49,5.5995,20.23,1,1,2,2,20,2,0,6,0.1429,86.1928,1,True
Acenapthene,c1cc2c3c(cccc3c1)CC2,-4.63,154.212,2.9384,0.0,0,0,0,3,12,2,1,0,0.1667,51.356,0,True
Dialifos,CCOP(=S)(OCC)SC(CCl)N1C(=O)c2ccccc2C1=O,-6.34,393.854,3.8782,55.84,0,6,8,2,23,1,1,9,0.4286,96.578,0,True
"1,4-Dibromobenzene",Brc1ccc(Br)cc1,-4.07,235.906,3.2116,0.0,0,0,0,1,8,1,0,2,0.0,41.842,0,True
Methazole,Cn1c(=O)on(-c2ccc(Cl)c(Cl)c2)c1=O,-2.82,261.064,1.436,57.14,0,3,1,2,16,2,0,7,0.1111,59.566,0,True
p-Phenylphenol,Oc1ccc(-c2ccccc2)cc1,-3.48,170.211,3.0592,20.23,1,1,1,2,13,2,0,1,0.0,53.5428,0,True
pyracarbolid,CC1=C(C(=O)Nc2ccccc2)CCCO1,-2.56,217.268,2.7095,38.33,1,2,2,2,16,1,1,3,0.3077,62.9577,0,True
Ethyl vinyl ether,C=COCC,-0.85,72.107,1.1664,9.23,0,1,2,0,5,0,0,1,0.5,21.823,0,True
1-Butyne,C#CCC,-1.24,54.092,1.0296,0.0,0,0,0,0,4,0,0,0,0.5,19.124,0,True
4-methoxypteridine,COc1ncnc2nccnc12,-1.11,162.152,0.4284,60.79,0,5,1,2,12,2,0,5,0.1429,41.68,0,True
3-Methyl-3-heptanol,CCCCC(C)(O)CC,-1.6,130.231,2.3376,20.23,1,1,4,0,9,0,0,1,1.0,40.4398,0,True
"1,4-Dichlorobenzene",Clc1ccc(Cl)cc1,-3.27,147.004,2.9934,0.0,0,0,0,1,8,1,0,2,0.0,36.462,0,True
3-Ethanoyloxymethylphenytoin,CC(=O)OCN1C(=O)NC(c2ccccc2)(c2ccccc2)C1=O,-4.47,324.336,2.0026,75.71,1,4,4,3,24,2,1,6,0.1667,85.6747,0,True
"Sparsomycin (3,8mg/ml)",CSCS(=O)CC(CO)NC(=O)C=Cc1c(C)[nH]c(=O)[nH]c1=O,-1.981,361.445,-1.0689,132.12,4,6,8,1,23,1,0,10,0.4615,91.8623,0,True
3-methylindole,Cc1c[nH]c2ccccc12,-2.42,131.178,2.4763,15.79,1,0,0,2,10,2,0,1,0.1111,43.0357,0,True
2-methoxypteridine,COc1ncc2nccnc2n1,-1.11,162.152,0.4284,60.79,0,5,1,2,12,2,0,5,0.1429,41.68,0,True
Dioxacarb,CNC(=O)Oc1ccccc1C1OCCO1,-1.57,223.228,1.4502,56.79,1,4,2,2,16,1,1,5,0.3636,56.1707,0,True
isocarbamid,CC(C)CNC(=O)N1CCNC1=O,-2.15,185.227,0.3772,61.44,2,2,2,1,13,0,1,5,0.75,48.3414,0,True
Acetonitrile,CC#N,0.26,41.053,0.5299,23.79,0,1,0,0,3,0,0,1,0.5,11.287,0,True
Fenoxycarb,CCOC(=O)NCCOc1ccc(Oc2ccccc2)cc1,-4.7,301.342,3.6038,56.79,1,4,7,2,22,2,0,5,0.2353,83.4777,0,True
acetyl sulfisoxazole,CC(=O)N(c1onc(C)c1C)S(=O)c1ccc(N)cc1,-3.59,293.348,1.9493,89.43,1,5,3,2,20,2,0,7,0.2308,76.3998,0,True
"1,1,1,2-Tetrachloroethane",ClCC(Cl)(Cl)Cl,-2.18,167.85,2.5954,0.0,0,0,0,0,6,0,0,4,1.0,31.01,0,True
1-Butanol,CCCCO,0.0,74.123,0.7788,20.23,1,1,2,0,5,0,0,1,1.0,21.9938,0,True
Siduron,CC1CCCCC1NC(=O)Nc1ccccc1,-4.11,232.327,3.3868,41.13,2,1,2,2,17,1,1,3,0.5,70.0164,0,True
"1,3,5-Trichlorobenzene",Clc1cc(Cl)cc(Cl)c1,-4.48,181.449,3.6468,0.0,0,0,0,1,9,1,0,3,0.0,41.472,0,True
Furfural,O=Cc1ccco1,-0.1,96.085,1.0921,30.21,0,2,1,1,7,1,0,2,0.0,24.0955,0,True
3-Methylbutan-1-ol,CC(C)CCO,-0.51,88.15,1.0248,20.23,1,1,2,0,6,0,0,1,1.0,26.5408,0,True
piperonal,O=Cc1ccc2c(c1)OCO2,-1.63,150.133,1.2278,35.53,0,3,1,2,11,1,1,3,0.125,37.9525,0,True
2-Methylpropene,C=C(C)C,-2.33,56.108,1.5824,0.0,0,0,0,0,4,0,0,0,0.5,20.488,0,True
Benzaldehyde,O=Cc1ccccc1,-1.19,106.124,1.4991,17.07,0,1,1,1,8,1,0,1,0.0,31.8295,0,True
"2,3-Dimethyl-1,3-Butadiene",C=C(C)C(=C)C,-2.4,82.146,2.1386,0.0,0,0,1,0,6,0,0,0,0.3333,29.628,0,True
Benfuracarb,CCOC(=O)CCN(SN(C)C(=O)Oc1cccc2c1OC(C)(C)C2)C(C)C,-4.71,410.536,4.0575,68.31,0,7,8,2,28,1,1,8,0.6,109.323,0,True
RTI 10,CN1C(=O)c2cccnc2Oc2ccccc21,-3.672,226.235,2.4639,42.43,0,3,0,3,17,2,1,4,0.0769,63.4865,0,True
Fluorene ,c1ccc2c(c1)Cc1ccccc1-2,-5.0,166.223,3.2578,0.0,0,0,0,3,13,2,1,0,0.0769,54.684,0,True
Methylcyclohexane ,CC1CCCCC1,-3.85,98.189,2.5866,0.0,0,0,0,1,7,0,1,0,1.0,32.249,0,True
sulfaguanidine,N=C(N)NS(=O)(=O)c1ccc(N)cc1,-1.99,214.25,-0.5594,122.06,4,4,2,1,14,1,0,7,0.0,53.09,0,True
Methylparaben,COC(=O)c1ccc(O)cc1,-1.827,152.149,1.1788,46.53,1,3,1,1,11,1,0,3,0.125,39.4463,0,True
2-Methyltetrahydrofurane,CC1CCCO1,0.11,86.134,1.1853,9.23,0,1,0,1,6,0,1,1,1.0,24.648,0,True
Santonin,CC1=C2C3OC(=O)C(C)C3CCC2(C)C=CC1=O,-3.09,246.306,2.4196,43.37,0,3,0,3,18,0,3,3,0.6,66.722,0,True
Salicin,OCc1ccccc1OC1OC(CO)C(O)C(O)C1O,-0.85,286.28,-1.6424,119.61,5,7,4,2,20,1,1,7,0.5385,66.76,0,True
1-Iodopropane,CCCI,-2.29,169.993,1.8314,0.0,0,0,1,0,4,0,0,1,1.0,29.178,0,True
Ametryn,CCNc1nc(NC(C)C)nc(SC)n1,-3.04,227.337,1.8456,62.73,2,6,5,1,15,1,0,6,0.6667,64.5304,0,True
1-Propanol,CCCO,0.62,60.096,0.3887,20.23,1,1,1,0,4,0,0,1,1.0,17.3768,0,True
Hydroxyprogesterone-17a,CC(=O)C1(O)CCC2C3CCC4=CC(=O)CCC4(C)C3CCC21C,-3.817,330.468,3.8384,54.37,1,3,1,4,24,0,4,3,0.8095,92.3408,0,True
2-Pentanol,CCCC(C)O,-0.29,88.15,1.1673,20.23,1,1,2,0,6,0,0,1,1.0,26.5888,0,True
benzoin,O=C(c1ccccc1)C(O)c1ccccc1,-2.85,212.248,2.6029,37.3,1,2,3,2,16,2,0,2,0.0714,62.1743,0,True
"2,4-Dimethylphenol",Cc1ccc(O)c(C)c1,-1.19,122.167,2.009,20.23,1,1,0,1,9,1,0,1,0.25,37.5808,0,True
m-Chloronitrobenzene ,O=[N+]([O-])c1cccc(Cl)c1,-2.77,157.556,2.2482,43.14,0,2,1,1,10,1,0,4,0.0,38.1064,0,True
ampyrone,Cc1c(N)c(=O)n(-c2ccccc2)n1C,-0.624,203.245,1.0666,52.95,1,2,1,2,15,2,0,4,0.1818,60.1594,0,True
"2,2',4,5'-PCB",Clc1ccc(-c2cc(Cl)ccc2Cl)c(Cl)c1,-6.57,291.992,5.9672,0.0,0,0,1,2,16,2,0,4,0.0,71.918,1,True
"Hexachloro-1,3-butadiene",ClC(Cl)=C(Cl)C(Cl)=C(Cl)Cl,-4.92,260.762,4.7574,0.0,0,0,1,0,10,0,0,6,0.0,49.17,0,True
Terbutryn,CCNc1nc(NC(C)(C)C)nc(SC)n1,-4.0,241.364,2.2357,62.73,2,6,4,1,16,1,0,6,0.7,69.1474,0,True
3-Methyl-2-pentanol,CCC(C)CCO,-0.71,102.177,1.4149,20.23,1,1,3,0,7,0,0,1,1.0,31.1578,0,True
2-methylpteridine,Cc1ncc2nccnc2n1,-0.12,146.153,0.7282,51.56,0,4,0,2,11,2,0,4,0.1429,39.865,0,True
Danazol,C#CC1(O)CCC2C3CCC4=Cc5oncc5CC4(C)C3CCC21C,-5.507000000000001,337.463,4.221,46.26,1,3,0,5,25,1,4,3,0.6818,96.3528,0,True
1-Iodobutane,CCCCI,-2.96,184.02,2.2215,0.0,0,0,2,0,5,0,0,1,1.0,33.795,0,True
2-Bromonapthalene,Brc1ccc2ccccc2c1,-4.4,207.07,3.6023,0.0,0,0,0,2,11,2,0,1,0.0,51.648,0,True
"Digoxin (L1=41,8mg/mL, L2=68,2mg/mL, Z=40,1mg/mL)",CC1OC(OC2C(O)CC(OC3C(O)CC(OC4CCC5(C)C(CCC6C5CC(O)C5(C)C(C7=CC(=O)OC7)CCC65O)C4)OC3C)OC2C)CC(O)C1O,-4.081,780.949,2.2181,203.06,6,14,7,8,55,0,8,14,0.9268,192.6108,3,False
Benzyltrifluoride,FC(F)(F)c1ccccc1,-2.51,146.111,2.7054,0.0,0,0,0,1,10,1,0,3,0.1429,31.444,0,True
Dihexyl phthalate,CCCCCCOC(=O)c1ccccc1C(=O)OCCCCCC,-6.144,334.456,5.1608,52.6,0,4,12,1,24,1,0,4,0.6,95.291,1,True
Dibenzothiophene,c1ccc2c(c1)sc1ccccc12,-4.38,184.263,4.0545,0.0,0,1,0,3,13,3,0,1,0.0,59.331,0,True
"2,3',4,4'-PCB",Clc1ccc(-c2ccc(Cl)c(Cl)c2Cl)c(Cl)c1,-7.8,326.437,6.6206,0.0,0,0,1,2,17,2,0,5,0.0,76.928,1,True
"2,2',3,3',4,4'-PCB",Clc1ccc(-c2ccc(Cl)c(Cl)c2Cl)c(Cl)c1Cl,-8.01,360.882,7.274,0.0,0,0,1,2,18,2,0,6,0.0,81.938,1,True
Warfarin,CC(=O)CC(c1ccccc1)c1c(O)c2ccccc2oc1=O,-3.893,308.333,3.6096,67.51,1,4,4,3,23,3,0,4,0.1579,87.7318,0,True
hydrobenzoin,OC(c1ccccc1)C(O)c1ccccc1,-1.93,214.264,2.4536,40.46,2,2,3,2,16,2,0,2,0.1429,62.8036,0,True
Dimethyl phthalate,COC(=O)c1ccccc1C(=O)OC,-1.66,194.186,1.2598,52.6,0,4,2,1,14,1,0,4,0.2,49.121,0,True
Ethyl octanoate,CCCCCCCC(=O)OCC,-3.39,172.268,2.91,26.3,0,2,7,0,12,0,0,2,0.9,50.009,0,True
Diethyldisulfide,CCSSCC,-2.42,122.258,2.4076,0.0,0,2,3,0,6,0,0,2,1.0,36.264,0,True
"1,2-Diethoxyethane ",CCOCCOCC,-0.77,118.176,1.0594,18.46,0,2,5,0,8,0,0,2,1.0,32.986,0,True
"1,2,4,5-Tetrachlorobenzene",Clc1cc(Cl)c(Cl)cc1Cl,-5.56,215.894,4.3002,0.0,0,0,0,1,10,1,0,4,0.0,46.482,0,True
p-benzidine,Nc1ccc(-c2ccc(N)cc2)cc1,-2.7,184.242,2.518,52.04,2,2,1,2,14,2,0,2,0.0,60.7028,0,True
1-Heptene,C=CCCCCC,-3.73,98.189,2.7527,0.0,0,0,4,0,7,0,0,0,0.7143,34.339,0,True
Ethirimol,CCCCc1c(C)nc(NCC)[nH]c1=O,-3.028,209.293,1.8527,57.78,2,3,5,1,15,1,0,4,0.6364,62.3704,0,True
Pentobarbital,CCCC(C)C1(CC)C(=O)NC(=O)NC1=O,-2.39,226.276,1.185,75.27,2,3,4,1,16,0,1,5,0.7273,58.4774,0,True
o-Chloroaniline,Nc1ccccc1Cl,-1.52,127.574,1.9222,26.02,1,1,0,1,8,1,0,2,0.0,35.8644,0,True
3-Chloroanisole,COc1cccc(Cl)c1,-2.78,142.585,2.3486,9.23,0,1,1,1,9,1,0,2,0.1429,38.004,0,True
Pebulate,CCCCN(CC)C(=O)SCCC,-3.53,203.351,3.3716,20.31,0,2,6,0,13,0,0,3,0.9,60.3,0,True
Butyl acetate,CCCCOC=O,-1.37,102.133,0.9595,26.3,0,2,4,0,7,0,0,2,0.8,26.924,0,True
Prednisolone,CC12C=CC(=O)C=C1CCC1C2C(O)CC2(C)C1CCC2(O)C(=O)CO,-3.18,360.45,1.5576,94.83,3,5,2,4,26,0,4,5,0.7143,95.0484,0,True
Bromodichloromethane,ClC(Cl)Br,-1.54,163.829,2.1425,0.0,0,0,0,0,4,0,0,3,1.0,24.421,0,True
adrenosterone,CC12CC(=O)C3C(CCC4=CC(=O)CCC43C)C1CCC2=O,-3.48,300.398,3.2664,51.21,0,3,0,4,22,0,4,3,0.7368,82.107,0,True
p-terphenyl,c1ccc(-c2ccc(-c3ccccc3)cc2)cc1,-7.11,230.31,5.0206,0.0,0,0,2,3,18,3,0,0,0.0,77.314,1,True
p-Hydroxybenzaldehyde ,O=Cc1ccc(O)cc1,-0.96,122.123,1.2047,37.3,1,2,1,1,9,1,0,2,0.0,33.4943,0,True
Bromomethane,CBr,-0.79,94.939,1.0111,0.0,0,0,0,0,2,0,0,1,1.0,14.851,0,True
Perfluidone,Cc1cc(S(=O)(=O)c2ccccc2)ccc1NS(=O)(=O)C(F)(F)F,-3.8,379.381,3.0893,80.31,1,4,4,2,24,2,0,10,0.1429,81.6703,0,True
Coumachlor,CC(=O)CC(c1ccc(Cl)cc1)c1c(O)c2ccccc2oc1=O,-5.839,342.778,4.263,67.51,1,4,4,3,24,3,0,5,0.1579,92.7418,0,True
2-Ethylnaphthalene,CCc1ccc2ccccc2c1,-4.29,156.228,3.4022,0.0,0,0,1,2,12,2,0,0,0.1667,53.326,0,True
5-methylcytosine,Cc1c[nH]c(=O)nc1N,-1.4580000000000002,125.131,-0.3395,71.77,2,3,0,1,9,1,0,4,0.2,34.0071,0,True
"2,3,4,5,6-PCB",Clc1c(Cl)c(Cl)c(-c2ccccc2)c(Cl)c1Cl,-7.92,326.437,6.6206,0.0,0,0,1,2,17,2,0,5,0.0,76.928,1,True
benodanil,O=C(Nc1ccccc1)c1ccccc1I,-4.21,323.133,3.5435,29.1,1,1,2,2,16,2,0,3,0.0,73.5542,0,True
Riboflavin,Cc1cc2nc3c(=O)[nH]c(=O)nc-3n(CC(O)C(O)C(O)CO)c2cc1C,-3.685,376.369,-1.7236,161.56,5,8,5,3,27,1,2,10,0.4118,95.6209,0,True
o-Fluorobromobenzene,Fc1ccccc1Br,-2.7,175.0,2.5882,0.0,0,0,0,1,8,1,0,2,0.0,34.1,0,True
"2,4-Dichlorophenol ",Oc1ccc(Cl)cc1Cl,-1.55,163.003,2.699,20.23,1,1,0,1,9,1,0,3,0.0,38.1268,0,True
Permethrin,CC1(C)C(C=C(Cl)Cl)C1C(=O)OCc1cccc(Oc2ccccc2)c1,-6.291,391.294,6.1133,35.53,0,3,6,3,26,2,1,5,0.2857,103.304,1,True
piroxicam,CN1C(C(=O)Nc2ccccn2)=C(O)c2ccccc2S1(=O)=O,-4.16,331.353,1.581,99.6,2,5,2,3,23,2,1,8,0.0667,83.8063,0,True
3-Propanoyloxymethylphenytoin,CCC(=O)OCN1C(=O)NC(c2ccccc2)(c2ccccc2)C1=O,-4.907,338.363,2.3927,75.71,1,4,5,3,25,2,1,6,0.2105,90.2917,0,True
Cyclopentane ,C1CCCC1,-2.64,70.135,1.9505,0.0,0,0,0,1,5,0,1,0,1.0,23.085,0,True
o-Toluidine,Cc1ccccc1N,-2.21,107.156,1.5772,26.02,1,1,0,1,8,1,0,1,0.1429,35.5914,0,True
Estragole,C=CCc1ccc(OC)cc1,-2.92,148.205,2.4237,9.23,0,1,3,1,11,1,0,1,0.2,46.895,0,True
karbutilate,CN(C)C(=O)Nc1cccc(OC(=O)NC(C)(C)C)c1,-2.93,279.34,2.667,70.67,2,3,2,1,20,1,0,6,0.4286,78.0604,0,True
3-Methyl-1-Butene,C=CC(C)C,-2.73,70.135,1.8284,0.0,0,0,1,0,5,0,0,0,0.6,25.035,0,True
2-Hydroxypyridine,Oc1ccccn1,1.02,95.101,0.7872,33.12,1,2,0,1,7,1,0,2,0.0,25.9018,0,True
Ethane,CC,-1.36,30.07,1.0262,0.0,0,0,0,0,2,0,0,0,1.0,11.348,0,True
"1,2-Dichlorobenzene",Clc1ccccc1Cl,-3.05,147.004,2.9934,0.0,0,0,0,1,8,1,0,2,0.0,36.462,0,True
mercaptobenzothiazole,Sc1nc2ccccc2s1,-3.18,167.258,2.585,12.89,1,3,0,2,10,2,0,3,0.0,46.872,0,True
"2,2',3,3',4,4',5,5',6,6'-PCB",Clc1c(Cl)c(Cl)c(-c2c(Cl)c(Cl)c(Cl)c(Cl)c2Cl)c(Cl)c1Cl,-11.6,498.662,9.8876,0.0,0,0,1,2,22,2,0,10,0.0,101.978,1,True
Methoxsalen,COc1c2occc2cc2ccc(=O)oc12,-3.664,216.192,2.5478,52.58,0,4,1,3,16,3,0,4,0.0833,58.808,0,True
Acetamide,CC(N)=O,1.58,59.068,-0.5084,43.09,1,1,0,0,4,0,0,2,0.5,14.8684,0,True
1-Methylnaphthalene,Cc1cccc2ccccc12,-3.7,142.201,3.1482,0.0,0,0,0,2,11,2,0,0,0.0909,48.685,0,True
Napropamide,CCN(CC)C(=O)C(C)Oc1cccc2ccccc12,-3.57,271.36,3.4755,29.54,0,2,5,2,20,2,0,3,0.3529,81.966,0,True
"3,3-Dimethyl-2-butanol",CC(O)C(C)(C)C,-0.62,102.177,1.4133,20.23,1,1,0,0,7,0,0,1,1.0,31.1358,0,True
Methyl pentanoate,CCCC(=O)OCC,-1.36,116.16,1.3496,26.3,0,2,3,0,8,0,0,2,0.8333,31.541,0,True
Menadione,CC1=CC(=O)c2ccccc2C1=O,-3.03,172.183,2.0119,34.14,0,2,0,2,13,1,1,2,0.0909,48.86,0,True
Phenanthrene,c1ccc2c(c1)ccc1ccccc12,-5.26,178.234,3.993,0.0,0,0,0,3,14,3,0,0,0.0,61.454,0,True
"2,4-Dimethylpyridine",Cc1ccnc(C)c1,0.38,107.156,1.6984,12.89,0,1,0,1,8,1,0,1,0.2857,33.711,0,True
1-Nonanol,CCCCCCCCCO,-3.01,144.258,2.7293,20.23,1,1,7,0,10,0,0,1,1.0,45.0788,0,True
Dibromomethane,BrCBr,-1.17,173.835,1.7337,0.0,0,0,0,0,3,0,0,2,1.0,22.721,0,True
Dexamethasone,CC1CC2C3CCC4=CC(=O)C=CC4(C)C3(F)C(O)CC2(C)C1(O)C(=O)CO,-3.59,392.467,1.8957,94.83,3,5,2,4,28,0,4,6,0.7273,99.9444,0,True
"2,6-Dimethylnaphthalene ",Cc1ccc2cc(C)ccc2c1,-4.89,156.228,3.4566,0.0,0,0,0,2,12,2,0,0,0.1667,53.422,0,True
Butylate,CCSC(=O)N(CC(C)C)CC(C)C,-3.68,217.378,3.4735,20.31,0,2,5,0,14,0,0,3,0.9091,64.777,0,True
nitroglycerin,O=[N+]([O-])OCC(CO[N+](=O)[O-])O[N+](=O)[O-],-2.22,227.085,-1.0201,157.11,0,9,8,0,15,0,0,12,1.0,37.7602,0,True
m-Nitroaniline,Nc1cccc([N+](=O)[O-])c1,-2.19,138.126,1.177,69.16,1,3,1,1,10,1,0,4,0.0,37.5088,0,True
1-Chlorobutane,CCCCCl,-2.03,92.569,2.0253,0.0,0,0,2,0,5,0,0,1,1.0,25.628,0,True
triforine,O=CNC(N1C=CN(C(NC=O)C(Cl)(Cl)Cl)C=C1)C(Cl)(Cl)Cl,-4.19,430.934,2.431,64.68,2,4,6,1,22,0,1,12,0.4,88.5134,0,True
Fluridone,Cn1cc(-c2ccccc2)c(=O)c(-c2cccc(C(F)(F)F)c2)c1,-4.445,329.321,4.7381,22.0,0,1,2,3,24,3,0,5,0.1053,87.557,0,True
6-aminochrysene,Nc1cc2c3ccccc3ccc2c2ccccc12,-6.2,243.309,4.7284,26.02,1,1,0,4,19,4,0,1,0.0,83.3724,0,True
Estrone,CC12CCC3c4ccc(O)cc4CCC3C1CCC2=O,-3.955,270.372,3.8174,37.3,1,2,0,4,20,1,3,2,0.6111,77.7308,0,True
RTI 17,CCN1c2ccccc2N(C)C(=S)c2cccnc21,-4.706,269.373,3.3649,19.37,0,3,1,3,19,2,1,4,0.2,83.462,0,True
"1,2-Propylene oxide",CC1CO1,-0.59,58.08,0.4051,12.53,0,1,0,1,4,0,1,1,1.0,15.414,0,True
Nitrazepam,O=C1CN=C(c2ccccc2)c2cc([N+](=O)[O-])ccc2N1,-3.796,281.271,2.3843,84.6,1,4,2,3,21,2,1,6,0.0667,78.6741,0,True
"1,3-diethylthiourea",CCNC(=S)NCC,-1.46,132.232,0.4903,24.06,2,1,2,0,8,0,0,3,0.8,39.9514,0,True
"2,3,5-Trichlorophenol",Oc1cc(Cl)cc(Cl)c1Cl,-2.67,197.448,3.3524,20.23,1,1,0,1,10,1,0,4,0.0,43.1368,0,True
Propyl propanoate,CCCCC(=O)OC,-1.34,116.16,1.3496,26.3,0,2,3,0,8,0,0,2,0.8333,31.541,0,True
Aniline ,Nc1ccccc1,-0.41,93.129,1.2688,26.02,1,1,0,1,7,1,0,1,0.0,30.8544,0,True
"1,5-Dimethlnapthalene",Cc1cccc2c(C)cccc12,-4.678999999999999,156.228,3.4566,0.0,0,0,0,2,12,2,0,0,0.1667,53.422,0,True
hydrochlorothiazide,NS(=O)(=O)c1cc2c(cc1Cl)NCNS2(=O)=O,-2.63,297.745,-0.3513,118.36,3,5,1,2,17,1,1,10,0.1429,61.6364,0,True
Acenapthylene,C1=Cc2cccc3cccc1c23,-3.96,152.196,3.3236,0.0,0,0,0,3,12,2,1,0,0.0,52.876,0,True
Ethyl butyrate,CCCCCOC(=O)CC,-1.28,144.214,2.1298,26.3,0,2,5,0,10,0,0,2,0.875,40.775,0,True
Atratone,CCNc1nc(NC(C)C)nc(OC)n1,-2.084,211.269,1.1323,71.96,2,6,5,1,15,1,0,6,0.6667,59.3014,0,True
Benzo(a)pyrene,c1ccc2c(c1)cc1ccc3cccc4ccc2c1c34,-8.699,252.316,5.7372,0.0,0,0,0,5,20,5,0,0,0.0,87.652,1,True
Bromoethane,CCBr,-1.09,108.966,1.4012,0.0,0,0,0,0,3,0,0,1,1.0,19.468,0,True
3-Hexyne,CCC#CCC,-1.99,82.146,1.8098,0.0,0,0,0,0,6,0,0,0,0.6667,28.358,0,True
Digitoxin,CC1OC(OC2C(O)CC(OC3C(O)CC(OC4CCC5(C)C(CCC6C5CCC5(C)C(C7=CC(=O)OC7)CCC65O)C4)OC3C)OC2C)CC(O)C1O,-5.292999999999999,764.95,3.2473,182.83,5,13,7,8,54,0,8,13,0.9268,191.221,2,False
2-Methyl-1-Butene,C=C(C)CC,-2.73,70.135,1.9725,0.0,0,0,1,0,5,0,0,0,0.6,25.105,0,True
8-quinolinol,Oc1cccc2cccnc12,-2.42,145.161,1.9404,33.12,1,2,0,2,11,2,0,2,0.0,43.4078,0,True
"1,2,3,4-Tetrahydronapthalene",c1ccc2c(c1)CCCC2,-4.37,132.206,2.5654,0.0,0,0,0,2,10,1,1,0,0.4,43.084,0,True
phenolphthalein,O=C1OC(c2ccc(O)cc2)(c2ccc(O)cc2)c2ccccc21,-2.9,318.328,3.5601,66.76,2,4,2,4,24,3,1,4,0.05,87.9531,0,True
"1,3,5-Tribromobenzene",Brc1cc(Br)cc(Br)c1,-5.6,314.802,3.9741,0.0,0,0,0,1,9,1,0,3,0.0,49.542,0,True
Ronnel,COP(=S)(OC)Oc1cc(Cl)c(Cl)cc1Cl,-5.72,321.549,4.5429,27.69,0,4,4,1,16,1,0,8,0.25,70.403,0,True
methylthiouracil,Cc1cc(=O)[nH]c(=S)[nH]1,-2.436,142.183,0.7409,48.65,2,2,0,1,9,1,0,4,0.2,36.9844,0,True
Eugenol,C=CCc1ccc(O)c(OC)c1,-1.56,164.204,2.1293,29.46,1,2,3,1,12,1,0,2,0.2,48.5598,0,True
5-Allyl-5-isopropylbarbital,C=CCC1(C(C)C)C(=O)NC(=O)NC1=O,-1.7080000000000002,210.233,0.5709,75.27,2,3,3,1,15,0,1,5,0.5,53.7664,0,True
Pyrene,c1cc2ccc3cccc4ccc(c1)c2c34,-6.176,202.256,4.584,0.0,0,0,0,4,16,4,0,0,0.0,70.146,0,True
"1,1-Diethoxyethane ",CCOC(C)OCC,-0.43,118.176,1.4054,18.46,0,2,4,0,8,0,0,2,1.0,32.714,0,True
Clomazone,CC1(C)CON(Cc2ccccc2Cl)C1=O,-2.338,239.702,2.64,29.54,0,2,2,2,16,1,1,4,0.4167,61.735,0,True
2-Butoxyethanol,CCCCOCCO,-0.42,118.176,0.7954,29.46,1,2,5,0,8,0,0,2,1.0,32.8128,0,True
Quintozene,O=[N+]([O-])c1c(Cl)c(Cl)c(Cl)c(Cl)c1Cl,-5.82,295.336,4.8618,43.14,0,2,1,1,14,1,0,8,0.0,58.1464,0,True
Androsterone,CC12CCC3C(CCC4CC(O)CCC43C)C1CCC2=O,-4.402,290.447,3.9591,37.3,1,2,0,4,21,0,4,2,0.9474,82.7408,0,True
Flurochloridone,O=C1C(Cl)C(CCl)CN1c1cccc(C(F)(F)F)c1,-4.047,312.118,3.5144,20.31,0,1,2,2,19,1,1,7,0.4167,67.648,0,True
Quinoline,c1ccc2ncccc2c1,-1.3,129.162,2.2348,12.89,0,1,0,2,10,2,0,1,0.0,41.743,0,True
methyl gallate,COC(=O)c1cc(O)c(O)c(O)c1,-1.24,184.147,0.59,86.99,3,5,1,1,13,1,0,5,0.125,42.7759,0,True
fluconazole,OC(Cn1cncn1)(Cn1cncn1)c1ccc(F)cc1F,-1.8,306.276,0.7358,81.65,1,5,5,3,22,3,0,9,0.2308,70.2988,0,True
Chlorzoxazone,O=c1[nH]c2cc(Cl)ccc2o1,-2.8310000000000004,169.567,1.7745,46.0,1,2,0,2,11,2,0,4,0.0,41.8447,0,True
"2,2',3,4,4',5',6-PCB",Clc1ccc(-c2c(Cl)c(Cl)c(Cl)c(Cl)c2Cl)c(Cl)c1,-7.92,395.327,7.9274,0.0,0,0,1,2,19,2,0,7,0.0,86.948,1,True
alloxan,O=C1NC(=O)C(=O)C(=O)N1,-1.25,142.07,-2.0785,92.34,2,4,0,1,10,0,1,6,0.0,26.6884,0,True
"1,3-Dichloropropane",ClCCCCl,-1.62,112.987,1.8541,0.0,0,0,2,0,5,0,0,2,1.0,26.057,0,True
m-Fluorobromobenzene,Fc1cccc(Br)c1,-2.67,175.0,2.5882,0.0,0,0,0,1,8,1,0,2,0.0,34.1,0,True
p-Chlorobromobenzene,Clc1ccc(Br)cc1,-3.63,191.455,3.1025,0.0,0,0,0,1,8,1,0,2,0.0,39.152,0,True
"2,3-Dimethylbutane",CC(C)C(C)C,-3.65,86.178,2.2984,0.0,0,0,1,0,6,0,0,0,1.0,29.676,0,True
1-Butene,C=CCC,-1.94,56.108,1.5824,0.0,0,0,1,0,4,0,0,0,0.5,20.488,0,True
"2,2',3,4,5,5'-PCB",Clc1ccc(Cl)c(-c2cc(Cl)c(Cl)c(Cl)c2Cl)c1,-7.68,360.882,7.274,0.0,0,0,1,2,18,2,0,6,0.0,81.938,1,True
cytosine,Nc1cc[nH]c(=O)n1,-1.155,111.104,-0.6479,71.77,2,3,0,1,8,1,0,4,0.0,29.2701,0,True
"1,1,2-Trichlorotrifluoroethane",FC(F)(Cl)C(F)(Cl)Cl,-3.04,187.375,2.9189,0.0,0,0,1,0,8,0,0,6,1.0,26.345,0,True
Propionitrile,CCC#N,0.28,55.08,0.92,23.79,0,1,0,0,4,0,0,1,0.6667,15.904,0,True
"O,P'-DDD",Clc1ccc(C(c2ccccc2Cl)C(Cl)Cl)cc1,-6.51,320.046,5.929,0.0,0,0,3,2,18,2,0,4,0.1429,80.241,1,True
o-Nitroanisole,COc1ccccc1[N+](=O)[O-],-1.96,153.137,1.6034,52.37,0,3,2,1,11,1,0,4,0.1429,39.6484,0,True
Prasterone,CC12CCC3C(CC=C4CC(O)CCC43C)C1CCC2=O,-4.12,288.431,3.8792,37.3,1,2,0,4,21,0,4,2,0.8421,82.7168,0,True
Procymidone,CC12CC1(C)C(=O)N(c1cc(Cl)cc(Cl)c1)C2=O,-4.8,284.142,3.2829,37.38,0,2,1,3,18,1,2,5,0.3846,69.786,0,True
Benzo[ghi]perylene,c1cc2ccc3ccc4ccc5cccc6c(c1)c2c3c4c56,-9.018,276.338,6.3282,0.0,0,0,0,6,22,6,0,0,0.0,96.344,1,True
Dinoseb,CCC(C)c1cc([N+](=O)[O-])cc([N+](=O)[O-])c1O,-3.38,240.215,2.7221,106.51,1,5,4,1,17,1,0,7,0.4,60.1216,0,True
meconin,COC1=C(OC)C2C(=O)OCC2C=C1,-1.899,196.202,0.8498,44.76,0,4,2,2,14,0,2,4,0.5,48.123,0,True
Glycerol,OCC(O)CO,1.12,92.094,-1.6681,60.69,3,3,2,0,6,0,0,3,1.0,20.1784,0,True
Guaiacol,COc1ccccc1O,-1.96,124.139,1.4008,29.46,1,2,1,1,9,1,0,2,0.1429,34.6588,0,True
chlorpyrifos,CCOP(=S)(OCC)Oc1nc(Cl)c(Cl)cc1Cl,-5.67,350.591,4.7181,40.58,0,5,6,1,18,1,0,9,0.4444,77.432,0,True
9-Methylanthracene,Cc1c2ccccc2cc2ccccc12,-5.89,192.261,4.3014,0.0,0,0,0,3,15,3,0,0,0.0667,66.191,0,True
Antipyrene,Cc1cc(=O)n(-c2ccccc2)n1C,0.715,188.23,1.4844,26.93,0,1,1,2,14,2,0,3,0.1818,55.747,0,True
Methyl butyl ether ,CCCCOC,-0.99,88.15,1.4329,9.23,0,1,3,0,6,0,0,1,1.0,26.784,0,True
7-methylpteridine,Cc1cnc2cncnc2n1,-0.8540000000000001,146.153,0.7282,51.56,0,4,0,2,11,2,0,4,0.1429,39.865,0,True
simazine,CCNc1nc(Cl)nc(NCC)n1,-4.55,201.661,1.3886,62.73,2,5,4,1,13,1,0,6,0.5714,53.1644,0,True
"N,N-Dimethylacetamide",CC(=O)N(C)C,1.11,87.122,0.0945,20.31,0,1,0,0,6,0,0,2,0.75,24.368,0,True
Simetryn,CSc1nc(N(C)C)nc(N(C)C)n1,-2.676,213.31,0.7255,45.15,0,6,3,1,14,1,0,6,0.625,60.262,0,True
Ethylene,C=C,-0.4,28.054,0.8022,0.0,0,0,0,0,2,0,0,0,0.0,11.254,0,True
"3,3-Dimethyl-1-butanol",CC(C)(C)CCO,-0.5,102.177,1.4149,20.23,1,1,1,0,7,0,0,1,1.0,31.1578,0,True
5-Allyl-5-ethylbarbital,C=CCC1(CC)C(=O)NC(=O)NC1=O,-1.614,196.206,0.3249,75.27,2,3,3,1,14,0,1,5,0.4444,49.2194,0,True
"2,3,4-Trichlorophenol",Oc1ccc(Cl)c(Cl)c1Cl,-2.67,197.448,3.3524,20.23,1,1,0,1,10,1,0,4,0.0,43.1368,0,True
Anisole,COc1ccccc1,-1.85,108.14,1.6952,9.23,0,1,1,1,8,1,0,1,0.1429,32.994,0,True
chloropropylate,CC(C)OC(=O)C(O)(c1ccc(Cl)cc1)c1cccc(Cl)c1,-4.53,339.218,4.1809,46.53,1,3,4,2,22,2,0,5,0.2353,87.1308,0,True
aldosterone,CC12CCC(=O)C=C1CCC1C2C(O)CC2(C=O)C(C(=O)CO)CCC12,-3.85,360.45,1.8457,91.67,2,5,3,4,26,0,4,5,0.7619,94.0726,0,True
Difenoxuron,COc1ccc(Oc2ccc(NC(=O)N(C)C)cc2)cc1,-4.16,286.331,3.581,50.8,1,3,4,2,21,2,0,5,0.1875,82.2157,0,True
4-Ethyltoluene,CCc1ccc(C)cc1,-3.11,120.195,2.5574,0.0,0,0,1,1,9,1,0,0,0.3333,40.557,0,True
Diisopropylsulfide,CC(C)SC(C)C,-2.24,118.245,2.5364,0.0,0,1,2,0,7,0,0,1,1.0,37.863,0,True
"1,3-Dinitrobenzene",O=[N+]([O-])c1cccc([N+](=O)[O-])c1,-2.29,168.108,1.503,86.28,0,4,2,1,12,1,0,6,0.0,39.7508,0,True
Ethion,CCOP(=S)(OCC)SCSP(=S)(OCC)OCC,-5.54,384.487,5.0053,36.92,0,8,12,0,19,0,0,10,1.0,95.123,1,True
probarbital,CCC1(C(C)C)C(=O)NC(=O)NC1=O,-2.21,198.222,0.4048,75.27,2,3,2,1,14,0,1,5,0.6667,49.2434,0,True
cortisone acetate,CC(=O)OCC(=O)C1(O)CCC2C3CCC4=CC(=O)CCC4(C)C3C(=O)CC21C,-4.21,402.487,2.5606,97.74,1,6,3,4,29,0,4,6,0.7391,103.6898,0,True
Metronidazole,Cc1ncc([N+](=O)[O-])n1CCO,-1.22,171.156,0.092,81.19,1,4,3,1,12,1,0,6,0.5,40.7042,0,True
p-Chloroaniline,Nc1ccc(Cl)cc1,-1.66,127.574,1.9222,26.02,1,1,0,1,8,1,0,2,0.0,35.8644,0,True
"2,2-Dimethylpentanol",CCCC(C)(C)CO,-1.52,116.204,1.805,20.23,1,1,3,0,8,0,0,1,1.0,35.7748,0,True
Furane,c1ccoc1,-0.82,68.075,1.2796,13.14,0,1,0,1,5,1,0,1,0.0,18.708,0,True
Methoproptryne,COCCCNc1nc(NC(C)C)nc(SC)n1,-2.928,271.39,1.8622,71.96,2,7,8,1,18,1,0,7,0.7273,75.3494,0,True
Norea,CN(C)C(=O)NC1CC2CC1C1CCCC21,-3.1710000000000003,222.332,2.0823,32.34,1,1,1,3,16,0,3,3,0.9231,63.0517,0,True
t-Butylbenzene ,CC(C)(C)c1ccccc1,-3.66,134.222,2.9841,0.0,0,0,0,1,10,1,0,0,0.4,45.142,0,True
kebuzone,CC(=O)CCC1C(=O)N(c2ccccc2)N(c2ccccc2)C1=O,-3.27,322.364,2.9668,57.69,0,3,5,3,24,2,1,5,0.2105,91.261,0,True
prednisolone acetate,CC(=O)OCC(=O)C1(O)CCC2C3CCC4=CC(=O)C=CC4(C)C3C(O)CC21C,-4.37,402.487,2.1284,100.9,2,6,3,4,29,0,4,6,0.6957,104.5956,0,True
Methyl propyl ether ,CCCOC,-0.39,74.123,1.0428,9.23,0,1,2,0,5,0,0,1,1.0,22.167,0,True
Isopropyl acetate,CC(=O)OC(C)C,-0.55,102.133,0.9579,26.3,0,2,1,0,7,0,0,2,0.8,26.902,0,True
Bromobenzene,Brc1ccccc1,-2.55,157.01,2.4491,0.0,0,0,0,1,7,1,0,1,0.0,34.142,0,True
Ethyl-p-hydroxybenzoate ,CCOC(=O)c1ccc(O)cc1,-2.35,166.176,1.5689,46.53,1,3,2,1,12,1,0,3,0.2222,44.0633,0,True
3-Butanoyloxymethylphenytoin,CCCC(=O)OCN1C(=O)NC(c2ccccc2)(c2ccccc2)C1=O,-5.071000000000001,352.39,2.7828,75.71,1,4,6,3,26,2,1,6,0.25,94.9087,0,True
testosterone propionate,CCC(=O)OC1CCC2C3CCC4=CC(=O)CCC4(C)C3CCC12C,-5.37,344.495,4.8401,43.37,0,3,2,4,25,0,4,3,0.8182,96.881,0,True
Coronene,c1cc2ccc3ccc4ccc5ccc6ccc1c1c2c3c4c5c61,-9.332,300.36,6.9192,0.0,0,0,0,7,24,7,0,0,0.0,105.036,1,True
allopurinol,O=c1[nH]cnc2[nH]ncc12,-2.266,136.114,-0.3538,74.43,2,3,0,2,10,2,0,5,0.0,34.5094,0,True
Chloroethylene,C=CCl,-1.75,62.499,1.3687,0.0,0,0,0,0,3,0,0,1,0.0,16.05,0,True
diphenamid,CN(C)C(=O)C(c1ccccc1)c1ccccc1,-2.98,239.318,2.9067,20.31,0,1,3,2,18,2,0,2,0.1875,73.421,0,True
Tetrabromomethane,BrC(Br)(Br)Br,-3.14,331.627,3.1773,0.0,0,0,0,0,5,0,0,4,1.0,38.439,0,True
RTI 22,CCN1c2cc(N(C)C)cc(C)c2NC(=O)c2cccnc21,-4.871,296.374,3.1797,48.47,1,4,2,3,22,2,1,5,0.2941,90.3762,0,True
phthalimide,O=C1NC(=O)c2ccccc21,-2.61,147.133,0.5702,46.17,1,2,0,2,11,1,1,3,0.0,38.2387,0,True
Fenarimol,OC(c1ccc(Cl)cc1)(c1cncnc1)c1ccccc1Cl,-4.38,331.202,4.0676,46.01,1,3,3,3,22,3,0,5,0.0588,87.0368,0,True
Methyl benzoate ,COC(=O)c1ccccc1,-1.85,136.15,1.4732,26.3,0,2,1,1,10,1,0,2,0.125,37.7815,0,True
1-methyluracil,Cn1ccc(=O)[nH]c1=O,-0.807,126.115,-0.9264,54.86,1,2,0,1,9,1,0,4,0.2,32.3037,0,True
oxyphenbutazone,CCCCC1C(=O)N(c2ccccc2)N(c2ccc(O)cc2)C1=O,-3.73,324.38,3.4934,60.85,1,3,5,3,24,2,1,5,0.2632,92.5358,0,True
"2,2',3,5'-PCB",Clc1ccc(Cl)c(-c2cccc(Cl)c2Cl)c1,-6.47,291.992,5.9672,0.0,0,0,1,2,16,2,0,4,0.0,71.918,1,True
Quinethazone,CCC1NC(=O)c2cc(S(N)(=O)=O)c(Cl)cc2N1,-3.29,289.744,0.8788,101.29,3,4,2,2,18,1,1,8,0.3,67.9931,0,True
Diuron,CN(C)C(=O)Nc1ccc(Cl)c(Cl)c1,-3.8,233.098,3.0869,32.34,1,1,1,1,14,1,0,5,0.2222,59.1677,0,True
Cyclopentene ,C1=CCCC1,-2.1,68.119,1.7265,0.0,0,0,0,1,5,0,1,0,0.6,22.991,0,True
alloxantin,O=C1NC(=O)C(O)(C2(O)C(=O)NC(=O)NC2=O)C(=O)N1,-1.99,286.156,-4.8194,191.0,6,8,1,2,20,0,2,12,0.25,53.2624,1,True
Nonane,CCCCCCCCC,-5.88,128.259,3.7569,0.0,0,0,6,0,9,0,0,0,1.0,43.667,0,True
2-Chlorophenol,Oc1ccccc1Cl,-1.06,128.558,2.0456,20.23,1,1,0,1,8,1,0,2,0.0,33.1168,0,True
5-Methylchrysene,Cc1cc2ccccc2c2ccc3ccccc3c12,-6.59,242.321,5.4546,0.0,0,0,0,4,19,4,0,0,0.0526,83.697,1,True
Phenetole,CCOc1ccccc1,-2.33,122.167,2.0853,9.23,0,1,2,1,9,1,0,1,0.25,37.611,0,True
ethyl cinnamate,CCOC(=O)C=Cc1ccccc1,-3.0,176.215,2.2629,26.3,0,2,3,1,13,1,0,2,0.1818,52.109,0,True
Terbacil,Cc1[nH]c(=O)n(C(C)(C)C)c(=O)c1Cl,-2.484,216.668,1.2534,54.86,1,2,0,1,14,1,0,5,0.5556,56.0657,0,True
Clonazepam,O=C1CN=C(c2ccccc2Cl)c2cc([N+](=O)[O-])ccc2N1,-3.499,315.716,3.0377,84.6,1,4,2,3,22,2,1,7,0.0667,83.6841,0,True
p-Toluenesulfonamide ,Cc1ccc(S(N)(=O)=O)cc1,-1.74,171.221,0.6424,60.16,1,2,1,1,11,1,0,4,0.1429,42.5522,0,True
Chlorbufam,C#CC(C)OC(=O)Nc1cccc(Cl)c1,-2.617,223.659,2.9102,38.33,1,2,2,1,15,1,0,4,0.1818,59.8507,0,True
2-Methylheptane,CCCCCC(C)C,-5.08,114.232,3.2227,0.0,0,0,4,0,8,0,0,0,1.0,38.98,0,True
Cyhalothrin,CC1(C)C(C=C(Cl)C(F)(F)F)C1C(=O)OC(C#N)c1cccc(Oc2ccccc2)c1,-8.176,449.856,6.544,59.32,0,4,6,3,31,2,1,8,0.3043,108.156,1,True
Apazone,CCCC1C(=O)N2C(N(C)C)=Nc3ccc(C)cc3N2C1=O,-3.5380000000000003,300.362,2.0642,56.22,0,4,2,3,22,1,2,6,0.4375,84.691,0,True
Diazepam,CN1C(=O)CN=C(c2ccccc2)c2cc(Cl)ccc21,-3.754,284.746,3.1538,32.67,0,2,1,3,20,2,1,4,0.125,81.81,0,True
2-Methyl-3-pentanol,CCC(O)C(C)C,-0.7,102.177,1.4133,20.23,1,1,2,0,7,0,0,1,1.0,31.1358,0,True
fensulfothion,CCOP(=S)(OCC)Oc1ccc(S(C)=O)cc1,-2.3,308.361,3.1003,44.76,0,5,7,1,18,1,0,7,0.4545,76.9394,0,True
borneol,CC1(C)C2CCC1(C)C(O)C2,-2.32,154.253,2.1935,20.23,1,1,0,2,11,0,2,1,1.0,45.2358,0,True
Testosterone,CC12CCC(=O)C=C1CCC1C2CCC2(C)C(O)CCC12,-4.02,288.431,3.8792,37.3,1,2,0,4,21,0,4,2,0.8421,82.7168,0,True
Heptane,CCCCCCC,-4.53,100.205,2.9767,0.0,0,0,4,0,7,0,0,0,1.0,34.433,0,True
1-Napthol,Oc1cccc2ccccc12,-2.22,144.173,2.5454,20.23,1,1,0,2,11,2,0,1,0.0,45.6128,0,True
"cis-1,2-Dimethylcyclohexane",CC1CCCCC1C,-4.3,112.216,2.8326,0.0,0,0,0,1,8,0,1,0,1.0,36.796,0,True
Trimazosin,COc1cc2c(N)nc(N3CCN(C(=O)OCC(C)(C)O)CC3)nc2c(OC)c1OC,-3.638,435.481,1.2673,132.5,2,10,6,3,31,2,1,11,0.55,115.0382,0,True
Cholanthrene,c1cc2c3c(c4ccc5ccccc5c4cc3c1)CC2,-7.85,254.332,5.2448,0.0,0,0,0,5,20,4,1,0,0.1,86.368,1,True
Medrogestone,CC(=O)C1(C)CCC2C3C=C(C)C4=CC(=O)CCC4(C)C3CCC21C,-5.27,340.507,5.2797,34.14,0,2,1,4,25,0,4,2,0.7391,100.021,1,True
2-Heptanone,CCCCCC(C)=O,-1.45,114.188,2.1557,17.07,0,1,4,0,8,0,0,1,0.8571,34.823,0,True
Acephate,COP(=O)(NC(C)=O)SC,0.54,183.169,1.24,55.4,1,4,3,0,10,0,0,6,0.75,41.9472,0,True
DEF,CCCCSP(=O)(SCCCC)SCCCC,-5.14,314.522,6.6944,17.07,0,4,12,0,17,0,0,5,1.0,89.7045,1,True
phthalamide,O=C1NC(=O)C2C=CC=CC12,-2.932,149.149,0.0012,46.17,1,2,0,2,11,0,2,3,0.25,38.4097,0,True
Trichlomethiazide,NS(=O)(=O)c1cc2c(cc1Cl)NC(C(Cl)Cl)NS2(=O)=O,-2.68,380.662,0.821,118.36,3,5,2,2,20,1,1,12,0.25,76.0514,0,True
2-Methy-2-Butene,CC=C(C)C,-2.56,70.135,1.9725,0.0,0,0,0,0,5,0,0,0,0.6,25.105,0,True
"1,2,4-Trimethylbenzene",Cc1ccc(C)c(C)c1,-3.31,120.195,2.6119,0.0,0,0,0,1,9,1,0,0,0.3333,40.653,0,True
"2,4,5-Trichlorophenol ",Oc1cc(Cl)c(Cl)cc1Cl,-2.21,197.448,3.3524,20.23,1,1,0,1,10,1,0,4,0.0,43.1368,0,True
phenanthridine,c1ccc2c(c1)cnc1ccccc12,-2.78,179.222,3.388,12.89,0,1,0,3,14,3,0,1,0.0,59.249,0,True
3-Methyl-3-hexanol,CCCC(C)(O)CC,-0.98,116.204,1.9475,20.23,1,1,3,0,8,0,0,1,1.0,35.8228,0,True
Octane,CCCCCCCC,-5.24,114.232,3.3668,0.0,0,0,5,0,8,0,0,0,1.0,39.05,0,True
Anthracene,c1ccc2cc3ccccc3cc2c1,-6.35,178.234,3.993,0.0,0,0,0,3,14,3,0,0,0.0,61.454,0,True
Phenylhydrazine,NNc1ccccc1,0.07,108.144,0.9722,38.05,2,2,1,1,8,1,0,2,0.0,34.2521,0,True
Propionaldehyde,CCC=O,0.58,58.08,0.5953,17.07,0,1,1,0,4,0,0,1,0.6667,16.355,0,True
Cyclooctane,C1CCCCCCC1,-4.15,112.216,3.1208,0.0,0,0,0,1,8,0,1,0,1.0,36.936,0,True
"5,5-Diallylbarbital",C=CCC1(CC=C)C(=O)NC(=O)NC1=O,-2.077,208.217,0.491,75.27,2,3,4,1,15,0,1,5,0.3,53.7424,0,True
Trichloromethane,ClC(Cl)Cl,-1.17,119.378,1.9864,0.0,0,0,0,0,4,0,0,3,1.0,21.347,0,True
thiouracil,O=c1ccnc(S)[nH]1,-2.273,128.156,0.0586,45.75,2,3,0,1,8,1,0,4,0.0,32.1097,0,True
Pencycuron,O=C(Nc1ccccc1)N(Cc1ccc(Cl)cc1)C1CCCC1,-5.915,328.843,5.3167,32.34,1,1,4,3,23,2,1,4,0.3158,94.7117,1,True
1-Methylcyclohexene ,CC1=CCCCC1,-3.27,96.173,2.5067,0.0,0,0,0,1,7,0,1,0,0.7143,32.225,0,True
2-Ethylhexanal,CCCCC(C=O)CC,-2.13,128.215,2.4017,17.07,0,1,5,0,9,0,0,1,0.875,39.37,0,True
Khellin,COc1c2occc2c(OC)c2c(=O)cc(C)oc12,-3.0210000000000004,260.245,2.8648,61.81,0,5,2,3,19,3,0,5,0.2143,70.097,0,True
5-Ethyl-5-(3-methylbutyl)barbital,CCC1(CCC(C)C)C(=O)NC(=O)NC1=O,-2.658,226.276,1.185,75.27,2,3,4,1,16,0,1,5,0.7273,58.4774,0,True
Benzo(j)fluoranthene,c1ccc2c3c(ccc2c1)-c1cccc2cccc-3c12,-8.0,252.316,5.6404,0.0,0,0,0,5,20,4,1,0,0.0,85.884,1,True
2-Ethylbutanal,CCC(C=O)CC,-1.52,100.161,1.6215,17.07,0,1,3,0,7,0,0,1,0.8333,30.136,0,True
Dipropyl ether,CCCOCCC,-1.62,102.177,1.823,9.23,0,1,4,0,7,0,0,1,1.0,31.401,0,True
1-Tetradecanol,CCCCCCCCCCCCCCO,-5.84,214.393,4.6798,20.23,1,1,12,0,15,0,0,1,1.0,68.1638,0,True
"2,3,6-Trichlorophenol",Oc1c(Cl)ccc(Cl)c1Cl,-2.64,197.448,3.3524,20.23,1,1,0,1,10,1,0,4,0.0,43.1368,0,True
Urea,NC(N)=O,0.96,60.056,-0.9762,69.11,2,1,0,0,4,0,0,3,0.0,13.7708,0,True
1-Pentyne,C#CCCC,-1.64,68.119,1.4197,0.0,0,0,1,0,5,0,0,0,0.6,23.741,0,True
"1,3-Dibromobenzene",Brc1cccc(Br)c1,-3.54,235.906,3.2116,0.0,0,0,0,1,8,1,0,2,0.0,41.842,0,True
1-Octadecanol,CCCCCCCCCCCCCCCCCCO,-8.4,270.501,6.2402,20.23,1,1,16,0,19,0,0,1,1.0,86.6318,1,True
Acetanilide,CC(=O)Nc1ccccc1,-1.33,135.166,1.645,29.1,1,1,1,1,10,1,0,2,0.125,40.7457,0,True
hematein,O=C1C=C2CC3(O)COc4c(ccc(O)c4O)C3=C2C=C1O,-2.7,300.266,1.3296,107.22,4,6,0,4,22,1,3,6,0.1875,75.5552,0,True
Isonazid,NNC(=O)c1ccncc1,0.009,137.142,-0.3149,68.01,2,3,1,1,10,1,0,4,0.0,35.8906,0,True
hydroxychlordene,OC1C=CC2C1C1(Cl)C(Cl)=C(Cl)C2(Cl)C1(Cl)Cl,-5.46,354.875,3.995,20.23,1,1,0,3,17,0,3,7,0.6,72.4638,0,True
Isopentyl formate,CC(C)CCOC=O,-1.52,116.16,1.2055,26.3,0,2,4,0,8,0,0,2,0.8333,31.471,0,True
Acetophenone,CC(=O)c1ccccc1,-1.28,120.151,1.8892,17.07,0,1,1,1,9,1,0,1,0.125,36.4465,0,True
biquinoline,c1ccc2nc(-c3ccc4ccccc4n3)ccc2c1,-5.4,256.308,4.45,25.78,0,2,1,4,20,4,0,2,0.0,82.48,0,True
Triethyl phosphate,CCOP(=O)(OCC)OCC,0.43,182.156,2.204,44.76,0,4,6,0,11,0,0,5,1.0,42.4845,0,True
D-fenchone,CC12CCC(C1)C(C)(C)C2=O,-1.85,152.237,2.4017,17.07,0,1,0,2,11,0,2,1,0.9,44.236,0,True
7-methoxypteridine,COc1cnc2cncnc2n1,-0.91,162.152,0.4284,60.79,0,5,1,2,12,2,0,5,0.1429,41.68,0,True
Chlordene,ClC1=C(Cl)C2(Cl)C3CC=CC3C1(Cl)C2(Cl)Cl,-5.64,338.876,5.0242,0.0,0,0,0,3,16,0,3,6,0.6,71.074,1,True
2-Nitropropane,CC(C)[N+](=O)[O-],-0.62,89.094,0.6715,43.14,0,2,1,0,6,0,0,3,1.0,22.1304,0,True
Carbazole,c1ccc2c(c1)[nH]c1ccccc12,-5.27,167.211,3.3211,15.79,1,0,0,3,13,3,0,1,0.0,55.8047,0,True
Erythritol,OCC(O)C(O)CO,0.7,122.12,-2.3072,80.92,4,4,3,0,8,0,0,4,1.0,26.1852,0,True
Risocaine,CCCOC(=O)c1ccc(N)cc1,-2.452,179.219,1.8356,52.32,1,3,3,1,13,1,0,3,0.3,51.4279,0,True
Azodrin,CNC(=O)C=C(C)OP(=O)(OC)OC,0.6509999999999999,223.165,1.0537,73.86,1,5,5,0,14,0,0,7,0.5714,50.5332,0,True
Succinimide,O=C1CCC(=O)N1,0.3,99.089,-0.577,46.17,1,2,0,1,7,0,1,3,0.5,22.3837,0,True
"2,3-Dimethylpentane",CCC(C)C(C)C,-4.28,100.205,2.6885,0.0,0,0,2,0,7,0,0,0,1.0,34.293,0,True
bupirimate,CCCCc1c(C)nc(NCC)nc1OS(=O)(=O)N(C)C,-4.16,316.427,1.7446,84.42,1,6,8,1,21,1,0,8,0.6923,82.7795,0,True
RTI 16,CCN1c2ncccc2C(=S)N(C)c2cccnc21,-4.634,270.361,2.7599,32.26,0,4,1,3,19,2,1,5,0.2143,81.257,0,True
RTI 9,CCN1C(=O)c2ccccc2Oc2ccccc21,-3.68,239.274,3.459,29.54,0,2,1,3,18,2,1,3,0.1333,70.3085,0,True
Tetrahydropyran ,C1CCOCC1,-0.03,86.134,1.1869,9.23,0,1,0,1,6,0,1,1,1.0,24.67,0,True
1-Heptyne,C#CCCCCC,-3.01,96.173,2.1999,0.0,0,0,3,0,7,0,0,0,0.7143,32.975,0,True
osthole,COc1ccc2ccc(=O)oc2c1CC=C(C)C,-4.314,244.29,3.3103,39.44,0,3,3,2,18,2,0,3,0.2667,72.171,0,True
3-Methylcholanthrene,Cc1ccc2c(ccc3c4c5c(cccc5cc32)CC4)c1,-7.92,268.359,5.5532,0.0,0,0,0,5,21,4,1,0,0.1429,91.105,1,True
Ethyl benzoate ,CCOC(=O)c1ccccc1,-2.32,150.177,1.8633,26.3,0,2,2,1,11,1,0,2,0.2222,42.3985,0,True
1-Chloro-2-methylpropane,CC(C)CCl,-2.0,92.569,1.8812,0.0,0,0,1,0,5,0,0,1,1.0,25.558,0,True
Ethinyl estradiol,C#CC1(O)CCC2C3CCc4cc(O)ccc4C3CCC21C,-4.3,296.41,3.6126,40.46,2,2,0,4,22,1,3,2,0.6,86.5066,0,True
methyl laurate,CCCCCCCCCCCC(=O)OC,-4.69,214.349,4.0803,26.3,0,2,10,0,15,0,0,2,0.9231,63.86,0,True
Di-n-propylsulfide,CCCSCCC,-2.58,118.245,2.5396,0.0,0,1,4,0,7,0,0,1,1.0,37.907,0,True
Napthacene,c1ccc2cc3cc4ccccc4cc3cc2c1,-8.6,228.294,5.1462,0.0,0,0,0,4,18,4,0,0,0.0,78.96,1,True
1-Bromopentane,CCCCCBr,-3.08,151.047,2.5715,0.0,0,0,3,0,6,0,0,1,1.0,33.319,0,True
trans-2-Heptene ,C/C=C/CCCC,-3.82,98.189,2.7527,0.0,0,0,3,0,7,0,0,0,0.7143,34.339,0,True
Metranidazole,Cc1ncc([N+](=O)[O-])n1CCO,-1.26,171.156,0.092,81.19,1,4,3,1,12,1,0,6,0.5,40.7042,0,True
Pentylcyclopentane,CCCCCC1CCCC1,-6.08,140.27,3.7569,0.0,0,0,4,1,10,0,1,0,1.0,46.1,0,True
"2,2',3,5,5',6-PCB",Clc1ccc(Cl)c(-c2c(Cl)c(Cl)cc(Cl)c2Cl)c1,-7.42,360.882,7.274,0.0,0,0,1,2,18,2,0,6,0.0,81.938,1,True
5-Ethyl-5-isopropylbarbituric acid,CCC1(C(C)C)C(=O)NC(=O)NC1=O,-2.148,198.222,0.4048,75.27,2,3,2,1,14,0,1,5,0.6667,49.2434,0,True
"1,1,1-Trichloroethane",CC(Cl)(Cl)Cl,-2.0,133.405,2.3765,0.0,0,0,0,0,5,0,0,3,1.0,25.964,0,True
Monolinuron,CON(C)C(=O)Nc1ccc(Cl)cc1,-2.57,214.652,2.3651,41.57,1,2,2,1,14,1,0,5,0.2222,55.2427,0,True
Cyclohexyl-5-spirobarbituric acid,O=C1NC(=O)C2(CCCCC2)C(=O)N1,-3.06,196.206,0.3029,75.27,2,3,0,2,14,0,2,5,0.6667,47.1994,0,True
dimetan,CN(C)C(=O)OC1=CC(=O)CC(C)(C)C1,-0.85,211.261,1.9576,46.61,0,3,1,1,15,0,1,4,0.6364,56.273,0,True
4-Bromotoluene,Cc1ccc(Br)cc1,-3.19,171.037,2.7575,0.0,0,0,0,1,8,1,0,1,0.1429,38.879,0,True
Diethyl ether ,CCOCC,-0.09,74.123,1.0428,9.23,0,1,2,0,5,0,0,1,1.0,22.167,0,True
Rovral,CC(C)NC(=O)N1CC(=O)N(c2cc(Cl)cc(Cl)c2)C1=O,-4.376,330.171,2.88,69.72,1,3,2,2,21,1,1,8,0.3077,79.7177,0,True
Benfluralin,CCCCN(CC)c1c([N+](=O)[O-])cc(C(F)(F)F)cc1[N+](=O)[O-],-5.53,335.282,4.1482,89.52,0,5,7,1,23,1,0,10,0.5385,77.5478,0,True
"2,4,6-Trimethylphenol",Cc1cc(C)c(O)c(C)c1,-2.05,136.194,2.3175,20.23,1,1,0,1,10,1,0,1,0.3333,42.3178,0,True
Benzene ,c1ccccc1,-1.64,78.114,1.6866,0.0,0,0,0,1,6,1,0,0,0.0,26.442,0,True
p-Chloroiodobenzene,Clc1ccc(I)cc1,-4.03,238.455,2.9446,0.0,0,0,0,1,8,1,0,2,0.0,44.169,0,True
Metoxuron,COc1ccc(NC(=O)N(C)C)cc1Cl,-2.564,228.679,2.4421,41.57,1,2,2,1,15,1,0,5,0.3,60.7097,0,True
propachlor,CC(C)N(C(=O)CCl)c1ccccc1,-2.48,211.692,2.6668,20.31,0,1,3,1,14,1,0,3,0.3636,59.784,0,True
Styrene,C=Cc1ccccc1,-2.82,104.152,2.3296,0.0,0,0,1,1,8,1,0,0,0.0,36.533,0,True
Dimethoxymethane,COCOC,0.48,76.095,0.2367,18.46,0,2,2,0,5,0,0,2,1.0,18.885,0,True
o-Xylene ,Cc1ccccc1C,-2.8,106.168,2.3034,0.0,0,0,0,1,8,1,0,0,0.25,35.916,0,True
Butan-2-ol,CCC(C)O,0.47,74.123,0.7772,20.23,1,1,1,0,5,0,0,1,1.0,21.9718,0,True
"1,4-Benzenediol",Oc1ccc(O)cc1,-0.17,110.112,1.0978,40.46,2,2,0,1,8,1,0,2,0.0,29.7716,0,True
estriol,CC12CCC3c4ccc(O)cc4CCC3C1CC(O)C2O,-4.955,288.387,2.58,60.69,3,3,0,4,21,1,3,3,0.6667,80.1204,0,True
Benzo(b)fluorene,c1ccc2c(c1)Cc1cc3ccccc3cc1-2,-8.04,216.283,4.411,0.0,0,0,0,4,17,3,1,0,0.0588,72.19,0,True
hydantoin,O=C1CNC(=O)N1,-0.4,100.077,-1.1742,58.2,2,2,0,1,7,0,1,4,0.3333,21.5414,0,True
4-hexylresorcinol,CCCCCCc1ccc(O)cc1O,-2.59,194.274,3.2206,40.46,2,2,5,1,14,1,0,2,0.5,57.6176,0,True
allicin,C=CCSS(=O)CC=C,-0.83,162.279,1.7553,17.07,0,2,5,0,9,0,0,3,0.3333,45.8614,0,True
Coumaphos,CCOP(=S)(OCC)Oc1ccc2oc(=O)c(Cl)c(C)c2c1,-5.382000000000001,362.771,4.4311,57.9,0,6,6,2,22,2,0,8,0.3571,90.396,0,True
"5,6-Dimethylchrysene",Cc1c(C)c2c3ccccc3ccc2c2ccccc12,-7.01,256.348,5.763,0.0,0,0,0,4,20,4,0,0,0.1,88.434,1,True
Betamethasone-17-valerate,CCCCC(=O)OC1(C(=O)CO)C(C)CC2C3CCC4=CC(=O)C=CC4(C)C3(F)C(O)CC21C,-4.71,476.585,3.6368,100.9,2,6,6,4,34,0,4,7,0.7407,123.3426,0,True
uric acid,O=c1[nH]c(=O)c2[nH]c(=O)[nH]c2[nH]1,-3.93,168.112,-1.7672,114.37,4,3,0,2,12,2,0,7,0.0,40.1608,0,True
"2,3,4,6-Tetrachlorophenol",Oc1c(Cl)cc(Cl)c(Cl)c1Cl,-3.1,231.893,4.0058,20.23,1,1,0,1,11,1,0,5,0.0,48.1468,0,True
"1,3-Dichlorobenzene",Clc1cccc(Cl)c1,-3.04,147.004,2.9934,0.0,0,0,0,1,8,1,0,2,0.0,36.462,0,True
DDT,Clc1ccc(C(c2ccc(Cl)cc2)C(Cl)(Cl)Cl)cc1,-7.15,354.491,6.4955,0.0,0,0,2,2,19,2,0,5,0.1429,85.037,1,True
Isobutyl formate,CC(C)COC=O,-1.01,102.133,0.8154,26.3,0,2,3,0,7,0,0,2,0.8,26.854,0,True
thioanisole,CSc1ccccc1,-2.39,124.208,2.4085,0.0,0,1,1,1,8,1,0,1,0.1429,38.223,0,True
RTI 13,CCN1c2ncccc2C(=O)Nc2c(C(F)(F)F)cc(C)nc21,-4.207,322.29,3.5275,58.12,1,4,1,3,23,2,1,8,0.2667,78.8462,0,True
Hexane ,CCCCCC,-3.84,86.178,2.5866,0.0,0,0,3,0,6,0,0,0,1.0,29.816,0,True
methyl nicotinate,COC(=O)c1cccnc1,-0.46,137.138,0.8682,39.19,0,3,1,1,10,1,0,3,0.1429,35.5765,0,True
Bendroflumethiazide,NS(=O)(=O)c1cc2c(cc1C(F)(F)F)NC(Cc1ccccc1)NS2(=O)=O,-3.59,421.422,1.6254,118.36,3,5,3,3,27,2,1,12,0.2,90.6954,0,True
"2,3,3',4,4',5-PCB",Clc1ccc(-c2cc(Cl)c(Cl)c(Cl)c2Cl)cc1Cl,-7.82,360.882,7.274,0.0,0,0,1,2,18,2,0,6,0.0,81.938,1,True
Vinclozolin,C=CC1(C)OC(=O)N(c2cc(Cl)cc(Cl)c2)C1=O,-4.925,286.114,3.4213,46.61,0,3,2,2,18,1,1,6,0.1667,69.031,0,True
Cyanazine,CCNc1nc(Cl)nc(NC(C)(C)C#N)n1,-3.15,240.698,1.6709,86.52,2,6,4,1,16,1,0,7,0.5556,62.3154,0,True
Triphenylene,c1ccc2c(c1)c1ccccc1c1ccccc21,-6.726,228.294,5.1462,0.0,0,0,0,4,18,4,0,0,0.0,78.96,1,True
Dienestrol,CC=C(C(=CC)c1ccc(O)cc1)c1ccc(O)cc1,-4.95,266.34,4.6046,40.46,2,2,3,2,20,2,0,2,0.1111,83.5156,0,True
Di(2-ethylhexyl)-phthalate,CCCCC(CC)COC(=O)c1ccccc1C(=O)OCC(CC)CCCC,-6.96,390.564,6.433,52.6,0,4,14,1,28,1,0,4,0.6667,113.619,1,True
2-Ethyl pyridine,CCc1ccccn1,0.51,107.156,1.644,12.89,0,1,1,1,8,1,0,1,0.2857,33.615,0,True
Naled,COP(=O)(OC)OC(Br)C(Cl)(Cl)Br,-2.28,380.784,3.6512,44.76,0,4,5,0,13,0,0,9,1.0,58.7885,0,True
Biphenyl,c1ccc(-c2ccccc2)cc1,-4.345,154.212,3.3536,0.0,0,0,1,2,12,2,0,0,0.0,51.878,0,True
"2,2',4,4',6,6'-PCB",Clc1cc(Cl)c(-c2c(Cl)cc(Cl)cc2Cl)c(Cl)c1,-8.71,360.882,7.274,0.0,0,0,1,2,18,2,0,6,0.0,81.938,1,True
Altretamine,CN(C)c1nc(N(C)C)nc(N(C)C)n1,-3.364,210.285,0.0696,48.39,0,6,3,1,15,1,0,6,0.6667,62.808,0,True
"2,4-Dimethyl-2-pentanol ",CC(C)CC(C)(C)O,-0.92,116.204,1.8034,20.23,1,1,2,0,8,0,0,1,1.0,35.7528,0,True
Cycloheptyl-5-spirobarbituric acid,O=C1NC(=O)C2(CCCCCC2)C(=O)N1,-3.168,210.233,0.693,75.27,2,3,0,2,15,0,2,5,0.7,51.8164,0,True
Fructose,OCC1OC(O)(CO)C(O)C1O,0.64,180.156,-3.2198,110.38,5,6,2,1,12,0,1,6,1.0,36.008,0,True
"3,5-Dimethylphenol",Cc1cc(C)cc(O)c1,-1.4,122.167,2.009,20.23,1,1,0,1,9,1,0,1,0.25,37.5808,0,True
Barban,O=C(Nc1cccc(Cl)c1)OCC#CCCl,-4.37,258.104,3.1307,38.33,1,2,2,1,16,1,0,5,0.1818,64.9187,0,True
p-Chloroacetanilide,CC(=O)Nc1ccc(Cl)cc1,-2.843,169.611,2.2984,29.1,1,1,1,1,11,1,0,3,0.125,45.7557,0,True
"2,2',3,4,5,5',6-PCB",Clc1ccc(Cl)c(-c2c(Cl)c(Cl)c(Cl)c(Cl)c2Cl)c1,-8.94,395.327,7.9274,0.0,0,0,1,2,19,2,0,7,0.0,86.948,1,True
"2,2-Dimethylbutane",CCC(C)(C)C,-3.55,86.178,2.4425,0.0,0,0,0,0,6,0,0,0,1.0,29.746,0,True
N-Methylaniline ,CNc1ccccc1,-1.28,107.156,1.7283,12.03,1,1,1,1,8,1,0,1,0.1429,35.9887,0,True
"1,4-Pentadiene ",C=CCC=C,-2.09,68.119,1.7485,0.0,0,0,2,0,5,0,0,0,0.2,25.011,0,True
Hydrocortisone 21-acetate,CC(=O)OCC(=O)C1(O)CCC2C3CCC4=CC(=O)CCC4(C)C3C(O)CC21C,-4.88,404.503,2.3524,100.9,2,6,3,4,29,0,4,6,0.7826,104.6896,0,True
DNOC,Cc1cc([N+](=O)[O-])cc([N+](=O)[O-])c1O,-1.456,198.134,1.517,106.51,1,5,2,1,14,1,0,7,0.1429,46.1526,0,True
Lorazepam,O=C1Nc2ccc(Cl)cc2C(c2ccccc2Cl)=NC1O,-3.604,321.163,3.1013,61.69,2,3,1,3,21,2,1,6,0.0667,83.1795,0,True
3-Chlorophenol,Oc1cccc(Cl)c1,-0.7,128.558,2.0456,20.23,1,1,0,1,8,1,0,2,0.0,33.1168,0,True
m-Chlorobromobenzene,Clc1cccc(Br)c1,-3.21,191.455,3.1025,0.0,0,0,0,1,8,1,0,2,0.0,39.152,0,True
chlorothiazide,NS(=O)(=O)c1cc2c(cc1Cl)N=CNS2(=O)=O,-3.05,295.729,-0.0609,118.69,2,5,1,2,17,1,1,10,0.0,61.2987,0,True
5-Methyl-5-ethylbarbituric acid,CCC1(C)C(=O)NC(=O)NC1=O,-1.228,170.168,-0.2313,75.27,2,3,1,1,12,0,1,5,0.5714,40.0794,0,True
2-Phenoxyethanol,OCCOc1ccccc1,-0.7,138.166,1.0577,29.46,1,2,3,1,10,1,0,2,0.25,39.0228,0,True
Diphenylmethane,c1ccc(Cc2ccccc2)cc1,-4.08,168.239,3.2774,0.0,0,0,2,2,13,2,0,0,0.0769,55.69,0,True
3-Octanol,CCCCCC(O)CC,-1.98,130.231,2.3376,20.23,1,1,5,0,9,0,0,1,1.0,40.4398,0,True
Flumetralin,CCN(Cc1c(F)cccc1Cl)c1c([N+](=O)[O-])cc(C(F)(F)F)cc1[N+](=O)[O-],-6.78,421.734,5.3408,89.52,0,5,6,2,28,2,0,12,0.25,92.8868,1,True
Propazine,CC(C)Nc1nc(Cl)nc(NC(C)C)n1,-4.43,229.715,2.1656,62.73,2,5,4,1,15,1,0,6,0.6667,62.3544,0,True
2-Methylpentanol,CCCC(C)CO,-1.11,102.177,1.4149,20.23,1,1,3,0,7,0,0,1,1.0,31.1578,0,True
2-Methyl-2-hexanol,CCCCC(C)(C)O,-1.08,116.204,1.9475,20.23,1,1,3,0,8,0,0,1,1.0,35.8228,0,True
Ethylbenzene,CCc1ccccc1,-2.77,106.168,2.249,0.0,0,0,1,1,8,1,0,0,0.25,35.82,0,True
5-(3-Methyl-2-butenyl)-5-ethylbarbital,CCC1(CC=C(C)C)C(=O)NC(=O)NC1=O,-2.253,224.26,1.1051,75.27,2,3,3,1,16,0,1,5,0.5455,58.4534,0,True
Heptachlor,ClC1=C(Cl)C2(Cl)C3C(Cl)C=CC3C1(Cl)C2(Cl)Cl,-6.317,373.321,5.2415,0.0,0,0,0,3,17,0,3,7,0.6,76.098,1,True
butallylonal,C=C(Br)CC1(C(C)CC)C(=O)NC(=O)NC1=O,-2.647,303.156,1.6836,75.27,2,3,4,1,17,0,1,6,0.5455,66.2534,0,True
Fenpropathrin,CC1(C)C(C(=O)OC(C#N)c2cccc(Oc3ccccc3)c2)C1(C)C,-6.025,349.43,5.269,59.32,0,4,5,3,26,2,1,4,0.3636,98.456,1,True
Methoprene,COC(C)(C)CCCC(C)CC=CC(C)=CC(=O)OC(C)C,-5.19,310.478,5.062,35.53,0,3,10,0,22,0,0,3,0.7368,92.845,1,True
Ethyl propionate,CCOC(=O)CC,-0.66,102.133,0.9595,26.3,0,2,2,0,7,0,0,2,0.8,26.924,0,True
Prometryn,CSc1nc(NC(C)C)nc(NC(C)C)n1,-4.1,241.364,2.2341,62.73,2,6,5,1,16,1,0,6,0.7,69.1254,0,True
Buturon,C#CC(C)N(C)C(=O)Nc1ccc(Cl)cc1,-3.9,236.702,2.8254,32.34,1,1,2,1,16,1,0,4,0.25,66.5287,0,True
"2,3-Dimethylnaphthalene",Cc1cc2ccccc2cc1C,-4.72,156.228,3.4566,0.0,0,0,0,2,12,2,0,0,0.1667,53.422,0,True
"2,4',5-PCB",Clc1ccc(-c2cc(Cl)ccc2Cl)cc1,-6.25,257.547,5.3138,0.0,0,0,1,2,15,2,0,3,0.0,66.908,1,True
"2,3',4,4',5-PCB",Clc1ccc(-c2cc(Cl)c(Cl)c(Cl)c2Cl)c(Cl)c1,-7.39,360.882,7.274,0.0,0,0,1,2,18,2,0,6,0.0,81.938,1,True
2-cyanoguanidine,N#CN=C(N)N,-0.31,84.082,-1.2591,88.19,2,2,0,0,6,0,0,4,0.0,21.4228,0,True
Chloropicrin,O=[N+]([O-])C(Cl)(Cl)Cl,-2.0,164.375,1.5908,43.14,0,2,0,0,7,0,0,6,1.0,27.2844,0,True
"2,6-PCB",Clc1cccc(Cl)c1-c1ccccc1,-5.21,223.102,4.6604,0.0,0,0,1,2,14,2,0,2,0.0,61.898,0,True
p-Methoxybenzaldehyde,COc1ccc(C=O)cc1,-1.49,136.15,1.5077,26.3,0,2,2,1,10,1,0,2,0.125,38.3815,0,True
4-Nitroacetanilide,CC(=O)Nc1ccc([N+](=O)[O-])cc1,-2.692,180.163,1.5532,72.24,1,3,2,1,13,1,0,5,0.125,47.4001,0,True
Ethyl heptanoate,CCCCCCC(=O)OCC,-2.74,158.241,2.5199,26.3,0,2,6,0,11,0,0,2,0.8889,45.392,0,True
p-Hydroxyacetanilide,CC(=O)Nc1ccc(O)cc1,-1.03,151.165,1.3506,49.33,2,2,1,1,11,1,0,3,0.125,42.4105,0,True
indazole,c1ccc2[nH]ncc2c1,-2.16,118.139,1.5629,28.68,1,1,0,2,9,2,0,2,0.0,36.0937,0,True
triamcinolone acetonide,CC1(C)OC2CC3C4CCC5=CC(=O)C=CC5(C)C4(F)C(O)CC3(C)C2(C(=O)CO)O1,-4.31,434.504,2.4188,93.06,2,6,2,5,31,0,5,7,0.75,108.5986,0,True
guanine,Nc1nc2[nH]cnc2c(=O)[nH]1,-3.583,151.129,-0.7716,100.45,3,4,0,2,11,2,0,6,0.0,38.9218,0,True
Methyl acetate,COC(C)=O,0.46,74.079,0.1793,26.3,0,2,0,0,5,0,0,2,0.6667,17.69,0,True
Stanolone,CC12CCC3C(CCC4CC(=O)CCC43C)C1CCC2O,-4.743,290.447,3.9591,37.3,1,2,0,4,21,0,4,2,0.9474,82.7408,0,True
1-Hexene-3-ol,C=CC(O)CCC,-0.59,100.161,1.3334,20.23,1,1,3,0,7,0,0,1,0.6667,31.1118,0,True
norbormide,O=C1NC(=O)C2C3C(C(O)(c4ccccc4)c4ccccn4)=CC(C3=C(c3ccccc3)c3ccccn3)C12,-3.931,511.581,4.2894,92.18,2,5,5,7,39,4,3,6,0.1515,145.5715,1,True
Dibutyl ether ,CCCCOCCCC,-1.85,130.231,2.6032,9.23,0,1,6,0,9,0,0,1,1.0,40.635,0,True
1-Dodecanol,CCCCCCCCCCCCO,-4.8,186.339,3.8996,20.23,1,1,10,0,13,0,0,1,1.0,58.9298,0,True
RTI 6,CCN1c2nc(N(C)CCO)ccc2NC(=O)c2cccnc21,-3.36,313.361,1.6288,81.59,2,6,4,3,23,2,1,7,0.3125,89.463,0,True
2-Methyl-2-pentanol,CCCC(C)(C)O,-0.49,102.177,1.5574,20.23,1,1,2,0,7,0,0,1,1.0,31.2058,0,True
Flucytosine,Nc1nc(=O)[nH]cc1F,-0.972,129.094,-0.5088,71.77,2,3,0,1,9,1,0,5,0.0,29.2281,0,True
stadacaine,CCCCOc1ccc(C(=O)OCC)c(N(CC)CC)c1,-3.84,293.407,3.8884,38.77,0,4,9,1,21,1,0,4,0.5882,86.3625,0,True
2-Methyl-2-heptanol,CCCCCC(C)(C)O,-1.72,130.231,2.3376,20.23,1,1,4,0,9,0,0,1,1.0,40.4398,0,True
Hexamethylbenzene,Cc1c(C)c(C)c(C)c(C)c1C,-5.23,162.276,3.5371,0.0,0,0,0,1,12,1,0,0,0.5,54.864,0,True
Thymol,Cc1ccc(C(C)C)c(O)c1,-2.22,150.221,2.824,20.23,1,1,1,1,11,1,0,1,0.4,46.9328,0,True
Pteridine,c1cnc2ncncc2n1,0.02,132.126,0.4198,51.56,0,4,0,2,10,2,0,4,0.0,35.128,0,True
Parathion,CCOP(=S)(OCC)Oc1ccc([N+](=O)[O-])cc1,-4.66,291.265,3.2711,70.83,0,6,7,1,18,1,0,8,0.4,71.2614,0,True
Methane,C,-0.9,16.043,0.6361,0.0,0,0,0,0,1,0,0,0,1.0,6.731,0,True
indoline,c1ccc2c(c1)CCN2,-1.04,119.167,1.6546,12.03,1,1,0,2,9,1,1,1,0.25,38.6357,0,True
1-Nitronapthalene,O=[N+]([O-])c1cccc2ccccc12,-3.54,173.171,2.748,43.14,0,2,1,2,13,2,0,3,0.0,50.6024,0,True
3-Methyl-2-pentanone,CCC(C)C(C)=O,-0.67,100.161,1.6215,17.07,0,1,2,0,7,0,0,1,0.8333,30.136,0,True
isoguanine,Nc1nc(O)nc2nc[nH]c12,-3.401,151.129,-0.3593,100.71,3,5,0,2,11,2,0,6,0.0,37.7609,0,True
bromadiolone,O=c1oc2ccccc2c(O)c1C(CC(O)c1ccc(-c2ccc(Br)cc2)cc1)c1ccccc1,-4.445,527.414,7.1837,70.67,2,4,6,5,35,5,0,5,0.1,141.5886,2,False
Nitromethane,C[N+](=O)[O-],0.26,61.04,-0.1071,43.14,0,2,0,0,4,0,0,3,1.0,12.9184,0,True
Triallate,CC(C)N(C(=O)SCC(Cl)=C(Cl)Cl)C(C)C,-4.88,304.67,4.8439,20.31,0,2,4,0,16,0,0,6,0.7,74.55,0,True
"1,5-Hexadiene ",C=CCCC=C,-2.68,82.146,2.1386,0.0,0,0,3,0,6,0,0,0,0.3333,29.628,0,True
Indole,c1ccc2[nH]ccc2c1,-1.52,117.151,2.1679,15.79,1,0,0,2,9,2,0,1,0.0,38.2987,0,True
Androstenedione,CC12CCC3C(CCC4=CC(=O)CCC43C)C1CCC2=O,-3.69,286.415,4.0874,34.14,0,2,0,4,21,0,4,2,0.7895,81.717,0,True
1-Hexene,C=CCCCC,-3.23,84.162,2.3626,0.0,0,0,3,0,6,0,0,0,0.6667,29.722,0,True
Xipamide,Cc1cccc(C)c1NC(=O)c1cc(S(N)(=O)=O)c(Cl)cc1O,-3.79,354.815,2.5621,109.49,3,4,3,2,23,2,0,8,0.1333,88.3592,0,True
Ethylcyclohexane,CCC1CCCCC1,-4.25,112.216,2.9767,0.0,0,0,1,1,8,0,1,0,1.0,36.866,0,True
2-Nonanone,CCCCCCCC(C)=O,-2.58,142.242,2.9359,17.07,0,1,6,0,10,0,0,1,0.8889,44.057,0,True
Mebendazole,COC(=O)Nc1nc2ccc(C(=O)c3ccccc3)cc2[nH]1,-3.88,295.298,2.9722,84.08,2,4,3,3,22,3,0,6,0.0625,81.9959,0,True
Chloropham,CC(C)OC(=O)Nc1cccc(Cl)c1,-3.38,213.664,3.2969,38.33,1,2,2,1,14,1,0,4,0.3,56.6917,0,True
RTI 12,CCN1c2ncccc2C(=O)N(C)c2ccc(Cl)nc21,-4.114,288.738,2.878,49.33,0,4,1,3,20,2,1,6,0.2143,78.8975,0,True
Carbaryl,CNC(=O)Oc1cccc2ccccc12,-3.224,201.225,2.558,38.33,1,2,1,2,15,2,0,3,0.0833,59.0317,0,True
Ethyne,C#C,0.29,26.038,0.2494,0.0,0,0,0,0,2,0,0,0,0.0,9.89,0,True
"3,5-Dimethylpyridine",Cc1cncc(C)c1,0.38,107.156,1.6984,12.89,0,1,0,1,8,1,0,1,0.2857,33.711,0,True
"1,4-Cyclohexadiene",C1=CCC=CC1,-2.06,80.13,1.8926,0.0,0,0,0,1,6,0,1,0,0.3333,27.514,0,True
Mecarbam,CCOC(=O)N(C)C(=O)CSP(=S)(OCC)OCC,-2.518,329.38,2.632,65.07,0,7,8,0,19,0,0,9,0.8,79.787,0,True
1-Phenylethanol,CC(O)c1ccccc1,-0.92,122.167,1.7399,20.23,1,1,1,1,9,1,0,1,0.25,37.0758,0,True
"1,2-Dichloropropane",CC(Cl)CCl,-1.6,112.987,1.8525,0.0,0,0,1,0,5,0,0,2,1.0,26.035,0,True
2-Ethyl-2-hexanal,CCCC=C(C=O)CC,-2.46,126.199,2.3218,17.07,0,1,4,0,9,0,0,1,0.625,39.346,0,True
Disulfoton,CCOP(=S)(OCC)SCCSCC,-4.23,274.413,3.7702,18.46,0,5,9,0,14,0,0,6,1.0,72.994,0,True
methyltestosterone acetate,CC(=O)OC1(C)CCC2C3CCC4=CC(=O)CCC4(C)C3CCC21C,-5.284,344.495,4.8401,43.37,0,3,1,4,25,0,4,3,0.8182,96.881,0,True
"2,4,6-PCB",Clc1ccc(-c2c(Cl)cccc2Cl)cc1,-6.14,257.547,5.3138,0.0,0,0,1,2,15,2,0,3,0.0,66.908,1,True
difluron,O=C(NC(=O)c1c(F)cccc1F)Nc1ccc(Cl)cc1,-6.02,310.687,3.5801,58.2,2,2,2,2,21,2,0,7,0.0,74.2949,0,True
Triclosan,Oc1cc(Cl)ccc1Oc1ccc(Cl)cc1Cl,-4.46,289.545,5.1447,29.46,1,2,2,2,17,2,0,5,0.0,69.6528,1,True
diisooctyl phthalate,CC(C)CCCCCOC(=O)c1ccccc1C(=O)OCCCCCC(C)C,-6.6370000000000005,390.564,6.433,52.6,0,4,14,1,28,1,0,4,0.6667,113.619,1,True
Corticosterone,CC12CCC(=O)C=C1CCC1C2C(O)CC2(C)C(C(=O)CO)CCC12,-3.24,346.467,2.6667,74.6,2,4,2,4,25,0,4,4,0.8095,93.6826,0,True
"1,3,5-Trimethylbenzene ",Cc1cc(C)cc(C)c1,-3.4,120.195,2.6119,0.0,0,0,0,1,9,1,0,0,0.3333,40.653,0,True
dioctyl phthalate,CCCCCCCCOC(=O)c1ccccc1C(=O)OCCCCCCCC,-5.115,390.564,6.7212,52.6,0,4,16,1,28,1,0,4,0.6667,113.759,1,True
1-Pentadecanol,CCCCCCCCCCCCCCCO,-6.35,228.42,5.0699,20.23,1,1,13,0,16,0,0,1,1.0,72.7808,1,True
"2,2',6,6'-PCB",Clc1cccc(Cl)c1-c1c(Cl)cccc1Cl,-7.39,291.992,5.9672,0.0,0,0,1,2,16,2,0,4,0.0,71.918,1,True
"5,5-Dimethylbarbituric acid",CC1(C)C(=O)NC(=O)NC1=O,-1.742,156.141,-0.6214,75.27,2,3,0,1,11,0,1,5,0.5,35.4624,0,True
2-Iodopropane,CC(C)I,-2.09,169.993,1.8298,0.0,0,0,0,0,4,0,0,1,1.0,29.156,0,True
"1,2-Dinitrobenzene",O=[N+]([O-])c1ccccc1[N+](=O)[O-],-3.1,168.108,1.503,86.28,0,4,2,1,12,1,0,6,0.0,39.7508,0,True
3-Methyl-2-butanone,CC(=O)C(C)C,-0.12,86.134,1.2314,17.07,0,1,1,0,6,0,0,1,0.8,25.519,0,True
Hexadecane,CCCCCCCCCCCCCCCC,-8.4,226.448,6.4876,0.0,0,0,13,0,16,0,0,0,1.0,75.986,1,True
"1,8-Cineole",CC12CCC(CC1)C(C)(C)O2,-1.74,154.253,2.7441,9.23,0,1,0,3,11,0,3,1,1.0,45.527,0,True
Tricyclazole,Cc1cccc2sc3nncn3c12,-2.07,189.243,2.2524,30.19,0,3,0,3,13,3,0,4,0.1111,53.107,0,True
2-Octanone,CCCCCCC(C)=O,-2.05,128.215,2.5458,17.07,0,1,5,0,9,0,0,1,0.875,39.44,0,True
Methyl nonanoate,CCCCCCCCC(=O)OC,-3.38,172.268,2.91,26.3,0,2,7,0,12,0,0,2,0.9,50.009,0,True
"1,4-Difluorobenzene",Fc1ccc(F)cc1,-1.97,114.094,1.9648,0.0,0,0,0,1,8,1,0,2,0.0,26.358,0,True
Thalidomide,O=C1CCC(N2C(=O)c3ccccc3C2=O)C(=O)N1,-2.676,258.233,0.0878,83.55,1,4,1,3,19,1,2,6,0.2308,63.1137,0,True
Trifluralin,CCCN(CCC)c1c([N+](=O)[O-])cc(C(F)(F)F)cc1[N+](=O)[O-],-5.68,335.282,4.1482,89.52,0,5,7,1,23,1,0,10,0.5385,77.5478,0,True
Ethanol,CCO,1.1,46.069,-0.0014,20.23,1,1,0,0,3,0,0,1,1.0,12.7598,0,True
Cyclopentyl-5-spirobarbituric acid,O=C1NC(=O)C2(CCCC2)C(=O)N1,-2.349,182.179,-0.0872,75.27,2,3,0,2,13,0,2,5,0.625,42.5824,0,True
Carbetamide,CCNC(=O)C(C)OC(=O)Nc1ccccc1,-1.83,236.271,1.7597,67.43,2,3,4,1,17,1,0,5,0.3333,64.6914,0,True
phenothrin,CC(C)=CC1C(C(=O)OCc2cccc(Oc3ccccc3)c2)C1(C)C,-5.24,350.458,5.7605,35.53,0,3,6,3,26,2,1,3,0.3478,102.946,1,True
Cycluron,CN(C)C(=O)NC1CCCCCCC1,-2.218,198.31,2.3705,32.34,1,1,1,1,14,0,1,3,0.9091,58.3257,0,True
Mirex,ClC1(Cl)C2(Cl)C3(Cl)C4(Cl)C(Cl)(Cl)C5(Cl)C3(Cl)C1(Cl)C5(Cl)C24Cl,-6.8,545.546,6.223,0.0,0,0,0,6,22,0,6,12,1.0,97.546,2,False
1-Bromooctane,CCCCCCCCBr,-5.06,193.128,3.7418,0.0,0,0,6,0,9,0,0,1,1.0,47.17,0,True
Benomyl,CCCCNC(=O)n1c(NC(=O)OC)nc2ccccc21,-4.883,290.323,2.5724,85.25,2,4,4,2,21,2,0,7,0.3571,79.4654,0,True
aminopyrine,Cc1c(N(C)C)c(=O)n(-c2ccccc2)n1C,-0.364,231.299,1.5504,30.17,0,2,2,2,17,2,0,4,0.3077,70.074,0,True
3-Pentanol,CCC(O)CC,-0.24,88.15,1.1673,20.23,1,1,2,0,6,0,0,1,1.0,26.5888,0,True
p-Nitrotoluene,Cc1ccc([N+](=O)[O-])cc1,-2.49,137.138,1.9032,43.14,0,2,1,1,10,1,0,3,0.1429,37.8334,0,True
4-Methylpentanol,CC(C)CCCO,-1.14,102.177,1.4149,20.23,1,1,3,0,7,0,0,1,1.0,31.1578,0,True
Norethisterone,C#CC1(O)CCC2C3CCC4=CC(=O)CCC4(O)C3CCC21C,-4.57,314.425,2.6074,57.53,2,3,0,4,23,0,4,3,0.75,87.3356,0,True
bromopropylate,CC(C)OC(=O)C(O)(c1ccc(Br)cc1)c1ccc(Br)cc1,-4.93,428.12,4.3991,46.53,1,3,4,2,22,2,0,5,0.2353,92.5108,0,True
Pyrazon,Nc1cnn(-c2ccccc2)c(=O)c1Cl,-2.878,221.647,1.4681,60.91,1,3,1,2,15,2,0,5,0.0,59.2564,0,True
2-Methylbutan-2-ol,CCC(C)(C)O,0.15,88.15,1.1673,20.23,1,1,1,0,6,0,0,1,1.0,26.5888,0,True
p-Cresol,Cc1ccc(O)cc1,-0.73,108.14,1.7006,20.23,1,1,0,1,8,1,0,1,0.1429,32.8438,0,True
Ethyl formate,CCOC=O,0.15,74.079,0.1793,26.3,0,2,2,0,5,0,0,2,0.6667,17.69,0,True
"N,N-Dimethylaniline",CN(C)c1ccccc1,-1.92,121.183,1.7526,3.24,0,1,1,1,9,1,0,1,0.25,40.769,0,True
Decalin,C1CCC2CCCCC2C1,-5.19,138.254,3.3668,0.0,0,0,0,2,10,0,2,0,1.0,43.916,0,True
Butanethiol ,CCCCS,-2.18,90.191,1.7163,0.0,1,1,2,0,5,0,0,1,1.0,28.761,0,True
Benzo(e)pyrene,c1ccc2c(c1)c1cccc3ccc4cccc2c4c31,-7.8,252.316,5.7372,0.0,0,0,0,5,20,5,0,0,0.0,87.652,1,True
Tetrachloroethylene,ClC(Cl)=C(Cl)Cl,-2.54,165.834,3.0682,0.0,0,0,0,0,6,0,0,4,0.0,30.438,0,True
3-Pentanone,CCC(=O)CC,-0.28,86.134,1.3755,17.07,0,1,2,0,6,0,0,1,0.8,25.589,0,True
Acrylonitrile,C=CC#N,0.15,53.064,0.696,23.79,0,1,0,0,4,0,0,1,0.0,15.81,0,True
Flumethasone,CC1CC2C3CC(F)C4=CC(=O)C=CC4(C)C3(F)C(O)CC2(C)C1(O)C(=O)CO,-5.613,410.457,1.8437,94.83,3,5,2,4,29,0,4,7,0.7273,100.2234,0,True
2-Hexanone,CCCCC(C)=O,-0.8,100.161,1.7656,17.07,0,1,3,0,7,0,0,1,0.8333,30.206,0,True
Terbumeton,CCNc1nc(NC(C)(C)C)nc(OC)n1,-3.239,225.296,1.5224,71.96,2,6,4,1,16,1,0,6,0.7,63.9184,0,True
3-Methylheptane,CCCCC(C)CC,-5.16,114.232,3.2227,0.0,0,0,4,0,8,0,0,0,1.0,38.98,0,True
"1,2-Dibromoethane",BrCCBr,-1.68,187.862,1.7762,0.0,0,0,1,0,4,0,0,2,1.0,27.588,0,True
Isoprocarb,CNC(=O)Oc1ccccc1C(C)C,-2.863,193.246,2.5282,38.33,1,2,2,1,14,1,0,3,0.3636,55.6147,0,True
Niridazole,O=C1NCCN1c1ncc([N+](=O)[O-])s1,-3.22,214.206,0.5809,88.37,1,5,2,2,14,1,1,8,0.3333,49.5131,0,True
Benzo(a)fluorene,c1ccc2c(c1)Cc1c-2ccc2ccccc12,-6.68,216.283,4.411,0.0,0,0,0,4,17,3,1,0,0.0588,72.19,0,True
2-Chloroanisole,COc1ccccc1Cl,-2.46,142.585,2.3486,9.23,0,1,1,1,9,1,0,2,0.1429,38.004,0,True
Bromophos,COP(=S)(OC)Oc1cc(Cl)c(Br)cc1Cl,-6.09,366.0,4.652,27.69,0,4,4,1,16,1,0,8,0.25,73.093,0,True
Quinonamid,O=C(CC(Cl)Cl)NC1=C(Cl)C(=O)c2ccccc2C1=O,-5.03,332.57,2.826,63.24,1,3,3,2,20,1,1,7,0.1538,76.2357,0,True
"P,P'-DDD",Clc1ccc(C(c2ccc(Cl)cc2)C(Cl)Cl)cc1,-7.2,320.046,5.929,0.0,0,0,3,2,18,2,0,4,0.1429,80.241,1,True
Methyl acrylate,C=CC(=O)OC,-0.22,86.09,0.3454,26.3,0,2,1,0,6,0,0,2,0.25,22.213,0,True
Chloroxuron,CN(C)C(=O)Nc1ccc(Oc2ccc(Cl)cc2)cc1,-4.89,290.75,4.2258,41.57,1,2,3,2,20,2,0,5,0.1333,80.6737,0,True
Azobenzene,c1ccc(N=Nc2ccccc2)cc1,-4.45,182.226,4.102,24.72,0,2,2,2,14,2,0,2,0.0,57.06,0,True
4-Isopropyltoluene,Cc1ccc(C(C)C)cc1,-3.77,134.222,3.1184,0.0,0,0,1,1,10,1,0,0,0.4,45.268,0,True
"2,6-Dichlorophenol",Oc1c(Cl)cccc1Cl,-1.79,163.003,2.699,20.23,1,1,0,1,9,1,0,3,0.0,38.1268,0,True
Sucrose,OCC1OC(OC2(CO)OC(CO)C(O)C2O)C(O)C(O)C1O,0.79,342.297,-5.3956,189.53,8,11,5,2,23,0,2,11,1.0,68.6414,2,False
d-inositol,OC1C(O)C(O)C(O)C(O)C1O,0.35,180.156,-3.8346,121.38,6,6,0,1,12,0,1,6,1.0,36.0408,1,True
Dyphylline,Cn1c(=O)c2c(ncn2CC(O)CO)n(C)c1=O,-0.17,254.246,-2.2131,102.28,2,5,3,2,18,2,0,8,0.5,63.3076,0,True
Chloramphenicol,O=C(NC(CO)C(O)c1ccc([N+](=O)[O-])cc1)C(Cl)Cl,-2.111,323.132,0.909,112.7,3,5,6,1,20,1,0,9,0.3636,72.5667,0,True
3-Ethyl-3-pentanol,CCC(O)(CC)CC,-0.85,116.204,1.9475,20.23,1,1,3,0,8,0,0,1,1.0,35.8228,0,True
Epitostanol,CC12CCC3C(CCC4CC5SC5CC43C)C1CCC2O,-5.41,306.515,4.4839,20.23,1,2,0,5,21,0,5,2,1.0,88.2838,0,True
"1,2-Dibromobenzene",Brc1ccccc1Br,-3.5,235.906,3.2116,0.0,0,0,0,1,8,1,0,2,0.0,41.842,0,True
"2,4,6-Trichlorophenol",Oc1c(Cl)cc(Cl)cc1Cl,-2.34,197.448,3.3524,20.23,1,1,0,1,10,1,0,4,0.0,43.1368,0,True
oryzalin,CCCN(CCC)c1c([N+](=O)[O-])cc(S(N)(=O)=O)cc1[N+](=O)[O-],-5.16,346.365,1.7768,149.68,1,7,8,1,23,1,0,11,0.5,83.919,0,True
RTI 20,O=C1c2ccccc2Cc2ccccc2N1CCF,-4.799,255.292,3.2071,20.31,0,1,2,3,19,2,1,3,0.1875,73.3415,0,True
"2,4-Dimethyl-3-pentanone",CC(C)C(=O)C(C)C,-1.3,114.188,1.8675,17.07,0,1,2,0,8,0,0,1,0.8571,34.683,0,True
5-(3-Methyl-2-butenyl)-5-isoPrbarbital,CC(C)=CCC1(C(C)C)C(=O)NC(=O)NC1=O,-2.593,238.287,1.3511,75.27,2,3,3,1,17,0,1,5,0.5833,63.0004,0,True
gentisin,COC1=CC2OC3C=CC(O)=CC3C(=O)C2C(O)=C1,-2.943,262.261,1.5528,75.99,2,5,1,3,19,0,3,5,0.3571,66.3036,0,True
Caffeine,Cn1c(=O)c2c(ncn2C)n(C)c1=O,-0.8759999999999999,194.194,-1.0293,61.82,0,3,0,2,14,2,0,6,0.375,51.196,0,True
Spironolactone,CC(=O)SC1CC2=CC(=O)CCC2(C)C2CCC3(C)C(CCC34CCC(=O)O4)C12,-4.173,416.583,4.8523,60.44,0,5,1,5,29,0,5,5,0.7917,112.21,0,True
"3,4-Dimethylphenol",Cc1ccc(O)cc1C,-1.38,122.167,2.009,20.23,1,1,0,1,9,1,0,1,0.25,37.5808,0,True
Diphenyl ether ,c1ccc(Oc2ccccc2)cc1,-3.96,170.211,3.4789,9.23,0,1,2,2,13,2,0,1,0.0,52.958,0,True
"2,2',4,4',5,5'-PCB",Clc1cc(Cl)c(-c2cc(Cl)c(Cl)cc2Cl)cc1Cl,-8.56,360.882,7.274,0.0,0,0,1,2,18,2,0,6,0.0,81.938,1,True
nicotinamide,NC(=O)c1cccnc1,0.61,122.127,0.1805,55.98,1,2,1,1,9,1,0,3,0.0,32.7549,0,True
Thiophenol ,Sc1ccccc1,-2.12,110.181,1.9753,0.0,1,1,0,1,7,1,0,1,0.0,33.694,0,True
XMC,CNC(=O)Oc1cc(C)cc(C)c1,-2.5810000000000004,179.219,2.0216,38.33,1,2,1,1,13,1,0,3,0.3,50.9997,0,True
Chlordane,ClC1=C(Cl)C2(Cl)C3C(Cl)C(Cl)CC3C1(Cl)C2(Cl)Cl,-6.86,409.782,5.6828,0.0,0,0,0,3,18,0,3,8,0.8,81.216,1,True
Dimethyldisulfide,CSSC,-1.44,94.204,1.6274,0.0,0,2,1,0,4,0,0,2,1.0,27.03,0,True
Benzamide,NC(=O)c1ccccc1,-0.96,121.139,0.7855,43.09,1,1,1,1,9,1,0,2,0.0,34.9599,0,True
o-Chlorobromobenzene,Clc1ccccc1Br,-3.19,191.455,3.1025,0.0,0,0,0,1,8,1,0,2,0.0,39.152,0,True
Monotropitoside,COC(=O)c1ccccc1OC1OC(COC2OCC(O)C(O)C2O)C(O)C(O)C1O,-0.742,446.405,-2.8848,184.6,6,12,6,3,31,1,2,12,0.6316,98.8033,2,False
3-Heptanol ,CCCCC(O)CC,-1.47,116.204,1.9475,20.23,1,1,4,0,8,0,0,1,1.0,35.8228,0,True
RTI 15,CCN1c2ncccc2C(=O)Nc2c(C)cc(C)nc21,-4.553999999999999,268.32,2.8171,58.12,1,4,1,3,20,2,1,5,0.2667,78.5812,0,True
"3,5-Dichlorophenol",Oc1cc(Cl)cc(Cl)c1,-1.34,163.003,2.699,20.23,1,1,0,1,9,1,0,3,0.0,38.1268,0,True
1-Methylphenanthrene,Cc1cccc2c1ccc1ccccc12,-5.85,192.261,4.3014,0.0,0,0,0,3,15,3,0,0,0.0667,66.191,0,True
2-Ethyl-1-hexanol,CCCCC(CC)CO,-2.11,130.231,2.1951,20.23,1,1,5,0,9,0,0,1,1.0,40.3918,0,True
Diallate,CC(C)N(C(=O)SCC(Cl)=CCl)C(C)C,-4.2860000000000005,270.225,4.2774,20.31,0,2,4,0,15,0,0,5,0.7,69.754,0,True
Toluene ,Cc1ccccc1,-2.21,92.141,1.995,0.0,0,0,0,1,7,1,0,0,0.1429,31.179,0,True
Nitrapyrin,Clc1cccc(C(Cl)(Cl)Cl)n1,-3.76,230.909,3.5617,12.89,0,1,0,1,11,1,0,5,0.1667,48.484,0,True
Cycloheptene,C1=CCCCCC1,-3.18,96.173,2.5067,0.0,0,0,0,1,7,0,1,0,0.7143,32.225,0,True
Thiram,CN(C)C(=S)SSC(=S)N(C)C,-3.9,240.444,2.0608,6.48,0,4,0,0,12,0,0,6,0.6667,67.752,0,True
Griseofulvin,COC1=CC(=O)CC(C)C12Oc1c(Cl)c(OC)cc(OC)c1C2=O,-3.2460000000000004,352.77,2.8103,71.06,0,6,3,3,24,1,2,7,0.4118,86.1255,0,True
1-Decanol,CCCCCCCCCCO,-3.63,158.285,3.1194,20.23,1,1,8,0,11,0,0,1,1.0,49.6958,0,True
"3,3-Dimethylpentane",CCC(C)(C)CC,-4.23,100.205,2.8326,0.0,0,0,2,0,7,0,0,0,1.0,34.363,0,True
vamidothion,CNC(=O)C(C)SCCSP(=O)(OC)OC,1.144,287.343,1.9882,64.63,1,6,8,0,16,0,0,8,0.875,70.0692,0,True
"2,3,4,5-Tetrachlorophenol",Oc1cc(Cl)c(Cl)c(Cl)c1Cl,-3.15,231.893,4.0058,20.23,1,1,0,1,11,1,0,5,0.0,48.1468,0,True
Butyraldehyde,CCCC=O,-0.01,72.107,0.9854,17.07,0,1,2,0,5,0,0,1,0.75,20.972,0,True
dexamethasone acetate,CC(=O)OCC(=O)C1(O)C(C)CC2C3CCC4=CC(=O)C=CC4(C)C3(F)C(O)CC21C,-4.9,434.504,2.4665,100.9,2,6,3,4,31,0,4,7,0.7083,109.4916,0,True
Butane,CCCC,-2.57,58.124,1.8064,0.0,0,0,1,0,4,0,0,0,1.0,20.582,0,True
o-Methoxyphenol,COc1ccccc1O,-1.96,124.139,1.4008,29.46,1,2,1,1,9,1,0,2,0.1429,34.6588,0,True
Fluoromethalone,CC(=O)C1(O)CCC2C3CC(C)C4=CC(=O)C=CC4(C)C3(F)C(O)CC21C,-4.099,376.468,2.9233,74.6,2,4,1,4,27,0,4,5,0.7273,98.5326,0,True
Pentachloroethane,ClC(Cl)C(Cl)(Cl)Cl,-2.6,202.295,3.1603,0.0,0,0,0,0,7,0,0,5,1.0,35.784,0,True
Diethyl phthalate ,CCOC(=O)c1ccccc1C(=O)OCC,-2.35,222.24,2.04,52.6,0,4,4,1,16,1,0,4,0.3333,58.355,0,True
2-Methylpropan-1-ol,CC(C)CO,0.1,74.123,0.6347,20.23,1,1,1,0,5,0,0,1,1.0,21.9238,0,True
Isobutylbenzene,CC(C)Cc1ccccc1,-4.12,134.222,2.8851,0.0,0,0,2,1,10,1,0,0,0.4,44.984,0,True
Diiodomethane,ICI,-2.34,267.835,1.8139,0.0,0,0,0,0,3,0,0,2,1.0,32.907,0,True
4-Heptanol,CCCC(O)CCC,-1.4,116.204,1.9475,20.23,1,1,4,0,8,0,0,1,1.0,35.8228,0,True
Pentyl acetate,CCCCCOC(C)=O,-1.89,130.187,1.7397,26.3,0,2,4,0,9,0,0,2,0.8571,36.158,0,True
"2,3,5,6-Tetrachlorophenol",Oc1c(Cl)c(Cl)cc(Cl)c1Cl,-3.37,231.893,4.0058,20.23,1,1,0,1,11,1,0,5,0.0,48.1468,0,True
Propylbenzene ,CCCc1ccccc1,-3.37,120.195,2.6391,0.0,0,0,2,1,9,1,0,0,0.3333,40.437,0,True
"1,2-Dichlorotetrafluoroethane",FC(F)(Cl)C(F)(F)Cl,-2.74,170.92,2.6496,0.0,0,0,1,0,8,0,0,6,1.0,21.6,0,True
2-butenal,CC=CC=O,0.32,70.091,0.7614,17.07,0,1,1,0,5,0,0,1,0.25,20.878,0,True
tetramethylurea,CN(C)C(=O)N(C)C,0.94,116.164,0.2296,23.55,0,1,0,0,8,0,0,3,0.8,32.77,0,True
"1,2,4,5-Tetramethylbenzene",Cc1cc(C)c(C)cc1C,-4.59,134.222,2.9203,0.0,0,0,0,1,10,1,0,0,0.4,45.39,0,True
norethindrone acetate,C#CC1(OC(C)=O)CCC2C3CCC4=CC(=O)CCC4C3CCC21C,-4.8,340.463,4.0633,43.37,0,3,1,4,25,0,4,3,0.7273,95.423,0,True
Ditalimfos,CCOP(=S)(OCC)N1C(=O)c2ccccc2C1=O,-3.35,299.288,2.5801,55.84,0,5,5,2,19,1,1,7,0.3333,74.479,0,True
salicylanilide,O=C(Nc1ccccc1)c1ccccc1O,-3.59,213.236,2.6445,49.33,2,2,2,2,16,2,0,3,0.0,62.502,0,True
Sulfallate,C=C(Cl)CSC(=S)N(CC)CC,-3.39,223.794,3.0988,3.24,0,2,4,0,12,0,0,4,0.625,62.97,0,True
Chloroethane,CCCl,-1.06,64.515,1.2451,0.0,0,0,0,0,3,0,0,1,1.0,16.394,0,True
Mefluidide,CC(=O)Nc1cc(NS(=O)(=O)C(F)(F)F)c(C)cc1C,-3.24,310.297,2.5233,75.27,2,3,3,1,20,1,0,9,0.3636,68.8172,0,True
Piperine,O=C(C=CC=Cc1ccc2c(c1)OCO2)N1CCCCC1,-3.46,285.343,2.9972,38.77,0,3,3,3,21,1,2,4,0.3529,81.17,0,True
cis-2-Pentene,C/C=C\CC,-2.54,70.135,1.9725,0.0,0,0,1,0,5,0,0,0,0.6,25.105,0,True
thiofanox,CNC(=O)ON=C(CSC)C(C)(C)C,-1.62,218.322,2.1075,50.69,1,4,3,0,14,0,0,5,0.7778,60.8127,0,True
Cyclooctyl-5-spirobarbituric acid,O=C1NC(=O)C2(CCCCCCC2)C(=O)N1,-2.982,224.26,1.0831,75.27,2,3,0,2,16,0,2,5,0.7273,56.4334,0,True
butacarb,CNC(=O)Oc1cc(C(C)(C)C)cc(C(C)(C)C)c1,-4.24,263.381,3.9998,38.33,1,2,1,1,19,1,0,3,0.5625,78.9257,0,True
Eriodictyol,O=C1CC(c2ccc(O)c(O)c2)Oc2cc(O)cc(O)c21,-3.62,288.255,2.2155,107.22,4,6,1,3,21,2,1,6,0.1333,71.8597,0,True
Benzophenone,O=C(c1ccccc1)c1ccccc1,-3.12,182.222,2.9176,17.07,0,1,2,2,14,2,0,1,0.0,56.3165,0,True
Eicosane,CCCCCCCCCCCCCCCCCCCC,-8.172,282.556,8.048,0.0,0,0,17,0,20,0,0,0,1.0,94.454,1,True
hydrazobenzene,c1ccc(NNc2ccccc2)cc1,-2.92,184.242,3.1256,24.06,2,2,3,2,14,2,0,2,0.0,60.1294,0,True
2-Ethyl-1-butanol,CCC(CC)CO,-1.17,102.177,1.4149,20.23,1,1,3,0,7,0,0,1,1.0,31.1578,0,True
4-hydroxypyridine,Oc1ccncc1,1.02,95.101,0.7872,33.12,1,2,0,1,7,1,0,2,0.0,25.9018,0,True
"cis 1,2-Dichloroethylene",Cl/C=C\Cl,-1.3,96.944,1.9352,0.0,0,0,0,0,4,0,0,2,0.0,20.846,0,True
Methylcyclopentane,CC1CCCC1,-3.3,84.162,2.1965,0.0,0,0,0,1,6,0,1,0,1.0,27.632,0,True
4-Methyl-2-pentanol,CC(C)CC(C)O,-0.8,102.177,1.4133,20.23,1,1,2,0,7,0,0,1,1.0,31.1358,0,True
RTI 11,Cc1ccc2c(c1)C(=O)N(C)c1cc(N)ccc1O2,-3.928,254.289,2.9595,55.56,1,3,0,3,19,2,1,4,0.1333,74.8409,0,True
"2,2-Dimethylpropanol",CC(C)(C)CO,-0.4,88.15,1.0248,20.23,1,1,0,0,6,0,0,1,1.0,26.5408,0,True
Triadimefon,CC(C)(C)C(=O)C(Oc1ccc(Cl)cc1)n1cncn1,-3.61,293.754,3.1243,57.01,0,4,4,2,20,2,0,6,0.3571,75.601,0,True
Isocarboxazid,Cc1cc(C(=O)NNCc2ccccc2)no1,-2.461,231.255,1.4176,67.16,2,4,4,2,17,2,0,5,0.1667,61.9879,0,True
Propylene,C=CC,-1.08,42.081,1.1923,0.0,0,0,0,0,3,0,0,0,0.3333,15.871,0,True
Dichlorophen,Oc1ccc(Cl)cc1Cc1cc(Cl)ccc1O,-3.953,269.127,3.9954,40.46,2,2,2,2,17,2,0,4,0.0769,69.0396,0,True
Desmedipham,CCOC(=O)Nc1cccc(OC(=O)Nc2ccccc2)c1,-4.632,300.314,3.8659,76.66,2,4,4,2,22,2,0,6,0.125,83.1754,0,True
Anthraquinone,O=C1c2ccccc2C(=O)c2ccccc21,-5.19,208.216,2.462,34.14,0,2,0,3,16,2,1,2,0.0,59.749,0,True
2-Octanol,CCCCCCC(C)O,-2.09,130.231,2.3376,20.23,1,1,5,0,9,0,0,1,1.0,40.4398,0,True
Oxycarboxin,CC1=C(C(=O)Nc2ccccc2)S(=O)(=O)CCO1,-2.281,267.306,1.3016,72.47,1,4,2,2,18,1,1,6,0.25,67.5105,0,True
Butylbenzene,CCCCc1ccccc1,-4.06,134.222,3.0292,0.0,0,0,3,1,10,1,0,0,0.4,45.054,0,True
parabanic acid,O=C1NC(=O)C(=O)N1,-0.4,114.06,-1.6476,75.27,2,3,0,1,8,0,1,5,0.0,21.6814,0,True
Abate,COP(=S)(OC)Oc1ccc(Sc2ccc(OP(=S)(OC)OC)cc2)cc1,-6.237,466.479,5.63,55.38,0,9,10,2,27,2,0,11,0.25,114.869,1,True
Chlorthalidone,NS(=O)(=O)c1cc(C2(O)NC(=O)c3ccccc32)ccc1Cl,-3.451,338.772,0.9242,109.49,3,4,2,3,22,2,1,8,0.0714,79.7322,0,True
Isobutyl acetate,CC(=O)OCC(C)C,-1.21,116.16,1.2055,26.3,0,2,2,0,8,0,0,2,0.8333,31.471,0,True
"2,2,3-Trimethylbutane",CC(C)C(C)(C)C,-4.36,100.205,2.6885,0.0,0,0,0,0,7,0,0,0,1.0,34.293,0,True
"2,3,3',4,4'6-PCB",Clc1ccc(-c2c(Cl)cc(Cl)c(Cl)c2Cl)c(Cl)c1Cl,-7.66,395.327,7.9274,0.0,0,0,1,2,19,2,0,7,0.0,86.948,1,True
Phthalonitrile,N#Cc1ccccc1C#N,-2.38,128.134,1.43,47.58,0,2,0,1,10,1,0,2,0.0,35.872,0,True
m-Nitrotoluene,Cc1cccc([N+](=O)[O-])c1,-2.44,137.138,1.9032,43.14,0,2,1,1,10,1,0,3,0.1429,37.8334,0,True
halothane,FC(F)(F)C(Cl)Br,-1.71,197.381,2.5085,0.0,0,0,0,0,7,0,0,5,1.0,24.623,0,True
Oxamyl,CNC(=O)ON=C(SC)C(=O)N(C)C,0.106,219.266,0.1071,71.0,1,5,1,0,14,0,0,7,0.5714,55.1847,0,True
Thiometon,CCSCCSP(=S)(OC)OC,-3.091,246.359,2.99,18.46,0,5,7,0,12,0,0,6,1.0,63.76,0,True
2-Methylbutane,CCC(C)C,-3.18,72.151,2.0524,0.0,0,0,1,0,5,0,0,0,1.0,25.129,0,True
Stirofos,COP(=O)(OC)OC(=CCl)c1cc(Cl)c(Cl)cc1Cl,-4.522,365.964,5.6015,44.76,0,4,5,1,19,1,0,9,0.2,78.0115,1,True
