compound_id,canonical_smiles,heavy_atom_count,homo_ev,lumo_ev,gap_ev,dipole_moment_debye,polarizability_bohr3,heat_capacity_cv
QM9_00001,N#CC12CC1CO2,7,-7.1484,-0.234,6.9144,4.5933,55.81,21.459
QM9_00002,COCC(O)C#CC=O,9,-7.3389,-1.7878,5.5511,3.4068,77.34,35.183
QM9_00003,COC1C2CC(=NO)C21,9,-6.1443,0.4245,6.5688,1.292,76.75,32.71
QM9_00004,C#CCOC(C)CC=O,9,-6.6341,-0.5415,6.0926,3.1488,79.5,36.895
QM9_00005,COC(=N)N1CCC1=N,9,-6.3756,0.1524,6.5307,1.9135,77.81,32.448
QM9_00006,CC1(C#CCO)CN1,8,-6.6205,0.7619,7.3824,2.1424,74.74,31.974
QM9_00007,CCC1CNC(=O)CN1,9,-5.8423,0.8953,6.7348,3.8267,79.57,34.304
QM9_00008,CC(C)N(C)C(C)C#N,9,-6.1389,0.9606,7.0967,4.2814,86.63,40.309
QM9_00009,CC1(O)C2CC1C(=O)O2,9,-7.1729,0.1007,7.2736,3.9822,67.58,30.273
QM9_00010,CCC1C(O)C2OC12,8,-6.7947,1.9946,8.7893,1.8163,66.73,29.729
QM9_00011,N=C1NC(C=O)CC1=O,9,-6.6559,-1.8939,4.762,4.4494,68.85,29.389
QM9_00012,CC(O)C1OC1(C)C,8,-6.8981,1.9511,8.8491,1.1097,71.68,35.765
QM9_00013,CCC12CC3C(C1O)C32,9,-6.7511,2.0082,8.7621,1.5542,81.04,33.705
QM9_00014,CC1C2C1C1(C)C2N1C,9,-5.2001,2.2177,7.4178,1.2824,87.8,36.219
QM9_00015,Cc1coc(=N)[nH]c1=O,9,-6.694,-1.1374,5.5566,3.1857,71.97,29.38
QM9_00016,C#CC1NC1(C)C(C)=O,9,-6.4926,-0.5279,5.962,2.4509,79.57,35.992
QM9_00017,O=CC(=O)N1CCC1=O,9,-7.1512,-2.5443,4.6069,4.8679,66.23,28.706
QM9_00018,C#CCN1C2C3OC3C21,9,-6.2232,0.9959,7.2192,2.203,74.48,30.155
QM9_00019,N=C1OCC12CC(O)C2,9,-6.743,0.3891,7.1294,3.2822,72.72,30.686
QM9_00020,C1=NCC(=NC2CC2)N1,9,-5.8096,-0.0299,5.777,3.0795,84.08,30.872
QM9_00021,COc1cc(O)n[nH]1,8,-5.6572,1.2871,6.9443,2.3729,59.87,27.443
QM9_00022,CCOC1=NCC2OC12,9,-6.6477,0.283,6.9307,1.7737,74.0,30.588
QM9_00023,CC12CC1C1OC1C2O,9,-6.7865,1.8068,8.5906,2.0361,73.24,31.872
QM9_00024,CN1C(=O)NC2C(O)C21,9,-6.0709,1.551,7.6192,3.5492,68.36,31.211
QM9_00025,C#CCCOC(C)=NC,9,-6.713,0.849,7.562,1.4983,85.27,38.087
QM9_00026,CC1=NCC(CCO)O1,9,-6.5471,0.8463,7.3933,2.2114,76.61,34.359
QM9_00027,CC1OC2(CC2)CC1O,9,-6.1933,1.8395,8.0328,1.8642,79.09,34.835
QM9_00028,CC(C)C(C)NC(N)=O,9,-6.6096,1.5837,8.1933,3.3733,82.8,41.309
QM9_00029,CC1(O)C2CC=CCC21,9,-6.3947,0.8816,7.279,1.2696,83.07,34.329
QM9_00030,CC12OC1C(=O)CC2O,9,-6.7321,-0.9279,5.8015,2.0612,68.14,31.698
QM9_00031,N=C1OC2C3OC2C13,8,-6.9117,0.1061,7.0178,1.4016,58.52,21.716
QM9_00032,N#CC1C(O)C2CCC12,9,-7.377,0.5279,7.9049,3.7674,75.0,30.93
QM9_00033,CC12CCC(OC1)C2O,9,-6.5715,2.0708,8.6423,1.4512,76.29,32.792
QM9_00034,CC(=O)C1(C)C2CCC21,9,-6.226,-0.2422,5.9811,2.6001,83.13,34.982
QM9_00035,O=CNC12C3C4C1N4C32,9,-6.0246,0.3075,6.3321,2.5967,68.67,26.829
QM9_00036,CC(=O)C(=O)OCC=O,9,-7.2165,-2.283,4.9334,1.586,63.8,32.293
QM9_00037,NC=[NH+]c1ccoc1[O-],9,-4.1035,-0.9551,3.1484,7.7687,90.89,30.637
QM9_00038,O=CC12CC3C1CCN32,9,-6.6913,-1.0857,5.6028,2.0312,75.91,28.354
QM9_00039,C#CCC1(O)CC(C)C1,9,-6.8273,1.1129,7.9403,1.0887,84.26,37.647
QM9_00040,C#CC1CC1C1CO1,8,-6.5416,1.3715,7.9131,2.2205,70.85,28.901
QM9_00041,O=C1CC2C(O)C12CO,9,-6.7103,-0.4408,6.2695,4.667,69.42,32.218
QM9_00042,CCC1C2OC3C1C23C,9,-6.1307,2.0681,8.1988,1.8274,82.2,33.475
QM9_00043,Cc1nc(F)nc(=N)o1,9,-7.1702,-1.9511,5.2191,2.7438,64.31,27.017
QM9_00044,CC1(O)CC1(O)CCO,9,-6.2124,1.6871,7.8995,2.9301,75.98,39.266
QM9_00045,C1=NC(C2CCC2)CO1,9,-6.7049,0.5987,7.3035,1.3842,78.83,30.17
QM9_00046,CC12CCC3(C)C1CC23,9,-7.3933,2.6069,10.0002,0.1184,89.61,34.114
QM9_00047,O=CC(O)CC1CC1O,9,-6.9933,-0.8735,6.1198,3.3142,73.34,35.137
QM9_00048,CC1=CC(O)CC(=O)C1,9,-6.596,-0.4708,6.128,3.306,78.9,33.77
QM9_00049,CC1C2COC3(CC3)C12,9,-6.0845,2.1878,8.2723,1.3875,82.49,32.785
QM9_00050,COC1(C)CCNC1=O,9,-6.2042,0.7102,6.9117,2.6214,75.46,34.805
QM9_00051,CCCC(O)C#CC=O,9,-7.3416,-1.7687,5.5729,3.1267,85.38,36.912
QM9_00052,N=c1cnc(N)ncn1,9,-6.5661,-1.8721,4.694,3.5491,76.04,28.159
QM9_00053,C1=CC23CC2COC1O3,9,-6.1824,-0.0952,6.0899,1.692,71.21,27.131
QM9_00054,CC(C=O)COC1CC1,9,-6.7675,-0.615,6.1552,1.6483,80.42,36.145
QM9_00055,C1=NC2C3CC(O1)OC32,9,-6.2804,0.3837,6.6641,2.3437,67.05,24.957
QM9_00056,C1Cc2[nH]nnc2CO1,9,-6.6722,-0.0435,6.6287,4.4731,70.06,26.212
QM9_00057,O=C1C2C3C4N3C2C14O,9,-6.6124,-0.7211,5.8913,2.2916,63.09,25.948
QM9_00058,N#Cc1ccn(C=O)n1,9,-7.9974,-2.2885,5.7089,6.4052,72.26,25.554
QM9_00059,O=CC1C2CCOC12,8,-6.4954,-0.5524,5.943,3.7358,65.42,26.077
QM9_00060,O=C(CO)CC1CCO1,9,-6.8028,-0.8354,5.9702,1.7326,72.03,33.318
QM9_00061,CC#CCCC1(O)CC1,9,-6.5471,1.5619,8.1063,1.2968,88.5,38.23
QM9_00062,CC(C#N)C#N,6,-9.3417,-0.351,8.9906,4.1272,47.23,20.75
QM9_00063,COCC1(C(N)=O)CN1,9,-6.4246,0.7538,7.1784,5.1682,73.38,34.962
QM9_00064,COC(CO)C(O)C=O,9,-6.9307,-1.0476,5.8831,2.9597,69.02,35.744
QM9_00065,C#CC1(C2CC2)CO1,8,-7.0722,0.6884,7.758,1.6254,70.68,29.405
QM9_00066,OC1CC2C3CC=C1C32,9,-5.9947,-0.0327,5.962,1.7012,80.47,29.559
QM9_00067,O=CC1COCOC=N1,9,-6.8409,-0.8816,5.9593,2.1557,66.85,28.774
QM9_00068,CCCC#CC1OC1C,9,-6.5933,0.8626,7.4559,2.0554,90.95,37.236
QM9_00069,NC1=NC(C=O)C(=O)N1,9,-6.6178,-0.947,5.6709,6.5064,65.6,29.708
QM9_00070,CNc1ncn2c1CC2,9,-4.6287,1.2327,5.8613,3.3276,82.1,30.237
QM9_00071,CC12C=CC(O)CC1N2,9,-6.4681,0.2095,6.6777,1.9163,80.54,33.572
QM9_00072,C1CC2(C3CO3)OCC12,9,-6.6396,1.6136,8.2559,0.7894,74.85,30.239
QM9_00073,O=C1NC2C3OCC1C23,9,-6.3076,0.5578,6.8654,3.496,66.75,25.96
QM9_00074,Nc1nc2ocnc2[nH]1,9,-5.2491,0.0735,5.3225,3.2112,67.22,25.823
QM9_00075,CCOC(C)C1CC1,8,-6.7158,2.3565,9.0723,1.0755,79.12,35.009
QM9_00076,CC12NC1CCCC2=O,9,-6.2994,-0.2939,6.0056,3.0751,78.91,32.488
QM9_00077,CCC1C2OC1C2(C)C,9,-6.3783,2.4517,8.8301,1.7527,86.67,37.23
QM9_00078,Cc1ocnc1OC=O,9,-6.5171,-0.4,6.1144,3.9955,66.88,28.157
QM9_00079,CC12CC3(C1)OC(=N)C23,9,-7.1022,0.2449,7.3471,2.8774,79.17,30.602
QM9_00080,C#CCC1CCCC1C,9,-6.9797,1.5728,8.5498,0.8412,90.67,37.016
QM9_00081,NC(=O)N(C=O)C1CC1,9,-7.0233,-0.5333,6.4899,1.5283,71.0,32.363
QM9_00082,O=C1CC23CCC12OC3,9,-6.3947,-1.034,5.3606,3.6425,71.3,29.019
QM9_00083,CCC12CCC3C1CC32,9,-7.4967,2.4735,9.9703,0.1475,89.04,32.695
QM9_00084,N=c1nnn(C=O)nn1,9,-7.4015,-3.0858,4.3157,2.9922,66.98,25.122
QM9_00085,CN(C)c1cnon1,8,-6.1634,-0.8109,5.3525,4.6825,64.09,26.974
QM9_00086,Cc1n[nH]nc1C(N)=O,9,-6.9335,-0.8136,6.1198,3.1469,68.48,30.435
QM9_00087,CC1=CC2C3CCC2C13,9,-5.5783,0.6912,6.2695,0.2736,87.63,30.451
QM9_00088,CCOCCC(F)(F)F,9,-7.162,2.2858,9.4478,2.0578,62.77,34.283
QM9_00089,COC(C)C(C)CO,8,-6.7784,2.0926,8.8709,2.2885,75.28,37.591
QM9_00090,CC#CC1CC1C(N)=O,9,-6.2396,0.5823,6.8192,3.115,82.8,35.382
QM9_00091,Cc1ccnc(O)c1O,9,-5.8205,-0.2531,5.5674,0.2207,75.34,30.875
QM9_00092,Cc1cc(=N)onc1N,9,-5.8994,-1.5783,4.3239,4.8242,78.57,31.405
QM9_00093,CC(=O)C1C2CC(C)C21,9,-6.2532,-0.2721,5.9811,2.4982,84.22,34.687
QM9_00094,CC1(C2CC2)C(O)C1O,9,-6.0763,1.4939,7.5702,2.0274,78.91,37.083
QM9_00095,Cn1cncc1CC=O,9,-6.0899,-0.9606,5.1293,2.0053,76.11,30.45
QM9_00096,OC1C(O)C2(O)CCC12,9,-6.6532,1.3034,7.9566,2.3208,70.24,34.119
QM9_00097,CN1CC1CNC(N)=O,9,-6.0518,1.5456,7.5974,3.1498,76.51,36.205
QM9_00098,CC12C3CC(C1O)C2O3,9,-6.4219,1.9293,8.3512,2.1737,73.92,30.667
QM9_00099,CCC(=O)C(=NC)NC,9,-6.0926,-1.1891,4.9035,2.3382,84.79,39.001
QM9_00100,CC(O)C1(C2CC2)CN1,9,-6.3566,1.7796,8.1362,2.551,81.5,36.915
QM9_00101,CCC12CN3C1C(O)C32,9,-6.2151,1.6327,7.8478,1.5763,78.92,32.776
QM9_00102,CCC1CC2(C1)CC2O,9,-6.6886,2.1742,8.86,1.1972,86.76,37.233
QM9_00103,CC1=CC2CCC1OC2,9,-6.2668,0.634,6.9008,1.4165,82.68,31.267
QM9_00104,O=CC1OC2CCOC12,9,-6.8301,-0.8272,6.0028,2.9732,67.72,28.222
QM9_00105,CC12NC1(C#N)C1CC12,9,-7.5076,0.3429,7.8505,5.2032,77.18,30.345
QM9_00106,CC12OC3C1COCC32,9,-6.3375,2.0626,8.4002,1.2651,74.57,29.843
QM9_00107,C1=CC2(CC2)CC12CC2,9,-5.611,0.7619,6.3729,0.1449,91.49,32.784
QM9_00108,CC1=C(N)C(C)OC1=O,9,-6.06,-0.2122,5.8477,6.4375,76.97,34.275
QM9_00109,CC12C=CCCC1(C)C2,9,-5.9375,0.6857,6.626,0.3297,91.06,35.963
QM9_00110,C1C2C3NC3C1C21CO1,9,-6.1933,2.1878,8.3838,2.9617,74.97,27.756
QM9_00111,C1CC23COC(C2)OC13,9,-6.7022,2.2858,8.9879,2.4884,73.24,27.565
QM9_00112,CC1(O)C2CN(C=O)C21,9,-6.2477,0.5714,6.8192,3.3112,74.0,32.849
QM9_00113,Cc1n[nH]c2ncnn12,9,-6.4926,-0.1605,6.3321,1.9275,68.39,25.679
QM9_00114,C1=CC2(CCC2)OCC1,9,-6.4001,0.6395,7.0369,0.9954,85.17,31.816
QM9_00115,CC1CC2OCC1C2C,9,-6.3348,2.1687,8.5036,1.6971,83.83,33.617
QM9_00116,C1CC2C1CC1COC12,9,-6.6069,1.864,8.4709,1.6877,80.11,29.28
QM9_00117,COC1COCC1(C)C,9,-6.6124,2.1143,8.7267,1.7566,81.6,37.438
QM9_00118,CC1=C2CCC2OC1=N,9,-6.3266,-0.6776,5.6518,3.3748,83.08,30.459
QM9_00119,CC1(C(O)CC=O)CC1,9,-6.596,-0.5252,6.0709,3.4329,79.59,37.571
QM9_00120,C#CC1=CC2C3OC2C13,9,-6.1117,-1.1021,5.0123,1.3792,80.41,27.648
QM9_00121,CC(C#N)C(C=O)CO,9,-7.1375,-1.015,6.1226,4.9954,72.88,35.71
QM9_00122,Cc1cc(=N)[nH]nc1F,9,-5.7715,-1.5021,4.2695,1.0204,73.98,29.627
QM9_00123,C#Cc1cnnoc1=O,9,-7.7063,-3.3905,4.3157,4.3477,71.62,26.859
QM9_00124,COC1CC(=O)CC1=O,9,-6.5117,-1.2735,5.2382,1.8747,69.35,31.84
QM9_00125,CN1CC(OCC=O)C1,9,-6.0192,-0.8245,5.1947,2.2613,78.0,34.265
QM9_00126,CC(=O)C1C2CN=CN21,9,-6.5144,-0.8517,5.6627,4.0122,72.72,29.757
QM9_00127,CCC(=O)C(=O)C1CO1,9,-6.6586,-2.5497,4.1116,1.6914,70.54,32.966
QM9_00128,CC1C2C=CC1C2=O,8,-6.6641,0.0898,6.7511,2.534,69.53,26.581
QM9_00129,N#CC1CC=CC1CO,9,-6.9824,0.2041,7.1865,2.8366,77.07,32.069
QM9_00130,CN1C2C3CC2C31C,8,-5.6436,2.5824,8.2233,1.0578,75.85,29.25
QM9_00131,NC(=O)C12CC(O)(C1)C2,9,-6.5988,0.7102,7.3117,2.1401,73.12,33.42
QM9_00132,OCC1CC(=NO)C1,8,-6.5389,0.2259,6.7675,1.7717,68.98,31.014
QM9_00133,COCCN(C=O)C=O,9,-6.7049,-0.8327,5.8695,6.4161,71.72,33.851
QM9_00134,CC1(O)C=CNC1=O,8,-6.1307,-0.5497,5.5811,4.0815,62.52,29.246
QM9_00135,C#CC1(O)CN(CC)C1,9,-5.8151,0.8653,6.6831,1.6324,83.11,36.872
QM9_00136,CCC12CC1CC21CO1,9,-6.6967,2.4136,9.1104,1.568,82.53,33.916
QM9_00137,O=CN1CC2CC(O)C21,9,-6.7566,0.4082,7.1648,3.555,73.73,30.438
QM9_00138,Cn1ccc(N)c1CO,9,-4.83,0.9089,5.7389,1.3067,81.12,35.277
QM9_00139,C#CC1(O)C2OC(=N)C21,9,-6.8083,-0.3157,6.4954,2.4207,71.75,30.49
QM9_00140,CC12CC3(C#N)C1NC23,9,-6.7756,0.3864,7.162,3.5731,78.69,29.798
QM9_00141,C#CC#Cc1ccon1,9,-6.7784,-1.6272,5.1511,2.9048,89.39,27.449
QM9_00142,N#CCNc1ncno1,9,-6.9852,-0.351,6.6341,1.9098,65.6,26.888
QM9_00143,OC1C2CC3OCC2C31,9,-6.3974,1.9701,8.3648,2.7592,73.33,28.273
QM9_00144,CCC1(O)C2COC21,8,-6.1307,1.7796,7.9103,0.5803,67.27,30.494
QM9_00145,N#CC1OCC2CC21N,9,-6.8246,0.4218,7.2464,5.1262,71.99,30.914
QM9_00146,CC1C2CCC1(C=O)C2,9,-6.6178,-0.5905,6.0273,2.8179,82.73,32.721
QM9_00147,C1CC2(O1)C1CC3C1C32,9,-6.245,2.4436,8.6886,1.4086,78.14,28.529
QM9_00148,COCCCOC(C)C,9,-6.7103,2.3075,9.0179,1.9243,88.42,41.392
QM9_00149,O=C1NC2CC3CN1C32,9,-6.3484,0.8572,7.2083,4.5592,70.49,26.277
QM9_00150,C#CC1C2CC(C=O)C12,9,-6.4056,-0.615,5.7906,3.0949,78.65,31.442
QM9_00151,CC1(C2(C=O)CC2)CO1,9,-6.9035,-0.7565,6.1471,2.0166,75.59,34.088
QM9_00152,CN=C1OCC1C(C)C,9,-6.7158,0.8735,7.5865,1.9374,85.76,36.946
QM9_00153,CCCc1onnc1N,9,-6.1552,-0.7919,5.3606,4.0579,76.01,33.06
QM9_00154,Cc1occc1[N+](=O)[O-],9,-6.8355,-2.0191,4.8164,3.9218,68.74,27.726
QM9_00155,O=COc1ccco1,8,-6.3892,-0.3891,6.0028,3.6474,57.93,23.451
QM9_00156,OC1CC2CCCC2C1,9,-6.958,1.8994,8.8573,1.4513,84.54,33.319
QM9_00157,COCC(C)CC(C)=O,9,-6.6532,-0.2721,6.3811,3.3781,84.01,39.978
QM9_00158,C#CCCC#CC1CC1,9,-6.3266,1.1674,7.4913,0.9659,94.24,35.621
QM9_00159,N#CC12CC(N1)C2N,8,-6.7511,0.1823,6.9335,3.6301,67.4,26.799
QM9_00160,CCN1C(=O)C=CC1=O,9,-7.2899,-2.5089,4.781,1.0189,72.12,29.981
QM9_00161,C1=CCC2OCC2C1,8,-6.5035,0.498,7.0015,1.6631,71.47,26.266
QM9_00162,COC(C)CCCCO,9,-6.7729,2.2531,9.0233,1.8511,87.13,41.823
QM9_00163,CC1CNC(=O)C(C)C1,9,-6.3756,0.8381,7.2137,3.751,82.9,35.491
QM9_00164,N#Cc1oc(=O)oc1N,9,-6.5443,-1.0041,5.5402,5.1518,62.23,27.047
QM9_00165,O=C1CNCC1N1CC1,9,-6.0056,-0.6231,5.3824,2.6156,75.86,31.209
QM9_00166,CC(OC(N)=O)C1CN1,9,-6.6287,1.3606,7.9893,2.1283,71.9,35.073
QM9_00167,CC(=O)CC1OCC1O,9,-6.5144,-0.1823,6.3321,3.678,72.55,34.715
QM9_00168,CCNC1=NCC(=O)N1,9,-6.1579,0.2503,6.411,4.3197,76.1,32.751
QM9_00169,CCC(=O)C(C)C1CN1,9,-6.4164,-0.3728,6.0436,3.0598,82.86,37.572
QM9_00170,COC1C2CC(C)CC21,9,-6.4437,2.147,8.5906,1.0275,85.38,35.203
QM9_00171,C#CCC(C)COC,8,-6.9389,1.483,8.4192,1.3949,78.27,35.484
QM9_00172,C#CC(=O)C1NC1C#N,9,-7.5675,-2.2232,5.3443,6.9153,71.96,29.884
QM9_00173,O=CCCC(O)CCO,9,-6.7539,-0.498,6.2559,3.2891,77.45,38.337
QM9_00174,O=C1OC2CC=CC12,8,-6.8981,-0.1769,6.7212,4.1015,61.93,23.084
QM9_00175,COC1(C)C=CCC1,8,-6.5906,0.4435,7.0341,0.9574,76.58,32.128
QM9_00176,N=C1OCCC2CC1C2,9,-6.8382,0.5905,7.4287,3.2057,80.01,30.011
QM9_00177,CC1=C2COC2C(=O)N1,9,-5.9103,-0.7129,5.1974,4.5507,73.36,29.259
QM9_00178,Cc1c[nH]cc1C(C)C,9,-5.3171,1.4721,6.7865,1.6227,89.04,37.215
QM9_00179,N#CC1(O)CC(=NO)C1,9,-7.1049,-0.4844,6.6205,2.733,70.35,32.41
QM9_00180,O=C(CO)N1CC=CC1,9,-6.6586,0.0299,6.6886,4.7803,74.56,31.279
QM9_00181,C#CC1N=CNCC1=O,9,-6.226,-0.8925,5.3362,4.1598,72.42,30.297
QM9_00182,CC12NC1C1(CO)OC21,9,-6.0328,1.5456,7.5784,3.2413,71.99,32.572
QM9_00183,O=CC12CC(=O)NC1C2,9,-6.8137,-0.868,5.9457,4.5281,70.54,29.3
QM9_00184,CCC1=CCC(=O)CC1,9,-6.3511,-0.2803,6.0709,3.0057,85.53,34.224
QM9_00185,N#CCc1cnccn1,9,-7.1294,-1.7905,5.3389,3.7468,73.97,26.346
QM9_00186,CC1(O)CN=C(N)C1=O,9,-6.6069,-1.7497,4.8572,1.159,70.83,33.829
QM9_00187,CC(O)CC1NC1C#N,9,-7.0151,0.117,7.1321,5.1974,77.25,34.594
QM9_00188,CCn1nnc(N)c1N,9,-5.6273,0.5388,6.1661,3.9279,75.54,33.811
QM9_00189,CC(=O)COCCCO,9,-6.6477,-0.264,6.3838,4.7542,77.78,38.264
QM9_00190,O=C1CC2CCC2C1,8,-6.4083,-0.3674,6.0409,2.8858,70.39,27.008
QM9_00191,CC1OC2CC12C1CC1,9,-6.0817,2.3239,8.4056,1.8028,82.22,33.628
QM9_00192,CCC(C)(CO)C(C)=O,9,-6.4736,-0.264,6.2069,1.3527,81.33,41.468
QM9_00193,CC1C=CCC1C#N,8,-7.0369,0.1687,7.2029,3.9913,73.1,28.429
QM9_00194,O=CCC(=O)CC1CO1,9,-6.8899,-1.1048,5.7851,2.5584,71.0,32.331
QM9_00195,CC1(CO)CC1NC=O,9,-6.6804,0.7157,7.3961,2.4532,76.44,36.619
QM9_00196,N=C(N)c1onnc1N,9,-5.9348,-1.4504,4.4844,3.918,70.03,30.392
QM9_00197,CN=C(C)OC1(C)CC1,9,-6.5008,0.9252,7.4287,0.8693,85.46,38.716
QM9_00198,OCC1CC2(O)CC12O,9,-6.226,1.883,8.1117,1.3004,72.04,35.719
QM9_00199,CC12CN(C1)C2,6,-6.1416,2.2694,8.411,1.9709,57.23,21.04
QM9_00200,O=CC(C1CO1)N1CC1,9,-6.8409,-0.8109,6.0273,3.8033,72.95,32.012
QM9_00201,CC12CC3CC(C1=O)N32,9,-6.6151,-0.7538,5.8641,2.4693,75.24,29.526
QM9_00202,COCC12OC1C1NC12,9,-5.9811,1.513,7.494,2.8478,72.42,31.351
QM9_00203,N#CC1(O)CC2OCC21,9,-7.0559,0.049,7.1049,1.6764,68.58,29.93
QM9_00204,CC1C2C(=O)CC3C2N13,9,-6.3756,-0.5415,5.8341,1.3518,74.01,29.282
QM9_00205,C#CCCC12CN(C1)C2,9,-6.2341,1.4259,7.66,1.1965,85.72,33.029
QM9_00206,OC1CC2CC3COC132,9,-6.2613,1.6925,7.9539,1.6958,74.81,30.586
QM9_00207,CC1NC(=O)N(C)C1=N,9,-6.5988,0.2313,6.8301,1.0731,74.88,33.0
QM9_00208,CCCC1(O)C(O)C1O,9,-6.1062,1.3742,7.4777,1.0756,75.01,39.148
QM9_00209,CCc1nc(O)c[nH]1,8,-5.2327,0.9742,6.2042,2.8274,67.78,28.911
QM9_00210,COC1CC(C=O)C1C,9,-6.5144,-0.4408,6.0736,3.7292,79.91,35.746
QM9_00211,O=CN(CCO)C1CC1,9,-6.3838,0.7891,7.1729,4.0352,76.88,35.087
QM9_00212,N#CC(C1CN1)C1CO1,9,-7.0886,0.4136,7.5022,2.0021,72.37,30.892
QM9_00213,O=C1NC2CC2N=CO1,9,-6.9443,-0.2612,6.6858,3.4389,67.65,27.232
QM9_00214,CC#CC1OC2CNC12,9,-6.0681,0.8354,6.9035,2.1657,81.32,31.655
QM9_00215,CC1NC2(C#N)CC12O,9,-6.1988,0.2313,6.4301,4.3141,75.9,33.041
QM9_00216,CC1C(O)C2OC12C=O,9,-7.1566,-1.2354,5.9212,1.3478,69.75,32.199
QM9_00217,CCC(C)(O)C1(C)CC1,9,-6.9688,1.8422,8.8083,1.3243,88.07,42.194
QM9_00218,N=COC(=O)C1CC1O,9,-6.9797,-0.8925,6.0872,1.1346,71.05,31.369
QM9_00219,CC1OC(=N)C1(O)C#N,9,-7.9403,-0.6694,7.2709,3.6102,67.56,31.928
QM9_00220,N#CC1OC2(CC2)C1N,9,-6.8981,0.0626,6.9607,5.3339,74.1,32.166
QM9_00221,C1COC2CC(CO1)C2,9,-6.3022,1.9511,8.2532,0.9651,77.76,31.206
QM9_00222,C#CC12N=CNC1C2O,9,-6.1743,0.2041,6.3783,4.2444,72.82,30.576
QM9_00223,Cc1cc([N+](=O)[O-])n[nH]1,9,-7.309,-1.9728,5.3362,6.9125,68.95,27.734
QM9_00224,O=C1CC(O)CC2CN12,9,-6.6178,0.098,6.7158,3.0901,72.26,30.802
QM9_00225,C#CC1C=CCC(=N)O1,9,-6.9443,-0.2476,6.694,2.9843,77.42,30.67
QM9_00226,CC1OC(C)(C)CC1O,9,-6.6505,1.864,8.5117,1.358,81.38,38.509
QM9_00227,COC(C)C1CC1C,8,-6.6641,2.1905,8.8573,1.1503,79.01,35.574
QM9_00228,c1cnc2nc[nH]c2c1,9,-6.4464,-0.9007,5.5484,5.504,76.72,23.855
QM9_00229,CCN1C2CCOCC21,9,-5.9348,2.2722,8.207,1.1458,82.14,33.283
QM9_00230,Cn1ncc(O)cc1=N,9,-5.4858,-1.181,4.3048,3.0577,78.43,30.543
QM9_00231,CCNC(=O)C(N)=NC,9,-6.3049,-0.4463,5.8586,1.5838,81.1,37.671
QM9_00232,CC1C2=CC3C4C2C1C34,9,-5.2327,-0.4,4.8327,1.3332,83.64,28.528
QM9_00233,Cc1coc(=N)c(O)n1,9,-5.8559,-1.347,4.5116,2.8393,75.1,29.673
QM9_00234,CC1(C)C2C=CCOC21,9,-6.1715,0.3755,6.5471,1.1054,84.9,34.176
QM9_00235,CC1N2CC2C1(O)CO,9,-6.1824,1.4776,7.66,2.6166,74.45,35.332
QM9_00236,CC#CCC#CC(C)=O,9,-6.8872,-1.2653,5.6219,3.2438,88.35,35.909
QM9_00237,CC(C)(O)C(=O)NC=O,9,-6.6205,-0.8544,5.7661,5.0417,70.82,36.222
QM9_00238,C#Cc1c[nH]c(O)c1,8,-5.162,0.4898,5.6518,2.1659,69.95,28.068
QM9_00239,CCC(C=O)C(C)C,8,-6.6233,-0.4762,6.1471,2.7243,78.97,36.775
QM9_00240,COCC1CC12CCO2,9,-6.1443,2.1742,8.3185,2.4309,80.75,34.429
QM9_00241,CC(O)C1CC2C(C)C12,9,-6.5743,1.9293,8.5036,1.4677,85.39,37.28
QM9_00242,OCC12C3CC1N2C3,8,-6.5062,1.9973,8.5036,1.5878,67.34,26.599
QM9_00243,C#Cc1[nH]ncc1NC,9,-5.1783,-0.2939,4.8844,2.1362,84.34,32.226
QM9_00244,O=CC1C2CC3CC1N32,9,-6.1498,-0.8163,5.3307,1.3602,74.29,27.847
QM9_00245,CC(O)C1(C(C)O)CN1,9,-6.7267,1.7306,8.4573,2.9189,77.44,39.109
QM9_00246,CC1OC(=N)C(C#N)O1,9,-7.8859,-0.3401,7.5484,4.119,66.61,29.526
QM9_00247,CCC1OC(=N)C=C1N,9,-5.7525,0.049,5.8015,5.291,82.67,34.191
QM9_00248,CC1OC2(C)C3NC3C12,9,-6.1552,2.0272,8.1825,2.8586,78.54,32.812
QM9_00249,CCC1CC(C)C(=O)N1,9,-6.4001,1.015,7.4151,3.8417,83.54,36.0
QM9_00250,O=C1CC2(CO)NC12,8,-6.7212,-0.7048,6.0164,1.6723,62.33,27.299
QM9_00251,O=COCc1cnon1,9,-8.1797,-1.649,6.5307,2.7796,61.41,26.177
QM9_00252,O=C1CC2CC12CCO,9,-6.5797,-0.2721,6.3049,2.7055,76.52,33.297
QM9_00253,CC1CCOC1C1CN1,9,-6.4192,1.9728,8.3947,2.482,81.17,33.639
QM9_00254,CC1(C#N)CC2CC21C,9,-7.2355,1.0177,8.2559,3.8506,82.84,34.773
QM9_00255,C1CC2OC3C1COC23,9,-6.509,2.1116,8.6206,1.1052,72.1,26.829
QM9_00256,NC(=[NH2+])CC(CO)=N[O-],9,-5.9185,-0.2531,5.6681,2.6051,72.63,35.155
QM9_00257,CCC12NC1CC2=O,8,-6.3729,-0.3755,6.0001,3.5213,69.02,29.073
QM9_00258,CC1CC2(C)NC2C1=O,9,-6.1579,-0.4327,5.7253,3.5743,79.25,33.669
QM9_00259,O=C1C2CCOC1CO2,9,-6.313,-0.8299,5.4858,2.1562,67.21,27.659
QM9_00260,Cc1ncoc1N=CN,9,-5.2409,-0.3864,4.8545,4.4417,83.82,31.262
QM9_00261,N=C1C=C(CO)C(=O)N1,9,-7.1865,-1.9565,5.23,0.8731,73.56,30.351
QM9_00262,CC1(C)C2OC(=O)C21C,9,-7.2654,0.1442,7.4069,4.3539,75.88,34.58
QM9_00263,COc1nc(O)[nH]c1C,9,-4.7239,1.5211,6.2477,1.3243,73.08,33.374
QM9_00264,CC(CO)C1C(C)N1C,9,-5.7743,1.9864,7.7607,0.6203,85.92,40.73
QM9_00265,C1CC12C1C3OC1C32,8,-6.2886,2.3756,8.6641,1.8417,68.44,24.866
QM9_00266,CCC(O)C(O)CC,8,-6.7784,1.8504,8.6287,0.0014,74.83,38.059
QM9_00267,CC1(C(N)=O)CC1C#N,9,-7.2301,-0.0816,7.1457,4.7704,74.45,34.168
QM9_00268,N#CC1C=C2CC3C2C13,9,-6.3593,-1.5429,4.8164,3.9854,79.46,27.178
QM9_00269,C#CCC1(OC)COC1,9,-6.7756,1.1456,7.9212,2.0279,76.66,34.911
QM9_00270,CC1C(O)C1(C)CCO,9,-6.5198,1.8204,8.343,2.0874,82.36,40.773
QM9_00271,Oc1cn2ncoc2n1,9,-5.7362,-0.5442,5.1919,1.6274,62.09,24.237
QM9_00272,c1n[nH]cc1C1CN1,8,-6.1307,0.6803,6.8083,3.5719,67.35,24.854
QM9_00273,CC1C2COC(=O)C12N,9,-6.6586,0.2667,6.9253,3.2381,71.42,31.961
QM9_00274,N#CC1=CC2C3OC2C13,9,-6.9607,-1.7987,5.1593,3.2958,73.5,25.396
QM9_00275,CC(C)(C#N)COC=N,9,-7.5593,0.1823,7.7416,1.8912,78.99,36.412
QM9_00276,c1nc2[nH]nnn2n1,8,-7.4586,-1.3769,6.0817,3.0172,52.99,18.544
QM9_00277,CCN=C1OCC2NC12,9,-6.4382,0.5197,6.958,3.3392,80.53,31.464
QM9_00278,C#CC1C=C(C=O)CO1,9,-7.1267,-1.9647,5.162,2.8574,76.7,30.097
QM9_00279,CCC1(C)C2CCC21C,9,-6.4382,2.3211,8.7593,0.2166,93.06,39.224
QM9_00280,CC#CC(C)COC,8,-6.6151,1.7034,8.3185,1.1243,81.4,35.579
QM9_00281,CC1=CCC2(C1)CC2O,9,-6.0545,1.0259,7.0804,1.2917,85.44,34.969
QM9_00282,Cc1cc(C)c(C=O)o1,9,-6.2804,-1.3143,4.9661,4.56,82.91,31.961
QM9_00283,C#CC1(C(C)OC)CO1,9,-6.9688,0.6667,7.6328,1.5877,78.09,36.664
QM9_00284,CC(C#N)C(=O)C(=N)N,9,-7.279,-2.0545,5.2246,5.9707,71.88,34.257
QM9_00285,c1cc(C2CC2)[nH]n1,8,-6.0464,0.6313,6.6804,2.8828,71.43,25.869
QM9_00286,N=C1OC2CC=CC12O,9,-7.0314,-0.2177,6.8137,1.9108,71.09,29.272
QM9_00287,C#Cc1cnncn1,8,-6.7049,-2.498,4.2069,3.0543,68.23,22.691
QM9_00288,CCC(=O)NC(=N)C=O,9,-7.2029,-2.2313,4.9715,3.5082,73.79,33.553
QM9_00289,O=C1Cc2nc[nH]c2N1,9,-5.377,0.1252,5.5021,4.7735,68.77,26.659
QM9_00290,CCC#CC(O)C(C)=O,9,-6.7267,-0.8027,5.9239,3.3017,81.81,37.342
QM9_00291,C#CCNC(=O)C#C,8,-7.1185,-0.8544,6.2641,3.4311,68.81,30.004
QM9_00292,Cc1cccc(F)c1F,9,-6.5688,-0.2095,6.3593,2.1037,71.64,29.09
QM9_00293,CNc1nc(O)co1,8,-5.1049,1.0558,6.1607,2.5641,60.82,27.502
QM9_00294,O=CNC1(CO)CC1,8,-6.8382,0.585,7.4205,2.8727,64.88,31.143
QM9_00295,CCn1nncc1O,8,-6.3158,0.4191,6.7348,4.5833,62.93,27.407
QM9_00296,Cc1cc(=N)nc(O)o1,9,-6.3022,-0.5497,5.7552,2.9294,73.19,29.219
QM9_00297,CCC(O)C1COCO1,9,-6.9525,2.0898,9.0423,0.7647,74.56,34.558
QM9_00298,CC1=CCC2CCC12O,9,-6.3593,0.732,7.0913,1.3333,83.61,34.318
QM9_00299,C1=CC2CCCCC2C1,9,-6.3375,0.7429,7.0804,0.2312,90.24,31.804
QM9_00300,CC1=CC2OCC2C1=O,9,-6.6505,-1.4204,5.23,1.8338,74.87,29.269
QM9_00301,N#CC1=CC2CC2CC1,9,-6.6423,-1.0068,5.6355,5.0867,85.36,29.709
QM9_00302,O=C1C2CCN3C1CC23,9,-5.9185,-0.3102,5.6083,2.2539,74.25,26.72
QM9_00303,N=C1CN=CN1,6,-6.3212,-0.1333,6.1906,3.4388,48.64,18.459
QM9_00304,CC#CC(CO)C1CC1,9,-6.5498,1.5891,8.1389,1.7934,87.99,37.634
QM9_00305,CC1(C2CN2)OC1C=O,9,-6.9117,-1.317,5.5947,1.8789,74.0,32.689
QM9_00306,Cc1onnc(=N)c1N,9,-5.7715,-1.8585,3.913,3.5609,77.76,31.125
QM9_00307,OC12CC3C4C(OC31)C42,9,-6.3348,1.9647,8.2995,1.7483,68.83,26.602
QM9_00308,C#Cc1nc(N)co1,8,-5.6273,-0.9034,4.7212,1.7698,69.16,26.116
QM9_00309,O=C1CC(CO)N=CO1,9,-7.3389,-1.0123,6.3266,1.343,66.86,29.405
QM9_00310,CC(=O)C1(OC=N)CC1,9,-6.7892,-0.6912,6.0981,1.644,75.02,34.18
QM9_00311,C#CC1=CC2CC3C1C23,9,-5.8341,-0.5279,5.3035,1.1005,87.09,28.919
QM9_00312,Nc1cc(O)cc(F)c1,9,-5.5892,0.4844,6.0736,1.4409,73.09,30.793
QM9_00313,COc1coc(N)c1N,9,-4.7865,1.3742,6.1607,1.3996,72.76,33.88
QM9_00314,CC1C=Cc2[nH]ccc21,9,-4.7865,0.049,4.8355,1.5015,86.41,29.936
QM9_00315,C#CCC(=O)OC=N,8,-7.5267,-0.7864,6.743,0.3969,63.28,28.495
QM9_00316,O=CC12OC1C=CC2=O,9,-6.909,-2.4055,4.5008,4.7542,64.77,26.804
QM9_00317,CN1CCC(C)(O)C1=O,9,-6.6994,0.7456,7.445,3.5153,76.05,35.111
QM9_00318,OC1CCC1C1CC1O,9,-6.6777,1.9647,8.6423,2.0578,78.72,35.42
QM9_00319,CC(=NO)C1(C)CCO1,9,-6.6205,0.2776,6.9008,1.1381,78.2,36.43
QM9_00320,C#CC12CC3C(C1O)N32,9,-6.8137,0.351,7.1648,1.5621,75.41,30.098
QM9_00321,CC1(C#N)OC1CO,8,-7.7525,0.0082,7.7607,3.5172,62.71,30.092
QM9_00322,O=CC(O)c1cn[nH]c1,9,-6.6858,-1.083,5.6028,4.0041,67.94,28.829
QM9_00323,CC1(c2ncc[nH]2)CO1,9,-5.9593,0.6204,6.577,2.0392,74.72,30.081
QM9_00324,N#CCNc1nnon1,9,-7.5185,-2.0708,5.4477,1.2334,61.77,26.374
QM9_00325,CC12OCC(CO1)C2=O,9,-6.3647,-0.7456,5.6192,2.2238,67.39,29.359
QM9_00326,CN=c1cccn[nH]1,8,-5.6083,-1.4286,4.1797,1.4358,74.45,26.136
QM9_00327,COCc1cc[nH]n1,8,-6.5579,0.6694,7.2273,1.4335,67.62,27.284
QM9_00328,OC12C3CC(C31)C21CO1,9,-6.3675,2.0109,8.3784,0.9487,71.44,29.335
QM9_00329,C#CC(O)CC(=O)CC,9,-6.6287,-0.4136,6.2151,3.3958,79.0,37.8
QM9_00330,N=C1NC2C(O)C2C1=O,9,-6.343,-1.5538,4.7892,5.3526,67.85,29.147
QM9_00331,CN=C1CCC(C)O1,8,-6.4818,0.9823,7.4641,2.7892,74.52,30.732
QM9_00332,OCC1(C2CN2)CC1O,9,-6.5715,1.6218,8.1933,1.9408,74.73,34.92
QM9_00333,CC12C=CCC(OC1)O2,9,-6.5715,0.3782,6.9498,1.3158,75.34,30.114
QM9_00334,CC1C(C)C12COC2=N,9,-6.8328,0.7946,7.6274,2.8568,81.64,34.357
QM9_00335,N#Cc1ccc(=N)oc1,9,-6.5688,-2.1062,4.4599,1.7665,78.4,26.693
QM9_00336,CCOC1CCOC1=O,9,-6.7049,0.0707,6.7756,3.3797,72.37,32.292
QM9_00337,CCOCC(C#N)OC,9,-7.3144,0.4544,7.7661,3.5033,77.53,36.79
QM9_00338,COc1n[nH]c(C)c1C,9,-5.5892,0.9959,6.5824,1.9584,80.02,34.931
QM9_00339,CC[NH2+]C(CO)C(=O)[O-],9,-6.7702,0.3401,7.1131,4.1044,72.0,35.847
QM9_00340,CCCCC12CC1CO2,9,-6.2096,2.2313,8.4383,1.5002,87.08,35.965
QM9_00341,CC1CC2C(O)COC12,9,-6.5171,2.0272,8.5444,1.5424,77.56,33.262
QM9_00342,CN1CC1C1(CO)CC1,9,-6.0518,1.747,7.7988,1.3367,82.16,36.844
QM9_00343,CC#CC12OC1C1OC12,9,-6.3729,0.2122,6.5852,3.6133,76.5,29.842
QM9_00344,Cc1cnoc1CO,8,-6.7484,-0.3619,6.3838,2.1127,63.47,27.571
QM9_00345,CC12C=CC3C(C1=O)N32,9,-6.06,-0.9089,5.1511,2.5839,72.63,28.379
QM9_00346,C#Cc1nc[nH]c1O,8,-5.4967,0.4952,5.9919,3.3737,65.58,26.277
QM9_00347,CCC(=O)NC(N)=O,8,-6.694,-0.0707,6.6233,5.9312,63.48,31.609
QM9_00348,CCC1C2C3CC3(C)C12,9,-6.8518,2.596,9.4478,0.1742,89.87,35.496
QM9_00349,N#CC1C2CCC1N2,8,-6.8845,0.4898,7.3743,3.0246,67.95,24.918
QM9_00350,CC12C=CCC1(CO)C2,9,-6.0654,0.6803,6.743,1.3975,83.9,34.991
QM9_00351,COC1CCC=CCC1,9,-6.479,0.5878,7.0668,1.0567,87.7,35.376
QM9_00352,C#CCc1ncnn1C,9,-6.958,0.1388,7.0967,2.9876,75.55,30.49
QM9_00353,C#CCC1(C)OCC1O,9,-6.6287,1.3007,7.9294,2.6955,77.34,36.418
QM9_00354,O=CC1N2CCC1(O)C2,9,-6.4437,-0.8816,5.562,3.3222,71.51,30.794
QM9_00355,N=c1cnc(N)c(O)o1,9,-5.0532,-1.5864,3.4667,3.316,74.9,30.375
QM9_00356,N#CC12CC3CN1C3C2,9,-6.8926,0.2585,7.1512,5.0072,76.39,26.912
QM9_00357,CC1C(=O)NC12COC2,9,-6.8137,0.732,7.5457,1.7192,72.43,31.729
QM9_00358,Cc1nonc1OC=O,9,-8.0954,-1.6028,6.4926,2.1522,62.25,27.611
QM9_00359,O=c1ccc(CO)c[nH]1,9,-5.6654,-0.9007,4.762,5.2003,76.55,29.935
QM9_00360,CC(C#N)(C=O)N1CC1,9,-6.6668,-1.5483,5.1185,2.9882,73.71,33.518
QM9_00361,CC1COC2CC2CO1,9,-6.2205,2.2531,8.4736,0.3238,78.47,32.879
QM9_00362,CC(=O)NC(=O)C1CC1,9,-6.5634,-0.5524,6.0137,5.7463,76.32,33.591
QM9_00363,C#Cc1cccc(C)n1,9,-6.4954,-1.083,5.4096,1.9149,89.94,30.512
QM9_00364,N#CC1CC(OC=O)C1,9,-7.9185,-0.1361,7.7825,1.5785,71.81,30.114
QM9_00365,O=C1CC(CO)=CC1O,9,-6.8845,-0.8408,6.0436,1.7444,70.85,32.581
QM9_00366,C#CC1N=COC2CC12,9,-6.9389,0.4354,7.3743,2.1994,74.22,29.241
QM9_00367,OC1C2C=CC3C2C13O,9,-5.8804,0.0735,5.9566,1.5777,71.29,29.986
QM9_00368,CC(O)C1(CO)COC1,9,-6.6396,1.5456,8.1852,2.8182,73.8,37.232
QM9_00369,Oc1n[nH]c2c1OCO2,9,-5.4096,0.9197,6.3266,2.1013,59.95,26.579
QM9_00370,CC1(O)C(N)C1(N)C#N,9,-6.1334,0.7401,6.8736,4.3711,73.98,37.604
QM9_00371,CCc1ncncc1C,9,-6.6069,-0.8762,5.7334,2.7829,84.05,31.869
QM9_00372,C#CCN1C2C3CC3C21,9,-5.9402,1.3116,7.2546,1.5574,82.26,31.792
QM9_00373,Cn1ccc(N)c1C#N,9,-5.4287,-0.2204,5.2083,4.3231,81.85,31.816
QM9_00374,C#Cc1c(O)n[nH]c1N,9,-5.5266,0.5306,6.0573,3.2788,74.03,32.18
QM9_00375,N=C1OCC=CNC1=O,9,-6.362,-1.3551,5.0069,4.9209,70.92,28.548
QM9_00376,CC1C2C3N1C2C31CO1,9,-6.3185,2.0218,8.3403,3.269,77.34,29.417
QM9_00377,CC#Cc1ncon1,8,-7.0668,-1.1456,5.9212,1.4887,67.7,24.26
QM9_00378,OC12C=CC3C(CC1)C32,9,-6.2096,0.3646,6.5743,1.2877,77.94,30.014
QM9_00379,N=C1OC23CNC2C1C3,9,-6.4573,0.5606,7.0151,2.5715,74.5,27.6
QM9_00380,CC(=O)C1CN1CC=O,9,-6.6015,-0.9796,5.6219,4.4519,75.33,33.802
QM9_00381,Nc1ccncc(=O)c1,9,-6.1171,-2.1497,3.9674,5.8262,82.27,29.361
QM9_00382,COC(=N)OCCCO,9,-6.9661,1.6681,8.6342,2.4393,74.26,36.645
QM9_00383,CC1=CCNC=CC1=O,9,-5.8314,-1.1483,4.6831,5.3754,83.3,32.0
QM9_00384,CC(CO)CC=O,7,-6.8001,-0.5551,6.245,3.2548,61.44,29.951
QM9_00385,OCCCc1ccco1,9,-5.7933,0.6231,6.4137,1.5804,79.03,32.666
QM9_00386,CC1OC1(C)COC=O,9,-7.3525,0.2531,7.6029,5.2004,73.49,35.281
QM9_00387,CCC1CC2(O)CCC12,9,-6.596,2.1062,8.7022,1.1867,85.48,36.544
QM9_00388,CC1CC2(O1)C(C)C2C,9,-5.8695,2.1225,7.992,1.5101,86.8,37.839
QM9_00389,N=C1OCC2(CO)OC12,9,-7.2763,0.0027,7.2818,2.1275,66.58,29.665
QM9_00390,OC1C=C2C(C1)C1OC21,9,-6.6668,-0.1878,6.479,1.8212,74.18,28.789
QM9_00391,CC12C3C4N1C4(C)C32,8,-5.6436,2.0409,7.6845,1.6868,71.66,28.107
QM9_00392,COC1CNC1CC#N,9,-6.4382,1.1048,7.543,5.4684,77.24,33.383
QM9_00393,C1OCC2C3CC(O1)C23,9,-6.7076,2.0681,8.7784,2.0725,73.37,28.044
QM9_00394,CCCC1CC2(O)CC12,9,-6.6722,2.2477,8.9172,1.1003,86.27,37.17
QM9_00395,C1=CC2CC1OCCO2,9,-6.479,0.0054,6.4845,0.6883,74.73,28.649
QM9_00396,CC12C3OC4=NC3C1N42,9,-5.9158,-1.9347,3.981,4.3329,67.4,27.112
QM9_00397,CC12CC3C1N3C2CO,9,-6.5906,1.9293,8.5226,2.868,77.76,32.587
QM9_00398,CCC12C3CN1CC32C,9,-5.8831,2.4055,8.2859,1.6999,86.24,34.346
QM9_00399,COc1ccc(C)o1,8,-5.0232,1.0721,6.0954,1.2523,69.17,28.692
QM9_00400,OC1C=CC=CC=CC1,9,-5.9729,-1.1021,4.8708,1.3388,88.69,31.9
QM9_00401,CC1C2CC3OC3CC12,9,-6.9226,2.0109,8.9335,1.838,80.8,31.717
QM9_00402,CC1=CC(CC=O)CC1,9,-6.3892,-0.5061,5.8831,2.9954,86.93,34.556
QM9_00403,CC12C=CNC(=O)C1O2,9,-6.1933,-0.5687,5.6246,3.6219,71.74,29.672
QM9_00404,OCC1OCC=CC1O,9,-6.7294,0.0517,6.7811,2.9933,72.71,33.086
QM9_00405,N#Cc1coc(=N)cn1,9,-7.0423,-2.6504,4.3892,3.801,74.44,25.785
QM9_00406,O=C1OCOC2C(O)C12,9,-7.094,-0.2503,6.8437,4.3506,61.0,27.812
QM9_00407,CC1CC1C(C)OC=O,9,-7.3716,0.332,7.7008,4.1672,80.47,36.53
QM9_00408,C1=Cc2nnoc2NC1,9,-5.6409,-1.5755,4.0654,4.4888,80.16,28.082
QM9_00409,CC1CC2CC(C=O)C12,9,-6.5525,-0.6476,5.9076,2.7683,82.16,33.093
QM9_00410,C1=CCC2COC2C=C1,9,-6.1579,-0.8436,5.3117,1.8152,82.19,29.236
QM9_00411,CCNc1cn[nH]c1N,9,-5.4341,1.083,6.5144,2.5384,79.01,34.061
QM9_00412,CC1=CCc2n[nH]cc21,9,-5.5185,0.1279,5.6464,1.9682,81.88,28.954
QM9_00413,CCC1OCC2(C)NC12,9,-6.3403,2.0436,8.3838,2.8332,83.01,35.088
QM9_00414,c1nc2n(n1)C1CC2C1,9,-6.4409,0.3701,6.811,3.9917,72.99,24.095
QM9_00415,C1C2C1C1OC2C12CO2,9,-6.9253,2.1007,9.026,0.123,70.46,27.25
QM9_00416,O=CC1CC2OCC12O,9,-6.7648,-0.9197,5.845,2.1048,68.05,30.934
QM9_00417,Nc1cn2c(n1)CC=C2,9,-4.811,-0.1905,4.6205,2.5108,79.35,28.556
QM9_00418,N=C1CC2(CC2C=O)O1,9,-6.9634,-0.9197,6.0464,2.7349,73.64,30.168
QM9_00419,CN1C2CC(CC=O)C21,9,-6.4301,-0.6095,5.8205,1.981,80.21,33.151
QM9_00420,CNC1(CC#N)CC1O,9,-6.5117,0.732,7.2437,1.8247,75.77,35.364
QM9_00421,CC1(C)OC(=N)C12CC2,9,-6.8355,0.8191,7.6546,2.959,80.84,35.148
QM9_00422,CC(O)C(=O)OCC=O,9,-7.3335,-1.0939,6.2396,2.6629,66.16,34.37
QM9_00423,CCC(C)n1cnnn1,9,-7.5457,-0.2367,7.309,6.1807,76.33,32.078
QM9_00424,N=C1NC2CC1OC2=O,9,-6.7566,-0.2503,6.5062,3.6118,66.34,26.115
QM9_00425,CCC1(C2CCO2)CN1,9,-6.5171,1.981,8.4954,1.5744,81.86,34.811
QM9_00426,N#CC1C2NC3C2C13N,9,-6.0491,0.781,6.8301,6.6072,72.45,29.549
QM9_00427,CCC(C#N)C1(C)CC1,9,-7.7743,0.9497,8.7267,3.8798,86.08,37.756
QM9_00428,O=C1CC23CC(C2)C3N1,9,-6.6505,0.7238,7.3743,3.3496,76.71,27.899
QM9_00429,CC1=CCCOCOC1,9,-6.528,0.2612,6.7892,2.0154,81.03,33.427
QM9_00430,N#CC(O)c1cc[nH]n1,9,-7.3661,-0.1986,7.1675,6.1086,67.04,28.475
QM9_00431,CC1=C(C)C(C#N)NC1,9,-6.3729,0.1714,6.5443,3.5332,83.12,34.106
QM9_00432,CC(O)C1(O)CCC1O,9,-6.7457,1.4422,8.1906,3.4384,73.73,37.527
QM9_00433,COC(=N)NC(C)=O,8,-6.9199,-0.1469,6.7729,4.0249,64.07,30.88
QM9_00434,c1cc2n(n1)C1CN2C1,9,-6.2015,0.5361,6.7375,2.3777,74.1,24.486
QM9_00435,CC#CC12CC1C1OC12,9,-5.8069,0.8816,6.6858,1.9229,83.6,31.331
QM9_00436,N#CC1=CC2NC2C1N,9,-6.596,-1.4204,5.1756,4.7509,76.95,29.438
QM9_00437,N#CC1C2C(O)CCN12,9,-6.8926,0.3619,7.2573,3.8025,71.57,30.147
QM9_00438,CC12CC3OC(C)(C1)C32,9,-6.3457,2.1796,8.5253,1.6637,82.17,33.075
QM9_00439,CC#CC12C3C4C1N4C32,9,-5.5892,0.7755,6.362,2.0813,84.32,28.943
QM9_00440,CC12CC1n1nccc12,9,-6.294,0.0871,6.3783,3.1255,78.82,28.079
QM9_00441,Nc1c(O)[nH]ccc1=O,9,-5.796,-0.2367,5.5593,4.2721,70.93,29.937
QM9_00442,CC12C(CO)C3CC1C32,9,-6.5008,1.7497,8.2505,1.7337,81.53,33.559
QM9_00443,CCC1(C#N)CCCN1,9,-6.7511,0.9306,7.6818,4.5803,81.76,34.732
QM9_00444,O=C1OC2C1C21CCO1,9,-6.8981,-0.0435,6.8518,3.5704,65.99,27.146
QM9_00445,CC1CCC2(O)CC2C1,9,-6.6668,2.1905,8.8573,1.2172,85.13,35.942
QM9_00446,CC(C)OC(C)(C)C#N,9,-7.2546,0.7755,8.0301,4.773,83.27,40.637
QM9_00447,OCC1C2CC2C2CN12,9,-6.2232,2.03,8.2532,2.6466,76.81,31.369
QM9_00448,C1C2CC2C1CN1CC1,9,-6.2287,2.4354,8.6641,1.0626,86.77,32.787
QM9_00449,CC1C(=O)C2OC12C#N,9,-7.3199,-1.6436,5.6763,1.4433,68.19,29.269
QM9_00450,CCC1(C#N)CC1O,8,-7.5865,0.849,8.4355,4.5395,69.27,31.708
QM9_00451,O=C1OC23CNC2C1C3,9,-6.6341,0.0925,6.7267,3.6805,69.14,26.632
QM9_00452,CC(C)(O)CC1CCC1,9,-6.9443,1.7143,8.6587,1.2241,89.22,40.324
QM9_00453,C1C2C1C1C2CC12CO2,9,-6.4464,1.8096,8.2587,1.7642,78.14,29.354
QM9_00454,ON=C1C2CC(O)C1O2,9,-6.7675,0.1823,6.9525,2.1777,68.2,30.286
QM9_00455,Cc1ncc(F)c(=N)[nH]1,9,-5.8777,-1.0041,4.8736,2.2725,73.88,29.13
QM9_00456,CC12CC(O)C3C(C1)C32,9,-6.7566,2.1089,8.8655,1.3608,81.13,32.658
QM9_00457,CC1(CO)CC(C#N)C1,9,-7.4668,0.8708,8.3376,3.2848,79.37,35.498
QM9_00458,CCn1ccc(O)c1N,9,-4.7892,1.4422,6.2314,0.4633,79.3,35.69
QM9_00459,C1CCC2=C(C1)CCC2,9,-5.8015,1.0694,6.8709,0.1856,91.87,32.385
QM9_00460,CC1(O)CCCC1=NO,9,-6.7539,0.068,6.8192,1.3838,77.73,36.0
QM9_00461,CC(C)C1CCC(=N)O1,9,-6.8437,0.8599,7.7035,3.213,82.86,35.463
QM9_00462,N#CC(O)C1C=CCO1,9,-7.143,-0.2177,6.9253,5.2845,70.52,30.153
QM9_00463,C#CCC(=O)COC=N,9,-6.9008,-0.9633,5.9375,4.3902,74.39,33.717
QM9_00464,OCC1CC2(CO2)C1,8,-6.9988,1.9919,8.9906,1.9276,68.68,30.024
QM9_00465,Cc1c(F)cn[nH]c1=N,9,-5.8641,-1.3987,4.4654,1.254,73.64,29.409
QM9_00466,C1C2C3OC4CN2C1C43,9,-5.8042,2.4028,8.207,1.6667,72.76,24.5
QM9_00467,CC(=O)CC(C)(O)C#N,9,-7.4423,-1.1347,6.3076,5.1652,72.43,36.152
QM9_00468,C1CC2(C3CC3)CC1O2,9,-6.5607,2.3102,8.8709,1.5033,81.6,31.196
QM9_00469,CC(C)(C=O)NCC#N,9,-6.9824,-1.015,5.9675,3.4725,77.19,36.806
QM9_00470,C1=CC2C3C4CC(C14)C23,9,-6.06,0.615,6.675,0.4706,82.1,26.133
QM9_00471,CC1C2C3N1C2C31CN1,9,-6.1362,2.1769,8.3131,2.668,81.32,30.182
QM9_00472,N#CC1=C(C=O)COC1,9,-7.3906,-2.9552,4.4355,1.8959,74.51,28.2
QM9_00473,N#CC1OC2CC(O)C12,9,-7.475,-0.3129,7.1648,3.9066,67.65,29.208
QM9_00474,CC1(O)CC1C1CO1,8,-6.7756,2.1497,8.9253,0.8038,68.24,31.408
QM9_00475,N#CCN1CC(O)C1=N,9,-6.9117,-0.0435,6.8682,3.7629,71.34,31.667
QM9_00476,CCC1=CC(C)OCC1,9,-6.3375,0.6748,7.0124,1.2867,89.64,36.286
QM9_00477,CC1CC2(CO2)C12CO2,9,-6.8437,1.4613,8.3076,1.7268,75.76,32.541
QM9_00478,CC12CC(O)C1C(=O)O2,9,-7.4396,-0.0735,7.3661,3.9097,67.8,31.388
QM9_00479,Cc1nccc(F)c1C,9,-6.8192,-0.332,6.4872,1.0592,78.3,30.99
QM9_00480,CC1NC1C(=O)C(=N)N,9,-6.5906,-1.4966,5.0967,2.0141,76.7,34.52
QM9_00481,N#CC1CCC1=O,7,-7.3498,-1.3007,6.0491,5.1134,55.77,22.635
QM9_00482,CC1CC2C3C4C1C4N23,9,-5.7933,1.8994,7.6899,1.6859,80.03,29.408
QM9_00483,O=C1C2CC(O2)C2CN12,9,-6.4083,-0.3973,6.011,4.0614,67.4,26.191
QM9_00484,COC(CC#N)C(C)C,9,-7.0777,0.9306,8.0083,3.7422,83.17,39.153
QM9_00485,C1CC12COCC21CO1,9,-6.9144,1.9266,8.841,1.4926,74.49,30.793
QM9_00486,C#CC12C=CCN1C2,8,-6.1498,0.0844,6.2341,1.6593,73.11,26.813
QM9_00487,CC(CN1CC1)NC=O,9,-6.5688,0.917,7.4886,4.35,81.58,35.452
QM9_00488,C1N=C2OC3COC1C23,9,-6.626,-0.1442,6.4818,3.8536,67.42,25.08
QM9_00489,CC12C(=O)CC3CC1N32,9,-6.6042,-0.5578,6.0491,2.351,75.34,29.593
QM9_00490,C#CC(N)c1conn1,9,-7.0341,-1.2436,5.7879,2.6408,68.13,29.795
QM9_00491,C1C2C3C4C(C5C3N45)N12,9,-6.3158,1.9728,8.2886,1.565,72.05,24.232
QM9_00492,CN=C(OC=O)C(N)=O,9,-6.9199,-1.6762,5.2436,1.5626,66.9,33.209
QM9_00493,CCn1c(O)coc1=N,9,-4.9253,1.1783,6.1035,3.8539,71.53,32.945
QM9_00494,O=C1CCC(O)C12CN2,9,-6.3103,-0.5796,5.7307,4.8441,72.61,31.754
QM9_00495,CC1C=C2COC2C1O,9,-6.4028,0.1714,6.5743,2.5032,77.85,32.133
QM9_00496,CC1COC(C#N)C1=O,9,-7.3144,-1.4585,5.8532,4.491,68.84,30.518
QM9_00497,Cc1occc1CC#N,9,-6.1443,0.1415,6.2886,3.5513,75.2,30.376
QM9_00498,CN1C=CC(=O)OCC1,9,-5.7824,-0.4653,5.3198,6.8114,79.46,30.944
QM9_00499,O=CC1CCOC1=O,8,-7.2763,-1.0504,6.2232,3.5785,57.81,25.07
QM9_00500,OCC1OC2COCC12,9,-6.8246,1.7932,8.6151,2.9373,70.35,30.189
QM9_00501,Nc1nn2ccnc2[nH]1,9,-5.4967,0.7021,6.1988,4.2151,69.92,26.79
QM9_00502,O=C1C(=O)N2C3CC1C32,9,-6.5362,-2.2368,4.2994,5.2364,65.25,25.352
QM9_00503,CC12NC1CC2CC#N,9,-6.4926,1.1592,7.6518,5.4696,80.26,32.782
QM9_00504,COc1c(N)noc1C,9,-6.2559,0.2503,6.5062,2.9276,72.31,33.177
QM9_00505,CCC1(O)C2CC(O)C21,9,-6.5389,1.7334,8.2695,2.3104,78.41,36.587
QM9_00506,CC1N=C2NC3(C)C2C13,9,-5.9702,-1.2898,4.6804,3.6587,82.21,32.065
QM9_00507,N#CC(N)C1C(O)C1O,9,-7.0178,0.4789,7.4967,1.7517,68.53,34.22
QM9_00508,CCC(=O)NC(C)=NC,9,-6.4872,-0.1714,6.3158,1.1795,86.41,38.405
QM9_00509,CCCC12CC1C(=O)N2,9,-6.6042,0.3265,6.9307,4.0564,80.67,33.776
QM9_00510,CNC1=NCC(C#N)N1,9,-6.1743,0.3674,6.5416,4.0868,75.36,31.491
QM9_00511,C#CC1NC1C(C)(C)O,9,-6.5416,0.8408,7.3824,2.7402,81.69,38.002
QM9_00512,Oc1c[nH]c(C2CO2)c1,9,-5.0858,0.7728,5.8559,1.6626,73.74,30.432
QM9_00513,C#CC#CC(CC)=NO,9,-6.2967,-1.5075,4.7865,0.8586,98.1,35.445
QM9_00514,O=CC(O)C1(O)CCC1,9,-7.0777,-0.9687,6.109,2.5126,71.3,34.758
QM9_00515,C1=CC23CCC2CC1C3,9,-6.0817,0.6095,6.6913,0.2758,85.89,29.322
QM9_00516,CCC12CN3C(C)C1C32,9,-5.9402,2.2341,8.177,1.7473,85.99,34.064
QM9_00517,N#CC12COC1CC2O,9,-7.4478,0.1361,7.5838,3.3503,69.32,29.525
QM9_00518,CNc1cnc(O)cn1,9,-5.3742,-0.9959,4.3783,2.2138,78.53,30.203
QM9_00519,C#CC1CC(=O)N1C,8,-6.7838,0.6259,7.4097,3.3284,69.19,29.062
QM9_00520,N#CC1CC(CCO)C1,9,-7.4205,0.8871,8.3076,3.5525,80.24,34.455
QM9_00521,O=Cn1ccc(=O)cc1,9,-6.5525,-1.8395,4.713,3.4112,77.28,26.688
QM9_00522,CCn1cncc1CO,9,-6.0436,0.498,6.5443,2.4867,78.07,32.744
QM9_00523,COc1cccc(O)c1,9,-5.7661,0.2122,5.9811,1.7706,80.31,31.068
QM9_00524,OCC(O)c1cnon1,9,-7.4396,-1.6055,5.8368,1.1207,62.94,29.503
QM9_00525,C1=CC2C3C1N2C31CC1,9,-5.9103,-0.166,5.7443,1.5846,80.7,28.099
QM9_00526,CN=C1OC(C)C1C=O,9,-6.8709,-0.9714,5.8967,1.5908,76.22,33.428
QM9_00527,OCC1C(O)C12CCO2,9,-5.9729,1.5075,7.4831,3.0044,72.22,33.587
QM9_00528,OC12CC3N=COC1C32,9,-6.5117,0.4844,6.996,1.806,67.24,27.481
QM9_00529,CN1CC1C(O)C1CC1,9,-6.0763,1.9347,8.011,1.5159,82.8,36.928
QM9_00530,CN=COC1CC1O,8,-6.5035,0.4735,6.9797,2.2755,69.33,31.19
QM9_00531,C#CC(CO)N=COC,9,-6.8246,0.2585,7.0831,3.0889,78.19,36.384
QM9_00532,COCC(OC)C1CN1,9,-6.4736,2.2939,8.7675,2.1262,79.97,36.979
QM9_00533,CC1CC(=O)N2CC12,8,-6.743,-0.2014,6.5416,4.1686,67.5,27.562
QM9_00534,N=COCC1CCO1,8,-6.762,0.8109,7.5729,4.6383,66.94,28.362
QM9_00535,CC12CC(CC#N)C1C2,9,-7.0804,1.0748,8.158,4.3261,83.85,33.527
QM9_00536,CC#CC(CO)N1CC1,9,-6.4818,1.3034,7.7852,1.6746,83.78,36.487
QM9_00537,CCc1cc(F)ccn1,9,-7.0069,-0.4653,6.5416,0.5023,78.17,29.807
QM9_00538,N=C1CC(C(N)=O)O1,8,-6.9171,0.332,7.2518,2.1865,59.34,27.403
QM9_00539,CC12COC1C1NC12C,9,-6.0681,1.8232,7.8886,3.2885,78.28,32.802
QM9_00540,CC1CC1OC=O,7,-7.4641,0.0762,7.5403,3.8932,58.56,26.065
QM9_00541,CC1=CC2COCC1C2,9,-6.0491,0.6912,6.7403,1.1352,82.96,31.047
QM9_00542,Cc1nnoc(=O)c1F,9,-7.8396,-2.8599,4.9797,4.2306,61.59,27.591
QM9_00543,COC(C)C(C)CC=O,9,-6.7375,-0.517,6.2232,3.1056,83.85,40.025
QM9_00544,CC(C)C(=O)C(O)CO,9,-6.9634,-0.917,6.0464,2.4808,75.7,38.575
QM9_00545,Nc1c(F)cnoc1=O,9,-6.3865,-1.7905,4.596,4.386,63.01,27.722
QM9_00546,N=C1COC(=N)N1C=O,9,-7.4314,-1.2272,6.2042,3.096,66.94,27.923
QM9_00547,O=CC1CC=CC12CC2,9,-6.2096,-0.4925,5.7171,2.7312,82.06,31.608
QM9_00548,CCC1NC1C#N,7,-7.5131,0.4408,7.9539,4.7201,62.24,26.072
QM9_00549,O=C1CC23CC12N=CO3,9,-6.6722,-0.7646,5.9076,3.3976,65.22,25.74
QM9_00550,CNC(=O)COC(N)=O,9,-6.7457,0.8163,7.562,1.861,66.41,34.607
QM9_00551,CNc1oc(N)cc1O,9,-4.5416,1.3116,5.8532,2.2449,74.12,34.801
QM9_00552,CCC1=C(C)COCC1,9,-6.1035,0.7592,6.8654,1.422,89.24,36.455
QM9_00553,OC1(c2cnn[nH]2)CC1,9,-6.6287,0.0408,6.6695,4.5898,70.77,29.271
QM9_00554,N=C1OC2C=CC1NC2,9,-6.3321,-0.4136,5.9212,3.9614,73.37,27.376
QM9_00555,OC1(c2cnno2)CC1,9,-7.0069,-1.0259,5.9811,3.7667,68.99,29.15
QM9_00556,CCn1nnn(C)c1=O,9,-6.5362,-0.5497,5.9892,0.2688,71.81,31.248
QM9_00557,O=C1C2CC2C2CC12,8,-6.3294,-0.5007,5.8287,3.2919,67.47,25.16
QM9_00558,Oc1nc2c([nH]1)C=CC2,9,-4.8028,0.0,4.8028,1.6964,74.76,27.749
QM9_00559,CC(=O)C12CC(=O)C1O2,9,-7.0314,-1.5674,5.4613,2.2492,67.48,30.328
QM9_00560,COCC1(OC)CC1O,9,-5.9947,1.8204,7.8151,2.6594,75.94,37.624
QM9_00561,O=CCC1=CCOC1,8,-6.4409,-0.9442,5.4994,2.8419,68.43,27.292
QM9_00562,N#CC1OC1(C#N)C#N,9,-9.5702,-2.381,7.1865,2.7749,62.9,27.102
QM9_00563,CN(C=O)CC1(C)CC1,9,-6.4899,0.8136,7.3035,3.8451,83.96,37.168
QM9_00564,OCC(O)c1ccon1,9,-7.0804,-0.664,6.4164,3.0186,66.57,30.38
QM9_00565,O=C1CC2N=COC12,8,-6.7974,-1.3089,5.4885,1.7655,57.75,22.746
QM9_00566,N#CC1(CN)OC1CO,9,-7.0532,0.1306,7.1838,4.7249,70.26,34.396
QM9_00567,COC(=O)C1CCN1C,9,-5.9348,0.3238,6.2613,1.8514,77.04,34.402
QM9_00568,O=C1CC2C=CCCN12,9,-6.4545,0.2286,6.6831,3.5396,78.05,28.741
QM9_00569,N#CC12CC1OC(=N)N2,9,-6.8192,0.0463,6.8654,3.3395,68.56,27.958
QM9_00570,CC12CC3C(C1)C32O,8,-6.2641,1.8721,8.1362,1.2781,71.27,29.221
QM9_00571,CCC1N2CC2C1(C)O,9,-6.0872,1.8395,7.9267,2.5243,81.42,37.174
QM9_00572,N=COc1ccccn1,9,-6.626,-0.9497,5.6763,3.2005,79.52,27.161
QM9_00573,O=CCCC1COC=N1,9,-6.7457,-0.5225,6.2232,3.0605,73.98,30.603
QM9_00574,COCCc1cnoc1,9,-7.0097,-0.3184,6.6913,2.8733,74.58,30.989
QM9_00575,CC1=CCCOC1,7,-6.3838,0.7565,7.1403,1.2361,66.67,25.817
QM9_00576,COc1cnc(O)nc1,9,-6.1634,-1.1211,5.0423,3.6591,71.72,28.346
QM9_00577,Fc1ccc(F)c(F)n1,9,-7.0124,-1.2109,5.8015,2.9602,56.28,24.583
QM9_00578,CCC#CC1(C)CCO1,9,-6.5579,1.0095,7.5675,1.7527,88.95,36.705
QM9_00579,CC(=N)OCC(C)(C)O,9,-7.0858,0.9143,8.0001,2.5013,80.37,40.596
QM9_00580,CN=COCC1(O)CC1,9,-6.2913,0.3728,6.6641,2.2997,78.99,35.141
QM9_00581,O=CC12N=CNC1C2O,9,-6.2477,-0.6449,5.6055,4.888,67.03,29.254
QM9_00582,CC(=O)C1(C=O)CCO1,9,-6.6124,-1.3252,5.2899,2.8654,68.96,32.717
QM9_00583,CC12COC3C(N1)C32O,9,-5.6246,1.6789,7.3035,1.5922,70.27,31.109
QM9_00584,CC1=CC(=O)C(C)C1C,9,-6.226,-0.9742,5.2518,4.0031,86.29,35.72
QM9_00585,C#CC1C=CCNC1=O,9,-6.6069,0.068,6.675,3.9361,77.16,30.71
QM9_00586,c1nc(C2CCN2)no1,9,-6.3811,-0.6259,5.7552,1.5846,69.67,26.63
QM9_00587,CC1COC(=N)N1C=O,9,-6.879,-0.264,6.6124,6.0487,71.64,30.696
QM9_00588,CCC(C#N)OCC=O,9,-7.3144,-1.0748,6.2396,3.7756,74.02,34.946
QM9_00589,N#CC12C=CCC(C1)C2,9,-6.9362,-0.1633,6.7729,4.5212,80.86,29.228
QM9_00590,O=CC1OC2(CC2)C1=O,9,-6.9253,-1.4613,5.464,2.0686,69.59,29.589
QM9_00591,COC(C#N)=NCCO,9,-7.2627,-1.5919,5.6736,2.6166,74.37,34.039
QM9_00592,CC(=NO)C(C)C1CC1,9,-6.4954,0.4789,6.9716,0.5898,85.84,38.557
QM9_00593,CC1OC1CC#CC=O,9,-7.211,-1.6354,5.5756,4.5537,81.59,33.371
QM9_00594,CC12CC3(O)C(=O)C1C32,9,-6.3647,0.2041,6.5688,4.813,72.92,31.452
QM9_00595,C1=CC23OC4C2C1C43,8,-6.1634,-0.2367,5.9266,1.9493,64.21,22.041
QM9_00596,CC1=CCC(N2CC2)C1,9,-6.1198,0.9361,7.0559,0.9679,89.5,34.143
QM9_00597,CN1C2C(=N)OC(=O)C21,9,-7.2409,-1.1211,6.1198,1.4583,67.84,28.175
QM9_00598,CC(C)OCC1CC1O,9,-6.5471,2.1687,8.7131,0.9878,83.66,39.282
QM9_00599,NC(=O)C1C2OC(=O)C21,9,-6.977,-0.7265,6.2505,3.0011,62.09,28.489
QM9_00600,N=C1OC2C1C2C(N)=O,9,-6.7892,-0.2449,6.5471,3.3267,67.23,29.534
QM9_00601,C1OC2CC3C1C23,7,-6.4382,2.5225,8.9607,1.6076,58.95,20.641
QM9_00602,CCC(C)C#CC(C)=O,9,-6.8328,-1.181,5.6518,3.5906,91.57,38.937
QM9_00603,CCN1C2C3CC3(O)C21,9,-6.2641,1.8558,8.1199,1.7349,79.08,33.548
QM9_00604,O=CC#CC1(O)CCC1,9,-7.3144,-1.7524,5.562,2.6785,81.33,33.187
QM9_00605,ON=C1COC2CC2C1,9,-6.6205,0.0626,6.6831,1.352,75.15,31.021
QM9_00606,OC12C3OC1C1OC3C12,9,-6.2559,0.7891,7.0477,1.997,62.41,25.277
QM9_00607,CC1C2CC1OC(=O)O2,9,-7.6927,1.0068,8.6968,5.725,67.9,28.597
QM9_00608,O=CC12NC1CC21CO1,9,-6.762,-1.1293,5.6328,2.0756,71.13,29.209
QM9_00609,CCN1CC(C#N)C1,8,-6.3702,0.6585,7.0287,3.7111,74.08,29.822
QM9_00610,CN1CC2(CO2)C1,7,-5.8641,2.215,8.0791,2.3196,61.97,25.42
QM9_00611,CC1=CCC2OC(=N)C12,9,-6.5879,0.2857,6.8736,2.4782,78.84,30.026
QM9_00612,N#Cc1n[nH]nc1C#N,9,-8.4682,-2.1225,6.3457,5.6934,65.92,23.923
QM9_00613,CC1C2OCCCC12O,9,-6.4464,2.0082,8.4546,1.8499,77.98,34.397
QM9_00614,N#CC1(C#N)CN=CO1,9,-8.3403,-1.4286,6.909,2.9176,63.86,26.665
QM9_00615,CCOC(=O)N1CC1C,9,-6.8437,1.0585,7.9049,2.3543,77.71,35.261
QM9_00616,CC1(C)OCC1OC=O,9,-7.0559,-0.0218,7.0369,2.7765,73.3,34.497
QM9_00617,CC12C=CC3CC(C1)C32,9,-6.1743,0.6095,6.7865,0.1626,86.24,30.85
QM9_00618,CC12CC(=O)C1C1OC12,9,-6.4028,-0.6041,5.796,3.9528,71.43,30.109
QM9_00619,CC12OC3C1C1C2C31O,9,-6.313,2.0708,8.3838,1.0449,70.47,29.599
QM9_00620,C#CC(C1CN1)C1CO1,9,-6.6804,0.947,7.6246,2.7661,77.34,32.873
QM9_00621,N=c1[nH]cnc(N)c1O,9,-4.8572,-0.3646,4.4953,3.0334,76.06,30.329
QM9_00622,N=C(CO)NC(=N)CO,9,-6.7239,-0.3048,6.4192,5.7598,73.62,35.403
QM9_00623,CC1C2CC(=O)OC1C2,9,-7.0314,0.3184,7.3498,4.5403,74.82,30.371
QM9_00624,CC1C(CO)C1CC#N,9,-7.4151,0.8136,8.2287,2.4249,79.32,36.135
QM9_00625,NC1=Nc2nonc2C1,9,-6.509,-0.8436,5.6654,7.6427,67.63,26.237
QM9_00626,C#CC1CC1COC=O,9,-7.0641,0.1905,7.2546,3.6792,76.48,32.919
QM9_00627,N#CCC(O)CC1CC1,9,-7.5865,0.8,8.3838,4.9491,80.4,35.574
QM9_00628,C#CCC1(C)C2COC21,9,-6.4001,1.3442,7.7471,1.7322,80.8,33.955
QM9_00629,OCCC(O)C1COC1,9,-6.6641,1.6681,8.3321,2.1345,74.85,36.127
QM9_00630,CC1=NC2C=CC(C2)O1,9,-6.4464,-0.0517,6.3974,1.5437,75.79,28.698
QM9_00631,O=Cc1ncnc(=O)[nH]1,9,-7.6056,-3.396,4.2096,3.5592,64.45,24.926
QM9_00632,N=C1CC(C2CC2O)O1,9,-6.5335,0.4599,6.9906,2.3664,73.34,31.621
QM9_00633,C1CC2(CO2)C12CO2,8,-7.0396,1.2735,8.3158,3.1722,64.86,27.012
QM9_00634,N#CC1C2CNC12C=O,9,-6.7675,-1.63,5.1375,4.7856,72.04,29.145
QM9_00635,CN=C1CC(O)CO1,8,-6.5443,0.9633,7.5076,3.6213,67.74,29.396
QM9_00636,CCC1OC1C1CCO1,9,-6.743,2.0218,8.7648,1.6047,79.21,33.72
QM9_00637,CC12OC1C(O)C21CC1,9,-6.645,2.2341,8.8791,2.1931,75.21,33.354
QM9_00638,C1CN1c1nn[nH]n1,8,-6.509,-0.6313,5.8777,2.476,60.1,22.639
QM9_00639,CC(=O)C1OC(C)C1=O,9,-6.7484,-1.298,5.4504,3.5723,70.65,33.256
QM9_00640,CC(=O)NC(=O)C(=N)N,9,-6.7484,-1.3361,5.4123,4.5812,70.02,34.074
QM9_00641,N#CC1(CN)CC(=O)O1,9,-7.2437,-0.3646,6.8763,4.7843,66.51,30.902
QM9_00642,CN=C1NC(=N)CO1,8,-6.4382,0.2095,6.6477,0.3809,68.63,27.384
QM9_00643,C1CC2OCC2OCO1,9,-6.811,1.7796,8.5906,1.8761,70.83,29.178
QM9_00644,N#CC12CC(O)(C1)C2,8,-7.6546,0.683,8.3376,4.1323,67.14,26.956
QM9_00645,COc1[nH]nc(C)c1O,9,-5.5674,0.8572,6.4246,3.2305,72.21,33.721
QM9_00646,O=c1[nH]cc(CO)o1,8,-5.9185,0.5361,6.4518,3.8584,56.24,26.099
QM9_00647,NC(=O)NC=NCCO,9,-6.7049,-0.0544,6.6477,4.4184,76.82,35.602
QM9_00648,OC1C2C=CC1OCC2,9,-6.6287,-0.0435,6.5824,2.0211,73.92,29.239
QM9_00649,C#CC(=O)OC(C)=NC,9,-7.1811,-1.2789,5.9021,2.0116,76.76,34.588
QM9_00650,CCC#CC1(CC)CO1,9,-6.6341,0.947,7.5811,1.9433,89.15,37.542
QM9_00651,C1CC2C(CC23CC3)O1,9,-6.5498,2.1361,8.6859,1.3672,81.41,31.088
QM9_00652,C#CC(C)CCC=O,8,-6.8545,-0.6776,6.177,2.3246,75.51,33.402
QM9_00653,COc1cc[nH]c1CO,9,-4.8708,1.1266,5.9974,0.9732,77.38,33.423
QM9_00654,O=CC#CC1(C=O)CO1,9,-7.5539,-2.1796,5.3715,3.4784,72.8,29.813
QM9_00655,CC(=NO)C1OC2CC21,9,-6.4409,0.1742,6.6178,1.1919,74.54,32.783
QM9_00656,C#CC(O)CN1CC1C,9,-6.1334,0.9034,7.0369,2.2758,82.44,37.309
QM9_00657,N#CC1NCCC1C=O,9,-6.9389,-1.0449,5.894,4.5376,72.75,30.519
QM9_00658,C#CC1CN(CC#N)C1,9,-6.6069,0.4354,7.0423,4.1491,80.17,32.143
QM9_00659,CCOC1C=CCO1,8,-6.8355,0.2884,7.1239,0.808,70.59,29.197
QM9_00660,OCC(O)CCC1CO1,9,-6.9988,1.6925,8.6913,2.1167,75.65,36.508
QM9_00661,CC12OCC1CC2C=O,9,-6.6178,-0.4708,6.1471,3.3022,75.08,32.004
QM9_00662,CC1(C)CN=C(CO)O1,9,-6.8627,0.6612,7.5239,3.5389,75.98,35.268
QM9_00663,CC12CC(O)(C#N)C1N2,9,-7.2981,0.068,7.3661,3.6402,73.29,32.786
QM9_00664,CC12C3C4C1N2C(=O)N43,9,-6.6913,-0.4789,6.2124,4.827,67.18,26.484
QM9_00665,CC(C)C12CC3OC1C32,9,-6.0981,2.1606,8.2559,1.8503,81.11,33.368
QM9_00666,OC12CC3CC(C1)C2C3,9,-6.7947,2.2613,9.0587,1.2662,80.29,30.328
QM9_00667,O=C1C=CC2COC1O2,9,-6.4164,-1.7388,4.6776,4.2009,66.62,25.704
QM9_00668,C#CC1C2CC1C2CC,9,-6.8763,1.2463,8.1226,0.6992,89.86,34.415
QM9_00669,O=CC1OC2=NCCC21,9,-6.8545,-1.2408,5.6137,4.9868,69.88,27.699
QM9_00670,COC1C=C(C)CCO1,9,-6.5715,0.5252,7.0967,1.5556,83.01,34.622
QM9_00671,O=C1CC2(O)CC1C2,8,-6.5008,-0.2476,6.2532,2.3419,64.4,26.842
QM9_00672,O=C1CC2CN2CCO1,9,-6.6641,0.1959,6.86,3.9604,72.47,29.493
QM9_00673,CNC(=O)C1CC1OC,9,-6.4899,0.7919,7.279,2.6037,77.25,35.91
QM9_00674,COCC1OC2CC12C,9,-6.2777,1.913,8.1906,1.3388,79.33,35.055
QM9_00675,N#CC1C2C3NC2C13O,9,-6.8736,0.6721,7.5457,4.5049,69.68,27.994
QM9_00676,Nc1nc(F)n[nH]c1=O,9,-6.3783,-1.5592,4.8164,2.3811,61.04,26.78
QM9_00677,C1C2C3COC34C1OC24,9,-6.7185,1.1538,7.8695,2.3749,71.41,26.359
QM9_00678,N#CC(C[NH3+])C(=O)[O-],8,-7.5947,-1.2136,6.3783,7.0253,62.28,36.4
QM9_00679,CC(C)C(F)(F)F,7,-9.3498,2.3429,11.6955,2.0582,46.27,26.861
QM9_00680,O=C1CCC1CO,7,-6.7838,-0.8218,5.962,3.2842,57.44,25.415
QM9_00681,CC1N=CNC1=O,7,-6.7022,-0.449,6.2532,2.3596,54.48,22.863
QM9_00682,CCC1(C)CCC1(C)C,9,-7.3525,2.0517,9.4043,0.0758,95.21,42.409
QM9_00683,CCCCN(C)C(C)=O,9,-6.2613,1.0068,7.2682,3.3876,87.84,40.41
QM9_00684,CCN1C(=O)NCC1C,9,-6.1307,1.7252,7.8559,3.8534,79.22,34.9
QM9_00685,CCCC#CC(O)C#N,9,-7.5158,-0.2313,7.2845,4.3867,82.87,36.102
QM9_00686,CCn1cc(O)oc1=O,9,-5.3334,1.3061,6.6396,3.0477,67.3,31.801
QM9_00687,C1C2CC1C2CN1CC1,9,-6.2559,2.4436,8.6995,1.0006,87.2,31.731
QM9_00688,C1OC2C1C1C3NC3C21,9,-5.8042,1.7524,7.5566,2.7973,73.9,26.951
QM9_00689,COCC1C(C)C1CO,9,-6.6069,1.8994,8.5036,2.9382,83.07,38.103
QM9_00690,C#CC1COCC12CN2,9,-6.6178,1.0803,7.6981,1.7687,77.02,31.593
QM9_00691,N#CCc1ccc(N)[nH]1,9,-5.2246,0.7347,5.9593,2.9911,77.39,31.506
QM9_00692,CCC1C(=O)CC1C,8,-6.3947,-0.4272,5.9675,2.7292,75.26,32.836
QM9_00693,N#CC12CC=CC1OC2,9,-7.2083,-0.3211,6.8872,3.7794,73.24,27.818
QM9_00694,CCOCC1OCC1=O,9,-7.0804,-0.9769,6.1035,1.1078,74.58,33.692
QM9_00695,C1C2CC3(CC3)CC12,8,-6.9525,2.5579,9.5131,0.2016,77.64,28.584
QM9_00696,COCC(N)=NCC#N,9,-6.7239,0.3293,7.0532,4.0659,76.12,35.113
QM9_00697,O=CC12C3CN1CC32,8,-6.5634,-0.6531,5.9103,4.4814,67.16,24.207
QM9_00698,N#CC1=NCCCCN1,9,-6.7838,-1.034,5.7525,5.4077,80.97,30.878
QM9_00699,CN1CC2CC(C#N)C21,9,-6.0246,0.8218,6.8464,4.7183,80.6,31.443
QM9_00700,COC1CC2CC21C=O,9,-6.6423,-0.6585,5.9838,3.6506,78.31,32.745
QM9_00701,CC1(C)CC(=O)C(=O)O1,9,-6.8682,-2.1824,4.6831,5.4837,69.32,32.39
QM9_00702,CCC12C(C)C3OC1C32,9,-6.0899,2.2858,8.3729,1.8155,81.22,33.636
QM9_00703,N=c1oc2ccoc2o1,9,-5.7416,0.0082,5.7525,2.9117,62.55,24.345
QM9_00704,CC(C)(C)C1C2CC1C2,9,-7.7797,2.2204,10.0002,0.0569,92.53,37.706
QM9_00705,CN=C(NC)C(F)(F)F,9,-6.1933,0.264,6.46,1.7174,62.33,34.265
QM9_00706,CN1CC(C)(C)NC1=O,9,-6.2668,1.6844,7.9512,3.9284,79.94,35.991
QM9_00707,NC=NC(C=O)C=O,8,-6.4654,-1.1402,5.3225,3.5342,63.76,29.638
QM9_00708,CCC12CC1C(=O)C2O,9,-6.2613,-0.4082,5.8532,2.4137,76.74,34.108
QM9_00709,C#CCC1C(C)N1CC,9,-5.8994,1.4313,7.3307,1.448,88.81,38.796
QM9_00710,O=C1CCN1C1CCC1,9,-6.4001,0.9143,7.3144,3.4216,81.13,31.505
QM9_00711,CC12COC3CN1C32,8,-6.2777,2.215,8.49,0.6312,66.65,25.985
QM9_00712,O=CC1CCOC2CC12,9,-6.6423,-0.6286,6.0137,1.6232,75.68,30.715
QM9_00713,Cc1cc(O)cc(C)n1,9,-6.5661,-0.0463,6.5198,2.007,83.5,32.884
QM9_00714,CC1OCCC(=O)C1=O,9,-6.479,-2.3021,4.1769,3.6443,69.47,31.293
QM9_00715,CCC12NC3C1N(C)C32,9,-5.7715,1.8694,7.641,1.16,83.26,33.413
QM9_00716,CCNc1coc(N)n1,9,-4.8463,1.2245,6.0709,0.3955,76.52,33.545
QM9_00717,N=C1OC2COCC1O2,9,-7.0124,0.4871,7.4995,2.1465,64.61,26.226
QM9_00718,COC=NC12COC1C2,9,-5.9892,0.2912,6.2804,3.2037,79.7,32.043
QM9_00719,CC1(C2(C=O)CN2)CC1,9,-6.675,-0.6313,6.0464,2.9155,78.95,34.857
QM9_00720,C1OC2C3OC4CC14C23,9,-5.8831,2.1715,8.0518,1.9691,69.92,26.084
QM9_00721,C#CC1C2CC2C1(C)O,9,-6.5879,1.23,7.8151,0.6757,80.96,35.34
QM9_00722,CCCC(C)(C)CC#N,9,-8.4328,0.8789,9.3117,4.0791,89.98,41.048
QM9_00723,CC(C)C#CC(N)C#N,9,-7.2709,0.1769,7.445,2.9565,85.8,37.479
QM9_00724,O=CC12CC(C1)C(=O)O2,9,-7.3661,-1.513,5.8532,2.258,65.48,27.275
QM9_00725,CNC(=O)CCOC,8,-6.626,0.9306,7.5593,2.5996,70.66,33.697
QM9_00726,C#Cc1ncnn1CC,9,-6.7484,-0.8762,5.8695,3.225,80.06,30.332
QM9_00727,C#CCC1CC1CCO,9,-6.9661,1.5755,8.5417,1.8072,85.67,37.622
QM9_00728,O=C1NC23CC4C2NC143,9,-6.3647,-0.0816,6.2858,3.9536,70.58,25.99
QM9_00729,C#CC#CC(C=O)OC,9,-6.8273,-1.464,5.3606,2.7278,85.79,34.046
QM9_00730,N#CC12CC1(N)C1OC12,9,-5.6545,-0.8245,4.83,5.3938,76.96,29.822
QM9_00731,COc1cnc(O)o1,8,-5.7525,0.7946,6.5471,1.4901,56.53,25.62
QM9_00732,CCOc1n[nH]cc1N,9,-5.0205,1.0286,6.0464,1.4893,75.89,33.91
QM9_00733,CCC1C2CC3C1C23,8,-6.596,2.3565,8.9525,0.2332,77.52,28.727
QM9_00734,CC12CN3C4CC1C2C43,9,-5.962,2.479,8.4383,1.6643,80.35,28.927
QM9_00735,CC12CCN3C1CC32,8,-6.1688,2.5198,8.6886,1.5931,74.76,27.209
QM9_00736,CC12C3=CC4C(C1C3)N42,9,-5.5783,-0.8136,4.7647,1.8699,80.45,28.156
QM9_00737,CCOCCC(C)O,8,-6.7049,1.9619,8.6695,0.5302,76.53,36.907
QM9_00738,CC1COC1C1CCC1,9,-6.4681,2.0055,8.4763,1.6945,85.83,34.535
QM9_00739,CNc1c(C)coc1N,9,-4.7974,1.2272,6.0246,1.5341,79.69,35.282
QM9_00740,CN=C(N)C(=O)C#N,8,-7.2382,-2.8518,4.3865,5.7102,64.88,29.433
QM9_00741,C#CCc1ccn(C)c1,9,-5.4913,1.1837,6.675,2.048,84.8,33.387
QM9_00742,COc1nccnc1F,9,-6.6069,-1.1891,5.4178,2.4902,68.43,27.096
QM9_00743,CCC1(C)CC1NC=O,9,-6.6178,0.7401,7.358,3.3342,83.38,37.84
QM9_00744,CC#CC(=NC)NC=O,9,-6.4246,-0.9769,5.4477,5.9588,86.09,35.118
QM9_00745,C1=CCCCCCC=C1,9,-6.1906,0.0952,6.2886,0.3266,93.39,34.475
QM9_00746,C#CC12CC1(C)CC2C,9,-6.1062,1.1129,7.2192,0.861,91.12,36.946
QM9_00747,C1C2CC3(CC4NC43)C12,9,-6.0545,2.3266,8.3811,1.5449,82.53,30.147
QM9_00748,C1=C2C3C(C1)C1C2N31,8,-5.6654,-1.2898,4.3756,2.1181,69.12,22.241
QM9_00749,Nc1c[nH]c(=O)nc1O,9,-5.5021,-1.0177,4.4844,5.4294,69.21,29.228
QM9_00750,C#CC1C2CN3CC1C23,9,-5.6763,1.0667,6.743,1.29,79.98,28.983
QM9_00751,O=C1CC(=O)C2(O)CC12,9,-6.8682,-1.0667,5.7987,1.9979,67.37,29.542
QM9_00752,CCC1(C)C(O)CC1O,9,-6.7566,1.5619,8.3185,1.2427,80.67,39.785
QM9_00753,C#Cc1cccnc1O,9,-6.1933,-1.1429,5.0532,1.0825,82.26,28.414
QM9_00754,ON=C1CC2(CC2)C1O,9,-6.7756,-0.1252,6.6477,1.5225,77.2,33.732
QM9_00755,CC1C2NC3C1(O)C23O,9,-5.6409,1.7198,7.3607,1.8397,71.43,32.959
QM9_00756,COC1CC(C)C1=NO,9,-6.5498,0.0354,6.5852,0.8903,80.24,36.184
QM9_00757,CN1CC1CC1CC1,8,-5.9865,2.3429,8.3294,1.1863,79.52,32.336
QM9_00758,CN=c1occnc1C,9,-5.9947,-1.5293,4.4654,1.7531,82.61,31.29
QM9_00759,N#CC#CC(N)C#N,8,-8.0219,-1.9048,6.1171,3.9041,69.42,27.063
QM9_00760,CC#CC12CC1C(C)O2,9,-5.9321,0.7837,6.7158,1.662,88.62,34.424
QM9_00761,CC1C(C=O)C2C(C)C12,9,-6.5852,-0.5932,5.9947,3.0681,83.53,34.764
QM9_00762,OC12C3COC1CC2C3,9,-6.3974,1.883,8.2804,0.9962,73.65,29.944
QM9_00763,CC1NC12CC1(CO1)C2,9,-6.5498,1.7306,8.2804,1.4407,80.42,33.487
QM9_00764,COc1c[nH]nnc1=N,9,-5.7334,-1.1783,4.5579,6.1421,75.6,29.268
QM9_00765,O=C1C(O)C2(O)CC12,8,-6.3947,-0.5469,5.845,2.4929,58.33,28.209
QM9_00766,Nc1noc(=O)o1,7,-7.0586,0.3238,7.3797,5.1783,41.27,19.934
QM9_00767,CN(C)C(C#N)C1CC1,9,-6.313,0.8844,7.1974,3.4125,83.43,36.488
QM9_00768,Nc1cncnc1N,8,-5.8096,-0.332,5.4777,3.7846,67.71,25.901
QM9_00769,OC1C=Cc2c[nH]cc21,9,-5.3715,-0.1116,5.26,2.9849,78.6,28.648
QM9_00770,CC1CC=CNC(=O)O1,9,-6.0518,0.2041,6.2532,3.9861,75.49,31.403
QM9_00771,CC1OC(=O)C1(C)CO,9,-7.377,0.1524,7.5294,3.7396,70.99,34.89
QM9_00772,C1=CC2CC2CCC1,8,-6.0709,0.7565,6.8273,0.4164,80.65,28.613
QM9_00773,CC(N)c1onnc1N,9,-6.1362,-0.8327,5.3008,4.9962,72.05,33.158
QM9_00774,COC1CCC(C=O)C1,9,-6.6641,-0.4218,6.2423,3.8834,80.38,34.087
QM9_00775,C#CCC(C=O)OC,8,-6.8246,-0.9878,5.8368,2.4331,67.56,31.934
QM9_00776,Nc1cc(=O)[nH]nc1F,9,-6.2341,-1.3524,4.879,4.1538,65.49,28.441
QM9_00777,C#CC(=O)NC(=N)NC,9,-6.0491,-1.4558,4.5933,2.8564,78.31,34.605
QM9_00778,N=C1OCC12CCO2,8,-7.0205,0.1306,7.1512,2.8319,62.16,25.549
QM9_00779,C1CC2OC1CC1CC12,9,-6.5879,1.9592,8.5444,1.2347,79.09,29.19
QM9_00780,CC12OC1C1CCC12,8,-6.645,2.1143,8.7593,1.7192,70.89,27.854
QM9_00781,O=C([O-])C1(CO)CC[NH2+]1,9,-6.8491,0.0789,6.9253,4.644,67.34,31.665
QM9_00782,CNc1noc(CN)n1,9,-6.1688,-0.0789,6.0872,2.3419,71.57,32.17
QM9_00783,N#CCCn1cccn1,9,-6.928,0.0762,7.0069,3.7703,76.24,28.603
QM9_00784,CNC(=O)C1COC1=N,9,-6.879,0.2095,7.0913,1.2667,71.03,31.554
QM9_00785,C1C2C3C4C5C(C5N24)N13,9,-5.3171,1.8123,7.1294,0.3028,72.5,23.305
QM9_00786,Cn1ccc(=O)[nH]c1=N,9,-6.0845,-0.8,5.2845,3.251,76.55,29.819
QM9_00787,OC1C2C3CC(O)(C3)C12,9,-6.5661,2.0327,8.5988,2.5805,74.53,31.642
QM9_00788,O=C1C2CC3CN2C13,8,-6.675,-0.6095,6.0654,3.4311,64.14,22.731
QM9_00789,O=C1OCOCC2OC12,9,-7.4396,-0.6939,6.7457,4.6816,61.95,26.924
QM9_00790,N#CCC12C3CC1C2O3,9,-6.6532,0.8,7.4532,4.6293,72.03,27.855
QM9_00791,NC(=O)n1cn[nH]c1=O,9,-6.5226,-0.6286,5.894,4.8343,60.63,28.017
QM9_00792,C#CCc1nc[nH]c1C,9,-5.777,0.8191,6.596,3.5725,80.19,32.498
QM9_00793,CC1(N)C2CNC21C#N,9,-6.2613,0.3265,6.5879,4.378,78.34,33.532
QM9_00794,CC12CC1OCC21CN1,9,-6.1988,1.8912,8.0899,2.5025,77.88,32.337
QM9_00795,N#CCC1CC(=O)CN1,9,-6.5008,-0.9415,5.5593,3.0856,72.18,30.904
QM9_00796,CC1OC2C3OC1C23C,9,-5.8314,1.9048,7.7362,2.2109,74.47,31.086
QM9_00797,CCC1(N)COC1C#N,9,-7.0233,0.0082,7.0314,5.2266,75.76,34.966
QM9_00798,N=c1ncc(F)c[nH]1,8,-5.6872,-1.7034,3.9837,2.9856,61.88,23.5
QM9_00799,CN1C2C3C4C3C2(O)C41,9,-6.0518,2.0,8.0518,1.1341,74.26,29.684
QM9_00800,N#CC12OC3CC1(N)C32,9,-6.5307,-0.0218,6.509,5.6483,70.68,28.826
QM9_00801,C#CC1(C2(C)CC2)CC1,9,-6.3484,1.4259,7.7743,0.6965,88.45,36.954
QM9_00802,C#CC12CC3C(O)C1C32,9,-6.4845,0.9524,7.4369,1.2934,79.99,31.06
QM9_00803,COC1COC12CCC2,9,-6.5226,1.9211,8.4437,1.9981,79.2,33.565
QM9_00804,CC1CCN(C=O)C1=O,9,-6.6804,-0.8218,5.8559,5.8973,74.34,31.592
QM9_00805,CC(C)(CO)N1CC1,8,-6.1933,1.8422,8.0355,1.0815,74.44,35.591
QM9_00806,CC12OC3C1C1C3C12O,9,-6.2994,1.932,8.2314,0.5986,70.15,29.573
QM9_00807,COC12CC=CC1C2C,9,-6.128,0.5415,6.6695,1.1367,83.36,34.435
QM9_00808,O=CCC1COC1,7,-6.9008,-0.8082,6.0926,0.9463,57.62,24.457
QM9_00809,CC1=CC(O)COCC1,9,-6.4246,0.3184,6.7403,2.3697,81.03,34.512
QM9_00810,O=CC1=CNC(C=O)C1,9,-6.0355,-1.2436,4.7946,3.5109,76.36,29.514
QM9_00811,OC1C2C3C(O)C1(O)C23,9,-6.6477,1.8504,8.4981,1.5247,66.98,31.381
QM9_00812,CC(=O)N1CC(C)C1C,9,-6.2804,0.8898,7.1675,3.7585,84.18,37.171
QM9_00813,CCC(C)(C=O)OC=N,9,-7.026,-1.1946,5.8314,1.1563,78.81,37.51
QM9_00814,C1OCC2CC(CO2)O1,9,-6.5988,2.0626,8.6614,2.2537,69.97,28.313
QM9_00815,CC1CC2CC(=O)OC12,9,-7.1865,0.4191,7.6056,4.2532,74.78,30.418
QM9_00816,CCC1(C)OC1C,7,-6.9144,2.4545,9.3689,1.7245,67.69,31.318
QM9_00817,CC1OC(C=O)CC1=O,9,-6.8165,-1.2354,5.5811,2.3141,68.66,31.536
QM9_00818,CC1OC2CC(=O)C12C,9,-6.596,-0.7347,5.8641,1.8941,75.42,33.361
QM9_00819,CC1CC2(CO)OCC12,9,-6.5906,1.7116,8.3022,2.4874,77.96,34.16
QM9_00820,CC1CC(C)(O)CCO1,9,-6.7375,1.9456,8.6832,1.7995,81.86,37.657
QM9_00821,C#CC1C=CCC(=O)O1,9,-7.1403,-0.3429,6.7974,4.162,72.84,29.766
QM9_00822,N=C1C=C(N)C(CO)O1,9,-5.7198,0.0218,5.7416,4.8225,75.63,32.249
QM9_00823,CC(O)C(C)CCCO,9,-7.0886,2.0191,9.1077,0.1998,86.1,42.73
QM9_00824,CN1C2C3C1C2N3C,8,-5.7089,2.0109,7.7199,1.1796,72.45,28.073
QM9_00825,CC(C)C1C2OCOC21,9,-6.675,2.3456,9.0206,1.0231,77.92,33.637
QM9_00826,CC(O)C(CO)CCO,9,-6.9008,2.0164,8.9172,1.3549,78.47,41.536
QM9_00827,[NH2+]=CNCC(=O)C(=O)[O-],9,-4.694,-2.2422,2.4517,18.2805,70.14,32.509
QM9_00828,CC12CC3CC3C1(C)C2,9,-6.6396,2.4381,9.0777,0.0175,88.56,35.24
QM9_00829,COc1cc(C)c(O)[nH]1,9,-4.3511,1.6436,5.9947,0.4426,76.41,35.394
QM9_00830,O=C1OCCC(O)C1=O,9,-7.3389,-2.3837,4.9552,4.1694,62.39,29.206
QM9_00831,C#CC1C2OC(C)C12C,9,-6.2069,1.2735,7.4804,2.0166,82.49,35.014
QM9_00832,C1OCC(=NC2CC2)O1,9,-6.3783,0.585,6.9634,1.248,78.1,30.043
QM9_00833,CCNc1ncnnn1,9,-6.4926,-1.9429,4.5497,4.662,75.59,29.227
QM9_00834,N=c1cnonc1N,8,-6.4246,-1.9429,4.4844,2.7822,63.16,25.062
QM9_00835,C#CC12CC3C(C1C)N32,9,-6.6804,0.4735,7.1539,1.9021,82.23,31.456
QM9_00836,O=C1N2CC2C12CO2,8,-6.8763,-0.9225,5.9539,4.3594,58.7,24.109
QM9_00837,N#CC#CC1(N)COC1,9,-7.3035,-1.3606,5.943,3.2102,81.22,31.054
QM9_00838,OCC12CCC1OC2,8,-6.4981,1.6,8.0981,2.4986,67.27,28.871
QM9_00839,CC(=O)Cn1ncnn1,9,-7.328,-0.9442,6.3838,4.5654,67.47,28.293
QM9_00840,OCC12C3CC4C3C1N42,9,-6.3348,2.0164,8.3512,2.2351,73.81,28.239
QM9_00841,CC1=CCC2COC1O2,9,-6.3647,0.4218,6.7865,1.6412,75.56,29.635
QM9_00842,CC(C)C(=NO)C(C)O,9,-6.5498,0.283,6.8328,1.4152,81.68,40.973
QM9_00843,N#CC12CN1C(=O)C2N,9,-7.3743,-1.2408,6.1362,3.473,67.89,29.421
QM9_00844,CC1C(=O)NCC1C=O,9,-6.7348,-0.966,5.7688,2.5715,73.49,32.221
QM9_00845,CC12OCC3(O)C1OC32,9,-6.6613,1.5783,8.2396,0.1807,67.32,29.997
QM9_00846,CC#CC1OC2CC2O1,9,-6.411,0.9878,7.3961,1.2805,75.74,31.005
QM9_00847,CC12C3CN1C(C=O)C32,9,-6.3947,-0.6449,5.7498,3.7684,76.7,30.395
QM9_00848,C#CCC1CC1C1CO1,9,-6.8954,1.6436,8.5389,2.2782,81.7,33.8
QM9_00849,O=CC12CCCC1N2,8,-6.6559,-0.6014,6.0545,3.3385,68.65,26.969
QM9_00850,COC(=O)C(O)C(C)=O,9,-7.2409,-1.1538,6.0872,4.2819,66.43,34.901
QM9_00851,CC1OC23CCC12OC3,9,-6.5062,1.1048,7.611,1.3033,73.75,31.015
QM9_00852,O=CCOCC(=O)CO,9,-7.3171,-1.2436,6.0736,2.3906,66.28,34.071
QM9_00853,COC1(C=O)C(O)C1O,9,-6.4954,-0.7946,5.7008,1.4568,66.78,34.289
QM9_00854,OCC12C3OC1C2C3O,9,-6.1334,1.6599,7.7961,2.0932,67.62,30.886
QM9_00855,C#CC1CN1,5,-6.5906,0.8762,7.4668,1.2763,45.22,17.704
QM9_00856,CCc1ccnc(=O)[nH]1,9,-6.3185,-1.4204,4.898,6.529,78.82,30.045
QM9_00857,CC1(O)CC2CC3C2C31,9,-6.8056,2.2014,9.0042,1.1386,80.51,32.78
QM9_00858,N#CC(N)C1NC1CO,9,-6.9634,0.5742,7.5376,3.2665,72.92,34.816
QM9_00859,C#CC(C=O)CCCO,9,-6.8654,-0.8735,5.9892,3.623,79.36,37.156
QM9_00860,N#CC1C2CNC(=O)N12,9,-7.4178,-0.351,7.0668,5.3211,65.7,27.025
QM9_00861,CC1=CCC2C(=O)OC12,9,-7.0233,-0.0789,6.9443,4.2429,73.6,28.982
QM9_00862,OC1C2(O)C=CC1(O)C2,9,-6.4709,0.1279,6.5988,3.6842,68.76,33.609
QM9_00863,CC1=CC2NC2C1C#N,9,-6.713,-0.1116,6.6015,4.9477,78.1,30.251
QM9_00864,CCCC12CCC1CO2,9,-6.4273,2.0218,8.4519,1.5112,85.74,35.195
QM9_00865,CC1C2C(O)C3CN1C32,9,-5.426,1.7579,7.1838,2.3292,77.45,31.192
QM9_00866,C#CC12CC3C(C1)C3C2,9,-6.909,1.6191,8.528,0.8727,84.04,29.935
QM9_00867,CCC12OCC3C1OC32,9,-6.4001,2.0082,8.4083,1.2275,74.42,30.233
QM9_00868,C#Cc1n[nH]ccc1=N,9,-5.6736,-1.298,4.3756,4.4944,84.08,28.999
QM9_00869,O=C1NC2CC1C1NC21,9,-6.3375,0.6422,6.9797,3.3975,70.25,26.647
QM9_00870,CC1CC12C=CC1NC12,9,-6.0001,0.4082,6.4083,1.3654,85.62,31.984
QM9_00871,CCOCc1ccno1,9,-6.8382,-0.1878,6.6505,3.3368,75.44,31.238
QM9_00872,[NH3+]C(CC1CC1)C(=O)[O-],9,-6.7675,0.5116,7.2763,5.0737,74.96,34.8
QM9_00873,CC#CC1(CO)CC1C,9,-6.3647,1.3061,7.6709,1.9318,89.09,38.58
QM9_00874,NC(=O)C1C2CN1C2,8,-6.6124,0.751,7.3634,2.3579,65.0,26.804
QM9_00875,Cc1nc(=O)cno1,8,-7.1049,-2.1198,4.9824,3.0992,59.25,24.119
QM9_00876,C1OC2C3NC24C1OC34,9,-4.6776,0.7238,5.4015,2.4642,73.41,28.525
QM9_00877,CC1CCCCC(=O)O1,9,-7.1811,-0.0327,7.1484,2.7957,78.36,33.835
QM9_00878,CC1CC2(C3CC3)OC12,9,-6.4219,2.3456,8.7675,1.8137,83.18,33.681
QM9_00879,COC12CC(CC1=O)C2,9,-6.03,-0.2667,5.7634,2.7235,75.29,31.264
QM9_00880,C1=CC2C3OC3CN2C1,9,-5.5457,0.5959,6.1443,0.8794,75.52,27.164
QM9_00881,C1CC23NC2CN2C1C23,9,-6.0273,2.1987,8.2233,0.9689,76.82,27.485
QM9_00882,CC(CC1CO1)C(N)=O,9,-6.6178,0.898,7.5158,1.8922,75.97,36.372
QM9_00883,CCC1C(=O)CCC1=O,9,-6.5552,-1.1374,5.4151,2.0579,75.85,33.258
QM9_00884,CC1=C2C(O)C3C2N3C1,9,-5.7226,-1.2272,4.4953,1.1691,79.7,30.888
QM9_00885,OC1C2CC13CCCN23,9,-5.6681,2.0545,7.7253,1.7662,79.25,30.975
QM9_00886,CC(C#N)C(C)NC=O,9,-7.2709,0.264,7.5348,5.687,76.79,36.119
QM9_00887,CCC12CC1CC(=O)O2,9,-7.2464,0.3211,7.5702,4.1391,75.45,31.967
QM9_00888,C#CC1=CCC=CC=C1,9,-5.9811,-1.0721,4.9089,0.8788,93.15,31.096
QM9_00889,CC1OC(=N)C1CC#N,9,-7.4886,0.2503,7.7389,5.6962,73.93,31.861
QM9_00890,O=C1CCC=C1C1CO1,9,-6.5715,-1.2762,5.2953,2.719,76.28,29.464
QM9_00891,C#CCC(C)C(C)C#C,9,-6.9389,1.2817,8.2206,0.8262,90.81,40.153
QM9_00892,CC(C)([NH3+])C(N)C(=O)[O-],9,-6.5525,0.6367,7.1892,5.4786,74.6,38.385
QM9_00893,O=c1ocnoc1=O,8,-8.3049,-2.7429,5.562,3.5435,47.23,21.187
QM9_00894,C1CC2C3C1C1OC3C21,9,-6.4192,2.1687,8.5879,1.8178,76.05,25.711
QM9_00895,C#CC(C=O)CC(N)=O,9,-6.5416,-0.4272,6.1117,6.0908,73.38,35.06
QM9_00896,NC(=O)C1CCCC1,8,-6.5743,0.9633,7.5376,3.3708,71.54,30.709
QM9_00897,CCC(C)CC1OC1C,9,-7.0015,2.3919,9.3934,1.7293,90.25,40.512
QM9_00898,O=CCc1nnon1,8,-7.5811,-2.2994,5.2817,1.4196,53.05,22.802
QM9_00899,C#CC(O)C(=O)C(N)=O,9,-6.9661,-2.2558,4.7076,3.2678,64.63,33.835
QM9_00900,CC12NC1C(C#N)C2O,9,-6.9416,0.732,7.6736,6.0559,73.06,31.808
QM9_00901,CC(O)C(CO)C(N)=O,9,-6.6369,0.6667,7.3035,1.6715,71.32,38.757
QM9_00902,COC12CCC1(C=O)C2,9,-6.0709,-0.5959,5.4749,2.4438,79.49,33.089
QM9_00903,CCC1CC1C,6,-7.1566,2.5579,9.7145,0.117,64.01,26.871
QM9_00904,CCC12CC(O)C1O2,8,-6.7103,2.1252,8.8383,2.2244,67.61,30.336
QM9_00905,OCCCC12CCN1C2,9,-6.1988,2.0926,8.2913,1.1846,82.77,35.282
QM9_00906,Cn1ncc(N)c1O,8,-5.6137,1.1048,6.7212,1.9678,64.03,28.483
QM9_00907,CC1CC2CC(O2)C1=O,9,-6.1824,-0.5742,5.6083,2.9149,74.01,30.448
QM9_00908,C#CC12C=CC(C1)N2C,9,-5.747,0.1388,5.8858,1.0731,83.32,32.262
QM9_00909,N=C(N)c1n[nH]nc1O,9,-6.2532,-0.7946,5.4586,4.6273,67.07,28.853
QM9_00910,C1OC2CC2C2CC1C2,9,-6.5879,2.2232,8.811,1.2169,81.22,29.998
QM9_00911,CNC(=O)CCNC=O,9,-6.6994,0.7129,7.4124,1.8283,74.69,35.693
QM9_00912,OCC1C2CC3OC1C32,9,-6.5471,1.5456,8.0899,2.2125,73.5,29.733
QM9_00913,Cc1cc(O)nn1C,8,-5.6627,0.8027,6.4654,2.5897,68.23,29.264
QM9_00914,CC1CCCCC(O)C1,9,-7.0287,2.0599,9.0886,1.4753,88.41,37.828
QM9_00915,O=C1NCC2CC3C2N13,9,-6.5307,0.9796,7.5103,4.9352,71.32,26.935
QM9_00916,CC(O)CC1CC(O)C1,9,-6.8056,1.9102,8.7158,1.8569,82.76,38.733
QM9_00917,Cc1noc(N)nc1=N,9,-6.5661,-1.1728,5.3906,3.1369,73.59,30.755
QM9_00918,Cn1nccc(F)c1=N,9,-5.7416,-1.3823,4.3593,2.0688,73.91,28.679
QM9_00919,CC1(C)CCOC=N1,8,-6.6369,0.8218,7.4586,1.9763,72.0,30.447
QM9_00920,CC1C(O)CC1NC=O,9,-6.5743,1.0259,7.6001,4.4077,77.34,34.91
QM9_00921,OCC1=NCC2CC2O1,9,-6.8872,0.6068,7.494,3.9111,72.9,30.488
QM9_00922,C#CC(C#N)C(C)(C)C,9,-7.7226,0.351,8.0736,3.7858,84.5,39.047
QM9_00923,Cc1c[nH]nc1C,7,-6.1743,0.9089,7.0831,1.952,62.78,25.519
QM9_00924,N#CC12NC3C=CC1C32,9,-6.4518,-0.6367,5.8151,4.2915,75.48,26.495
QM9_00925,NC1=C(C=O)C2CC1O2,9,-5.8151,-0.9796,4.8355,5.9036,75.78,29.553
QM9_00926,N#Cc1cncc(O)c1,9,-7.0505,-1.8259,5.2246,3.7629,75.46,26.784
QM9_00927,CC1OCC2(O)CC12O,9,-6.5988,1.4694,8.0682,2.4583,70.91,34.632
QM9_00928,CCC(C)(C)N(C)C=O,9,-6.3729,0.9225,7.2954,4.1364,86.63,41.05
QM9_00929,C#CCC1C=CCC1O,9,-6.7239,0.3837,7.1103,1.3782,82.61,33.971
QM9_00930,CC1(C)CC2CC2(O)C1,9,-6.4437,1.7633,8.207,1.5062,84.36,37.275
QM9_00931,OCC1CC2(O)CC12,8,-6.7267,2.1225,8.8491,2.0631,67.9,30.956
QM9_00932,C#CC(C#N)(C#N)OC,9,-8.6151,-1.4095,7.2056,2.8937,69.32,32.547
QM9_00933,CCC12C=CC(C1)C2C,9,-6.0056,0.4272,6.4328,0.2203,89.86,35.425
QM9_00934,C#CC(N)C(C#N)NC,9,-6.909,0.4544,7.3634,3.1069,79.14,36.741
QM9_00935,CC#CC(CO)OC,8,-6.792,0.9633,7.7552,2.6608,73.62,33.978
QM9_00936,N#CC12CN1C(=N)C2N,9,-7.2845,-0.7728,6.5117,4.2974,73.42,30.074
QM9_00937,COC(=O)COC(N)=O,9,-7.3416,0.3565,7.6981,1.6643,62.17,33.237
QM9_00938,OCCc1cnccn1,9,-6.6967,-1.3796,5.3171,1.3934,77.89,29.573
QM9_00939,CCC1(C#N)C2CCN21,9,-6.8926,0.6204,7.5131,5.1906,80.02,32.688
QM9_00940,O=COC12CCC(C1)C2,9,-7.3988,0.1959,7.5947,4.3081,75.99,30.063
QM9_00941,CC1C=CC2C(O)C12C,9,-6.0001,0.2395,6.2368,1.5327,82.89,35.219
QM9_00942,CC1=CCC=CCC=C1,9,-5.6028,-0.381,5.2219,0.2087,93.3,33.862
QM9_00943,O=CC1=CC2COC1O2,9,-7.0124,-1.9864,5.0232,4.1703,68.09,26.069
QM9_00944,O=CC12CC(O)(C1)C2=O,9,-6.8056,-1.064,5.7416,3.3406,68.69,30.252
QM9_00945,COC1CC2C3OC2C13,9,-6.2015,2.147,8.3485,2.7835,75.01,29.479
QM9_00946,CCC(C)C(=O)CO,8,-7.1049,-0.6259,6.479,3.0215,71.93,34.907
QM9_00947,C#CC(COC=N)=NO,9,-6.9144,-1.2572,5.6572,3.5859,75.49,33.331
QM9_00948,CC1CC1(O)CN1CC1,9,-6.3675,2.2068,8.577,1.0029,83.73,36.927
QM9_00949,CCC1CC(C=O)C1,8,-6.6396,-0.4789,6.1607,3.1354,76.41,31.91
QM9_00950,CC(O)CCC(C)CO,9,-7.1348,1.9837,9.1185,0.0827,86.2,42.787
QM9_00951,N=c1cnc(=N)[nH]cn1,9,-7.0097,-2.3266,4.6831,2.2152,78.72,26.704
QM9_00952,CC1C2C3CC1(C#N)C32,9,-7.3525,0.498,7.8505,4.2981,80.09,30.248
QM9_00953,CCCCOCC(C)O,9,-6.9144,2.0844,8.9988,1.8088,87.5,41.814
QM9_00954,CC(=O)C(O)CCC#N,9,-7.6491,-1.1538,6.4954,3.9708,73.71,35.142
QM9_00955,O=CCOc1cnno1,9,-6.9879,-1.4721,5.513,2.2525,63.02,28.16
QM9_00956,C1=C2CN=C3NC(C1)C23,9,-5.6409,-0.1007,5.5402,2.5511,77.58,26.258
QM9_00957,CNCc1nonc1N,9,-6.4464,-0.6585,5.7879,5.083,71.76,31.455
QM9_00958,C#CC1COC1(C)CC,9,-6.7294,1.0313,7.7634,1.0917,84.48,37.457
QM9_00959,C1=CC23CC4N2CC43C1,9,-5.9185,-0.0435,5.8749,2.2264,80.71,27.12
QM9_00960,COCC1OC(C)C1O,9,-6.7457,1.3878,8.1335,1.2674,76.06,36.593
QM9_00961,CC12C3=CC4C1N4C2C3,9,-5.6872,-0.8762,4.811,0.9518,80.96,28.451
QM9_00962,CCOCC(CO)OC,9,-6.6668,2.0789,8.7457,1.8348,79.37,39.064
QM9_00963,N#CC12C3CN4C3C1C42,9,-6.5852,0.2667,6.8545,3.5505,73.84,25.078
QM9_00964,N=C1CC2(O)CCC2O1,9,-6.8872,0.7483,7.6355,3.133,72.4,30.931
QM9_00965,CC1CCc2c[nH]nc21,9,-6.1851,0.6231,6.8083,1.8919,81.52,30.123
QM9_00966,N#CC12NC1CC21CC1,9,-6.792,0.1959,6.9879,3.3609,78.58,30.091
QM9_00967,CC1OC2CC1C(=O)O2,9,-7.279,0.166,7.4478,3.8132,66.61,28.018
QM9_00968,c1nc(C2COC2)co1,9,-6.7158,-0.049,6.6668,1.7057,69.28,26.624
QM9_00969,Oc1nc2n(n1)CC2,8,-6.1988,0.4653,6.6641,3.6975,60.15,23.011
QM9_00970,OCCN1C2C3OC2C31,9,-6.0056,1.7633,7.7716,2.7493,71.94,30.318
QM9_00971,N=C1OC2C(=O)C=CC12,9,-6.9062,-2.0028,4.9035,2.5334,69.39,25.899
QM9_00972,[NH2+]=c1ccnccc1[O-],9,-6.128,-1.766,4.3647,3.4464,83.95,28.276
QM9_00973,C1C2C3C1N2C31COC1,9,-6.4954,1.9674,8.4627,2.7672,75.68,27.457
QM9_00974,CCC1(C)CC2(C)OC12,9,-6.5824,2.313,8.8981,1.7375,85.74,38.056
QM9_00975,O=CN1CC2C1C1CN21,9,-6.5498,0.4735,7.0233,2.8616,73.36,27.805
QM9_00976,OC12CCCC(C1)OC2,9,-6.5906,1.8585,8.4491,1.6782,76.42,31.899
QM9_00977,O=CC(O)c1ccno1,9,-7.3144,-1.464,5.8504,3.912,64.9,27.849
QM9_00978,CC1(O)C(=O)COC1=O,9,-7.1838,-1.5157,5.6681,2.0489,61.27,31.08
QM9_00979,C#CC12CC(C#N)(C1)C2,9,-7.5185,0.3048,7.826,3.8155,83.51,30.31
QM9_00980,COC=NCC(=O)OC,9,-6.5335,0.2449,6.7784,2.2512,73.7,34.981
QM9_00981,C#Cc1cn[nH]c(=O)c1,9,-6.6695,-2.2204,4.4491,3.1659,78.35,27.538
QM9_00982,N#CC12CCN1CC2O,9,-6.5062,-0.0082,6.4981,3.7137,72.73,30.466
QM9_00983,C#CC(C#CC)OC,8,-6.9525,0.4082,7.3607,1.8673,75.93,33.074
QM9_00984,O=C1CC2(O1)C1CCC12,9,-7.2763,0.2939,7.5702,4.3073,72.74,28.685
QM9_00985,CC(=O)C#CC(O)C#N,9,-7.562,-1.981,5.5811,2.2085,73.33,32.996
QM9_00986,CC1CNC(=O)C(C)O1,9,-6.3239,0.7592,7.0831,3.5537,76.42,34.227
QM9_00987,CC12C=CC3C(CO1)C32,9,-6.1688,0.2449,6.4137,1.4146,78.1,29.497
QM9_00988,CC1C2C3(C)NC3C12C,9,-5.3225,2.2204,7.543,1.8528,87.52,36.612
QM9_00989,C#CC1(C)CO1,6,-7.1185,0.7157,7.8342,1.7508,52.23,22.957
QM9_00990,CCc1[nH]cc(N)c1O,9,-4.7702,1.2653,6.0355,2.8311,80.22,35.732
QM9_00991,Nc1ccnc(=O)[nH]1,8,-5.9566,-0.898,5.0559,7.6746,64.84,25.395
QM9_00992,CCc1oc(N)nc1N,9,-4.7429,1.1075,5.8504,0.7342,77.11,34.522
QM9_00993,CC(CC#N)NCC=O,9,-6.7212,-0.8299,5.8913,2.081,77.14,35.484
QM9_00994,CC1CC2CC2C12CO2,9,-6.8981,2.0136,8.9117,1.6735,81.14,32.745
QM9_00995,CCC12COC3C1NC32,9,-6.411,2.1007,8.5117,0.2564,77.94,30.574
QM9_00996,C#CC12CC1OC2C#N,9,-6.9988,-0.3157,6.6831,4.0874,73.61,29.524
QM9_00997,CC1N(C)C2CC12O,8,-5.3879,2.0463,7.4342,2.0202,71.35,32.343
QM9_00998,COCC(C#N)C(N)=O,9,-7.2192,0.2095,7.4287,1.3041,70.55,34.681
QM9_00999,O=C1C=C2CC3C2N13,8,-6.5416,-2.4354,4.1035,4.4735,65.64,22.63
QM9_01000,CCC1CC1(C)CC#N,9,-7.641,0.9197,8.5607,4.1396,87.37,37.791
QM9_01001,CN=c1nccc(N)o1,9,-5.4668,-0.9742,4.4926,5.0684,82.29,31.39
QM9_01002,CCCc1cc(C)co1,9,-5.6219,0.7728,6.3947,0.5769,87.6,35.073
QM9_01003,CC1N2C3C=CC2C13C,9,-5.7226,-0.0898,5.6328,1.8364,82.96,32.027
QM9_01004,CCC1COCC1C,8,-6.675,2.0953,8.7702,1.5852,77.27,32.854
QM9_01005,C1CC12C1OC1C21CO1,9,-6.879,1.9102,8.7893,0.7319,72.2,29.467
QM9_01006,CC1Cn2cccc21,8,-5.3144,1.4694,6.7838,2.043,75.97,26.739
QM9_01007,CCOc1cc(N)no1,9,-5.8858,0.7919,6.6777,2.1384,73.71,32.31
QM9_01008,CCC1=NCC(=O)CO1,9,-6.3838,-0.8708,5.513,1.9415,74.22,31.976
QM9_01009,C1CC2C3CCC1C23,8,-7.0233,2.1687,9.1947,0.1607,76.02,26.168
QM9_01010,OCC12CCC(C1)O2,8,-6.7838,1.9592,8.743,2.1034,66.6,28.0
QM9_01011,C#CC1OC1C(=O)CO,9,-7.4097,-1.3361,6.0736,2.9238,69.16,32.265
QM9_01012,C#CC1CC2(CN2)C1=O,9,-6.6178,-1.0558,5.562,2.0011,78.42,31.33
QM9_01013,CC1(C)N(C=O)C1(C)C,9,-6.6096,0.3075,6.9171,3.7383,84.63,39.678
QM9_01014,CC12OC1C1C3OC1C32,9,-6.4437,1.8041,8.2478,2.1927,70.01,27.706
QM9_01015,O=C1C2CC2CC2CN12,9,-6.5008,0.0463,6.5471,3.763,75.29,28.633
QM9_01016,C#CC(CC)OC,7,-7.1403,1.0612,8.2015,0.8236,66.75,30.661
QM9_01017,COC1C(=O)C2NC21,8,-6.1008,-0.7102,5.3906,3.1268,62.28,27.091
QM9_01018,O=CN1CC2CC1CO2,9,-6.5715,0.7837,7.3552,3.7958,72.77,27.926
QM9_01019,CC1=CC(=O)C(C)(C)C1,9,-6.2205,-1.0068,5.2164,3.8885,86.47,36.18
QM9_01020,C#Cc1cncc(N)n1,9,-6.1035,-1.4422,4.6613,2.0878,84.26,29.36
QM9_01021,O=C1CCOC2CC2N1,9,-6.5688,0.7592,7.328,3.6261,72.39,29.787
QM9_01022,CCCOCC#CC=O,9,-7.2763,-1.6762,5.6001,4.039,86.24,35.861
QM9_01023,COC1C2C3CC1(C)C32,9,-6.4763,2.5225,8.9988,1.0815,82.6,33.337
QM9_01024,C#CC#CC(O)C(C)=O,9,-6.7838,-1.249,5.5348,2.8857,84.08,34.61
QM9_01025,CC12NC1C1COCC12,9,-5.9021,1.9592,7.8614,3.2777,77.8,30.654
QM9_01026,CNc1ncc(=O)[nH]n1,9,-5.747,-1.9837,3.7633,3.7801,73.76,29.432
QM9_01027,OC1(c2conn2)CC1,9,-6.9008,-1.0857,5.8151,3.1036,67.46,28.885
QM9_01028,N#CCCC12CC(C1)C2,9,-8.2614,1.0476,9.309,4.146,84.54,31.758
QM9_01029,C#CCn1nn[nH]c1=O,9,-6.9797,-0.8,6.1824,0.2781,65.1,28.16
QM9_01030,COC1C2C3CC3C12O,9,-5.6409,2.098,7.7389,0.7468,75.47,33.385
QM9_01031,CC1(C)CC(N2CC2)C1,9,-6.2178,2.2368,8.4546,0.9825,91.01,37.442
QM9_01032,N=C1OCC1(N)C1CO1,9,-6.8165,0.3891,7.2056,1.787,69.37,31.371
QM9_01033,N#CC12C3CCN1C2C3,9,-7.1892,0.332,7.5212,4.9668,76.92,27.521
QM9_01034,C1=NC2(C3CN3)CC2O1,9,-6.6096,0.4463,7.0559,1.2335,71.68,28.187
QM9_01035,CC1CNC1(C)C#N,8,-6.7566,0.6857,7.4423,3.1608,72.1,31.336
QM9_01036,CC1=C2CC3C2C3(O)C1,9,-5.494,-0.6558,4.8409,1.8342,83.27,32.188
QM9_01037,CC12OC3CC1N1C3C12,9,-6.4056,2.4327,8.8383,0.4936,72.46,26.971
QM9_01038,Cn1ncc(N2CC2)n1,9,-5.8913,0.1252,6.0164,1.4562,77.32,29.147
QM9_01039,CCC1OC2C=CC1C2,9,-6.3702,0.2476,6.6178,1.3915,82.0,31.533
QM9_01040,CCN=c1cconn1,9,-6.4627,-0.9932,5.4668,3.9018,79.36,36.339
QM9_01041,CN1CC(CO)=CC1=O,9,-6.3076,-0.5524,5.7552,5.6755,76.94,32.978
QM9_01042,CC1(O)C(=O)C2NC21,8,-6.4273,-0.6395,5.7851,2.4571,61.55,28.743
QM9_01043,CC#CC1CC1C1CC1,9,-6.0817,1.551,7.6328,0.172,93.46,35.901
QM9_01044,CC1N2CC2CC1(C)O,9,-6.1171,1.8912,8.011,2.5052,80.56,36.104
QM9_01045,C#CCN1CC1CC,8,-6.1661,1.0694,7.2328,1.0241,77.16,33.077
QM9_01046,N=C1OCCC2CCC12,9,-6.743,0.7864,7.5294,3.1963,79.42,30.339
QM9_01047,CCC(O)C(O)C(C)C,9,-6.7648,1.7524,8.5172,0.1716,85.28,43.442
QM9_01048,CC1=CCCC12CC2O,9,-5.7171,0.966,6.6831,1.46,85.86,34.94
QM9_01049,C1=CC23COC1C2OC3,9,-6.7784,0.0408,6.8192,1.5086,71.37,26.42
QM9_01050,O=C1CC23OC4C2NC143,9,-6.3212,-1.5755,4.7457,2.7344,66.22,26.16
QM9_01051,CC1C2CC1(C#N)C2C,9,-8.1226,0.7184,8.841,4.2387,84.99,33.679
QM9_01052,CC1(C2CC2)CC(=O)C1,9,-6.4464,-0.4381,6.0083,2.9393,82.87,35.051
QM9_01053,c1cnc2c(c1)COC2,9,-6.5117,-0.8408,5.6709,2.4484,77.56,25.698
QM9_01054,CC1C2CC1C2=O,7,-6.4926,0.3429,6.8328,3.1388,61.45,23.78
QM9_01055,COC1(C#N)CCOC1,9,-7.1267,0.4054,7.5321,2.1333,72.32,32.32
QM9_01056,C1C2OC3C4NC13C4O2,9,-5.3089,-0.117,5.1947,1.4227,69.88,27.013
QM9_01057,C1CC1C1C2COC21,8,-6.245,2.1824,8.4274,1.5612,71.78,27.397
QM9_01058,CC(=NO)C1COC=N1,9,-6.8028,0.0707,6.8709,1.0838,71.94,31.484
QM9_01059,CC1C(O)CC2C(O)C12,9,-5.9457,1.4504,7.3933,3.0307,77.15,33.96
QM9_01060,CC12CC1C1C3CN1C32,9,-5.9647,2.5116,8.4763,1.4566,82.01,29.424
QM9_01061,OCC1COCC1=NO,9,-6.9008,-0.3129,6.5906,1.5292,71.21,32.601
QM9_01062,CCCNC(=O)OC=N,9,-7.1892,0.1633,7.3525,2.4198,77.46,35.24
QM9_01063,CC1(C2(C=O)CO2)CN1,9,-6.6287,-0.9932,5.6355,3.2561,72.27,33.131
QM9_01064,CCC(C)(O)C(=O)NC,9,-6.3103,0.9932,7.3035,2.5938,79.79,40.452
QM9_01065,C1=NCc2nocc2O1,9,-6.7457,-0.6776,6.0681,2.0588,64.31,23.741
QM9_01066,CC1(OCC=O)COC1,9,-6.9797,-0.9034,6.079,1.9698,72.35,34.043
QM9_01067,Cc1nc[nH]c(=O)c1N,9,-5.4314,-0.683,4.7457,1.3439,77.22,30.752
QM9_01068,CC1CC2CCC1C2=O,9,-6.1851,-0.1279,6.0545,2.8493,80.83,31.561
QM9_01069,CC(C)(C)OC(C)(C)C,9,-6.5471,1.9456,8.4927,0.9315,92.61,45.934
QM9_01070,CC1(C)CNC(=O)C1=O,9,-6.3022,-1.6762,4.6259,5.6591,72.67,33.269
QM9_01071,CC1=CC(=O)C(=O)C1O,9,-6.4818,-2.5388,3.9429,4.1968,70.97,30.827
QM9_01072,CCC1C2OC=NC12C,9,-6.4709,0.4762,6.9471,1.3545,78.5,33.125
QM9_01073,C#CC(CC=O)C(C)=O,9,-6.86,-0.9551,5.9049,3.7026,75.86,35.497
QM9_01074,CC12CC1C(CC=O)O2,9,-6.6015,-0.5606,6.0436,3.8346,77.13,33.132
QM9_01075,N#CCC#CC1CCO1,9,-7.0831,0.0898,7.1729,2.8404,78.26,30.788
QM9_01076,CC(O)CC1CCC1,8,-6.9906,1.9293,8.9199,1.3299,78.69,34.322
QM9_01077,O=C1C=C(CO)CC1=O,9,-6.2205,-2.3375,3.8831,6.8289,71.32,30.298
QM9_01078,CCC12CCOCC1O2,9,-6.7756,2.1633,8.9389,1.3181,78.06,33.203
QM9_01079,Cn1cc(N)cc1C#N,9,-5.4096,-0.4789,4.9307,5.0776,83.09,31.91
QM9_01080,CCC(=O)c1ccco1,9,-6.5226,-1.3198,5.2028,2.9896,79.13,30.668
QM9_01081,CC1(C)OC2C=CC1C2,9,-6.3403,0.2667,6.6069,1.3237,81.51,32.822
QM9_01082,C#CC1C=CC2CC12C,9,-6.2641,0.3891,6.6532,0.7578,85.82,33.354
QM9_01083,N#CC12CC1C1(CC1)C2,9,-7.1648,0.5333,7.7008,4.4159,82.87,30.807
QM9_01084,Nc1ccncc(=O)n1,9,-6.4001,-1.9728,4.4273,5.425,74.74,28.415
QM9_01085,CCC1N2CC1(O)C2C,9,-6.4382,1.9892,8.4301,1.5214,83.22,36.483
QM9_01086,CC(C)C(C)(O)C1CC1,9,-6.9661,2.0164,8.9825,1.3943,88.3,41.942
QM9_01087,CC12OC1C(=NO)C2O,9,-6.6886,-0.3075,6.3811,1.9396,70.05,32.57
QM9_01088,CC12C3CC1(O)C(=O)N32,9,-6.743,0.0354,6.7784,3.23,68.76,30.325
QM9_01089,O=C1OCCC12CC2,8,-7.1784,0.3728,7.5512,4.3145,64.53,26.06
QM9_01090,CC12OC3=NCC1C32,8,-5.8341,-1.3987,4.4355,3.9003,66.31,26.026
QM9_01091,N=c1occn1CCO,9,-5.0368,0.966,6.0028,2.9887,71.65,31.608
QM9_01092,Cc1nnn(C)c1C=O,9,-7.2709,-1.9728,5.2981,1.5133,75.34,30.438
QM9_01093,CN1C(CO)C1CCO,9,-5.9593,1.864,7.8233,1.5062,79.42,38.686
QM9_01094,CCNc1c[nH]c(C)c1,9,-4.5035,1.5456,6.0491,1.3758,88.98,36.552
QM9_01095,CC(C)N1CC1CCO,9,-6.0382,2.0327,8.0709,0.8384,87.22,40.057
QM9_01096,N#CC12C(=O)N3CC1C32,9,-7.4178,-0.8191,6.6015,4.9455,67.96,25.586
QM9_01097,CC12NC1C1OC12CO,9,-6.0273,1.4803,7.5076,3.2385,71.45,32.528
QM9_01098,CC1C=CC(O)C2CN12,9,-6.0926,0.3347,6.4273,1.963,80.58,33.252
QM9_01099,N=C1CC2COC2CO1,9,-6.8627,0.6748,7.5376,1.6361,72.48,28.553
QM9_01100,OC1C=C2C3C1C1C2N31,9,-5.728,-1.298,4.4327,2.3964,73.61,26.629
QM9_01101,Cn1c(O)ncnc1=N,9,-6.2532,-0.9905,5.2627,3.1623,71.09,28.345
QM9_01102,Cc1cn(C)cc1C#N,9,-6.177,-0.068,6.109,6.514,84.3,32.07
QM9_01103,Cc1coc(C2CC2)n1,9,-5.9675,0.3483,6.313,1.174,80.68,30.712
QM9_01104,CC12CC3C(O1)C32O,8,-6.1416,1.7769,7.9185,0.9698,63.91,27.881
QM9_01105,CC1CCCC12OC2C,9,-6.762,2.1361,8.8981,1.7199,85.28,36.022
QM9_01106,CCc1cn(C=O)cn1,9,-6.5389,-1.3279,5.211,3.0103,78.04,30.458
QM9_01107,C#Cc1cc(=N)nno1,9,-6.792,-2.3837,4.4082,2.2069,80.11,28.391
QM9_01108,N#CC12CC1N1CC2C1,9,-6.5933,0.732,7.3253,3.5907,76.74,27.334
QM9_01109,CC1(CO)C(=O)C2NC21,9,-6.626,-0.781,5.845,4.1184,72.12,32.821
QM9_01110,OC12CC3C1C1CC2N13,9,-5.9702,1.8232,7.7933,1.1264,73.66,27.424
QM9_01111,Cc1cc(C(=N)N)on1,9,-6.528,-1.0422,5.4858,1.2281,76.14,31.516
QM9_01112,CC1CC=CC1(C)O,8,-6.5797,0.6504,7.2273,1.2831,75.55,33.223
QM9_01113,N#CC12CC1N1CCC12,9,-6.4818,0.234,6.7158,4.3984,77.56,28.336
QM9_01114,CCC(C(C)O)C(C)O,9,-6.8573,1.8232,8.6777,0.3634,85.39,43.391
QM9_01115,CC12CC1C1(CO)CC21,9,-5.5538,1.8885,7.4423,1.6059,83.18,35.087
QM9_01116,O=C1CC2C3CC3N12,8,-6.528,-0.1823,6.3457,3.6525,64.01,24.141
QM9_01117,O=CC12CC(N1)C21CN1,9,-6.6831,-1.2681,5.4151,2.0247,73.95,29.581
QM9_01118,OCC#CC1(CO)CN1,9,-6.5743,0.5905,7.162,2.5436,78.59,35.214
QM9_01119,CC(CC1C[NH2+]1)C(=O)[O-],9,-6.5552,0.9823,7.5376,6.7593,75.67,33.982
QM9_01120,CCC1(C)CC2C1N2C,9,-6.1062,2.1089,8.2124,1.053,89.37,38.031
QM9_01121,CN1CC2(O)C3NC3C12,9,-5.3225,1.7932,7.1158,1.089,75.04,32.141
QM9_01122,Cn1nncnc1=N,8,-6.8192,-2.4926,4.3266,0.6145,64.44,24.087
QM9_01123,N=CN1C(=O)CCC1=O,9,-7.0287,-0.9197,6.109,2.6805,69.42,28.641
QM9_01124,CC1(CO)C2CCC1O2,9,-6.6777,1.8395,8.5172,1.3252,77.02,33.774
QM9_01125,Nc1cc(O)n[nH]c1=O,9,-5.6246,-0.8544,4.7674,2.0695,69.76,29.614
QM9_01126,OCC1N=COC12CC2,9,-6.5525,0.2857,6.8382,2.4154,72.18,30.889
QM9_01127,CN=c1occ(C#N)o1,9,-6.6096,-1.5973,5.0096,4.1031,71.68,27.982
QM9_01128,CCOC1=NCC2NC12,9,-6.5144,0.6748,7.1892,2.0567,77.9,31.337
QM9_01129,C#Cc1cc(=O)[nH]cn1,9,-6.6777,-1.8613,4.8164,2.1413,78.02,27.334
QM9_01130,CC1=NCC(=N)N1C=O,9,-6.8818,-0.8218,6.06,3.319,74.21,30.074
QM9_01131,CC12CC(=NO)C1C2,8,-6.1634,0.5061,6.6695,1.4832,73.82,29.969
QM9_01132,C#CC#CCC(C)C#C,9,-6.675,-0.4599,6.2124,0.4991,98.21,36.732
QM9_01133,C#CC(CC)C(C)C#N,9,-7.4342,0.8163,8.2478,4.1676,85.26,38.093
QM9_01134,C1=Cn2cncc2CC1,9,-5.9239,-0.3374,5.5865,3.6133,81.42,26.777
QM9_01135,C#CC1(C)CCCC1C,9,-6.8763,1.6517,8.528,0.7057,90.68,38.19
QM9_01136,COC(C)C(C#N)C=O,9,-7.3661,-1.2463,6.1198,4.4903,74.32,35.453
QM9_01137,N#Cc1nc(=O)cno1,9,-8.0001,-3.2082,4.7919,2.787,63.03,24.27
QM9_01138,C#CC12C3CC4C3N1C42,9,-6.2559,0.5524,6.8083,2.112,79.05,27.201
QM9_01139,CC1CN1C(=O)CO,8,-7.0015,0.0163,7.0178,4.1079,66.25,30.605
QM9_01140,CCc1cnc(NC)o1,9,-5.2191,0.9361,6.1525,1.8937,81.08,33.533
QM9_01141,C1=CC2C3CC=C(C1)C23,9,-5.6055,0.3891,5.9947,0.2708,85.53,27.975
QM9_01142,C#CC(O)(C#N)CCO,9,-7.4859,-0.4054,7.0777,3.6893,71.38,36.4
QM9_01143,CCOc1ncc(C)[nH]1,9,-5.2001,1.4531,6.6532,2.3113,80.57,33.719
QM9_01144,CNC(C#N)C1NC1C,9,-6.6722,0.8327,7.5049,2.7726,80.2,36.0
QM9_01145,COC1C(OC)C1(C)O,9,-6.2477,2.0327,8.2804,0.2386,76.5,38.78
QM9_01146,CC(O)CCOC(C)C,9,-6.6233,1.9674,8.5906,0.4703,87.2,42.597
QM9_01147,N#CC1N=C2NC3C2C13,9,-6.8954,-2.2259,4.6695,6.6629,71.61,26.101
QM9_01148,C#Cc1nnn(C)c1C,9,-6.2695,-0.1415,6.1307,5.0705,81.93,31.897
QM9_01149,OCC#CC12CN(C1)C2,9,-6.5144,0.4952,7.0097,2.8985,84.0,31.546
QM9_01150,CC1OCCCC1CO,9,-6.5498,2.0409,8.5906,2.0075,81.27,36.387
QM9_01151,O=C1C2C3OC4C1N2C34,9,-6.7267,-1.0585,5.6654,3.1077,63.23,23.223
QM9_01152,C#CC1OC(=O)C2NC12,9,-7.0369,-0.1714,6.8654,5.0655,67.71,27.97
QM9_01153,C#CC(O)CCCCO,9,-7.1729,0.8925,8.0627,0.3621,82.16,39.528
QM9_01154,Nc1cc(O)n(C=O)c1,9,-5.0722,-0.4762,4.596,4.4706,73.66,31.502
QM9_01155,CC(CC(N)=O)OC=N,9,-6.8464,0.5306,7.377,3.5565,74.65,36.603
QM9_01156,CCCc1ncc[nH]1,8,-5.8069,0.9959,6.8028,3.3909,74.46,29.152
QM9_01157,CC1C(CC#N)C2CC12,9,-7.3171,1.0803,8.3974,4.1167,82.24,33.192
QM9_01158,OC1COC12CC2O,8,-6.5117,1.4803,7.992,1.4181,60.9,29.183
QM9_01159,Cn1nnc2c[nH]cc21,9,-5.3198,-0.4435,4.8763,5.2097,75.85,27.158
QM9_01160,O=C1OC2C=CC1O2,8,-7.1512,-1.083,6.0681,3.6401,52.73,21.118
QM9_01161,CC1C2CC(=O)C(=O)C12,9,-6.2532,-2.215,4.0382,4.9793,72.76,30.468
QM9_01162,CC(O)C1C2C3OC2C31,9,-6.2695,1.8286,8.0981,2.6695,74.9,31.733
QM9_01163,C#CC12OC3CCC1C32,9,-6.0545,0.5578,6.6124,1.9914,79.48,29.185
QM9_01164,O=C1OC(CO)C1O,8,-7.4287,-0.3238,7.1076,2.2544,53.76,27.947
QM9_01165,NC(=[NH2+])c1cc(=O)[nH][cH-]1,9,-3.649,-1.2408,2.4109,9.819,88.77,33.331
QM9_01166,ON=C1CCC1,6,-6.5443,0.2014,6.7457,0.8763,53.48,21.872
QM9_01167,CCNCC(O)C#N,8,-7.045,0.5742,7.6192,5.8058,70.26,32.352
QM9_01168,N#CC1CC2CC=CC12,9,-6.8818,0.1823,7.0641,4.2976,80.69,28.963
QM9_01169,CC1OC12CCC2(C)C,9,-6.7974,2.2613,9.0614,1.6663,85.75,38.132
QM9_01170,OCC1CC=CC=CC1,9,-5.6736,-0.4871,5.1865,1.863,87.73,33.978
QM9_01171,OC1CC2C3OC1C23O,9,-6.3675,1.5347,7.9022,2.1318,66.29,29.61
QM9_01172,CC(=O)CCC=O,7,-6.8682,-0.6504,6.2178,3.4013,59.61,27.576
QM9_01173,CC1C=CCC1C1CC1,9,-6.3783,0.7946,7.1756,0.1352,90.37,34.875
QM9_01174,CC12CC3CC3(O)C1O2,9,-6.5879,2.1769,8.7648,1.5686,74.04,32.527
QM9_01175,CC1NC(=O)C2OCC12,9,-6.2641,0.332,6.596,5.2268,71.64,30.021
QM9_01176,N#CCc1cc(N)co1,9,-5.6246,0.1007,5.7253,4.1355,73.28,30.264
QM9_01177,CC1=C(CO)CCC1,8,-5.8205,1.083,6.9035,1.4342,78.87,32.406
QM9_01178,OCCC12COCC1N2,9,-6.6831,2.1089,8.7947,1.4645,74.58,32.661
QM9_01179,C#CC#Cc1cnno1,9,-7.0369,-2.3619,4.6749,4.0987,90.24,26.464
QM9_01180,COCC(O)CNC=O,9,-6.7294,0.9905,7.7199,4.0904,74.9,36.485
QM9_01181,CCC1C=CC(=NC)O1,9,-6.245,-0.781,5.464,3.4437,87.87,34.002
QM9_01182,Cc1occc1N,7,-5.0668,0.8517,5.9185,1.5904,60.29,25.193
QM9_01183,CC(C)C1(C=O)CC1C,9,-6.626,-0.3973,6.2287,3.0294,86.99,39.154
QM9_01184,CC1CCC12CN1CC12,9,-6.1634,2.0926,8.2559,1.7565,85.25,33.245
QM9_01185,COC1CC1(C#N)C#N,9,-7.6518,-0.381,7.2709,4.4705,72.25,31.634
QM9_01186,O=CC(O)C(C=O)CO,9,-6.996,-1.1374,5.8586,1.9215,65.73,34.506
QM9_01187,CC1OC1C(O)CO,8,-7.1049,1.4912,8.5988,1.3631,64.58,32.506
QM9_01188,C#CC(C#N)CCOC,9,-7.2273,0.3238,7.5512,3.1689,79.39,35.654
QM9_01189,CC(O)C1(C)COCO1,9,-7.075,2.0926,9.1675,2.0368,73.61,35.801
QM9_01190,O=CC#CC1NCC1O,9,-6.9008,-1.7306,5.1702,4.5627,78.7,31.718
QM9_01191,OC1C2C3N2C2C1C32O,9,-6.1579,1.7769,7.9348,1.8729,65.92,28.5
QM9_01192,CC(=O)C1CC2(C)CC12,9,-6.196,-0.1959,6.0028,2.724,83.33,35.296
QM9_01193,CN=c1nccc(F)o1,9,-6.3403,-1.6871,4.6559,3.0452,71.7,28.313
QM9_01194,N#CC12CNC1C2,7,-6.4954,0.3646,6.8573,3.4012,59.48,22.294
QM9_01195,O=C[CH-]C(=O)C1CC[NH2+]1,9,-6.0872,-0.9034,5.1838,7.1553,81.27,31.433
QM9_01196,CC1CC(C)(C=O)C1,8,-6.6505,-0.4408,6.2096,2.8647,75.85,33.052
QM9_01197,CCC1C2CC1(C=O)O2,9,-6.7729,-1.1048,5.6681,2.3204,76.78,32.787
QM9_01198,CC1(C=O)COCOC1,9,-6.6613,-0.6667,5.9947,2.9119,71.12,32.432
QM9_01199,CC1(C=O)CC2CN21,8,-6.6314,-0.6721,5.9593,2.7527,68.09,28.758
QM9_01200,CC(C)C(O)C#CC=O,9,-7.358,-1.796,5.562,3.0065,84.4,37.566
QM9_01201,O=C1C=CNC2CC2C1,9,-5.6409,-0.6966,4.9443,5.4788,80.44,30.149
QM9_01202,Cc1onc2c1CC=C2,9,-6.4872,-0.7157,5.7715,3.8429,78.35,27.793
QM9_01203,OC12COC34CN(C13)C24,9,-6.6532,1.4041,8.0573,0.5661,67.35,27.153
QM9_01204,C#CC(C=O)C(C)OC,9,-6.7076,-0.664,6.0409,3.6117,79.55,37.466
QM9_01205,CCN(C)C(C)C#N,8,-6.3321,0.8953,7.2273,4.1025,76.55,34.642
QM9_01206,CN1C=C2COC2C1=O,9,-5.9049,-0.849,5.0532,3.9788,73.81,28.563
QM9_01207,CN=C1C(=O)CCN1C,9,-5.7879,-1.4939,4.294,3.3524,82.98,33.658
QM9_01208,CC12CC1C1C(O)C12C,9,-5.3579,2.0898,7.4478,1.3168,82.63,35.904
QM9_01209,c1noc2onnc12,8,-7.0641,-2.8572,4.2042,4.2995,58.46,21.191
QM9_01210,C1OCC2=C1C1CC2O1,9,-6.0219,0.1252,6.1471,1.7774,72.9,26.393
QM9_01211,NC1=NCC23CCC12O3,9,-6.1715,0.4708,6.645,2.1616,73.07,29.374
QM9_01212,CC12COCC1N1CC12,9,-6.2641,2.1742,8.4355,1.566,77.02,30.711
QM9_01213,COC12CC1C=CC2C,9,-6.1498,0.517,6.6668,1.0437,83.3,34.442
QM9_01214,CC1(C#N)CC2OC21C,9,-7.3117,0.7565,8.0709,2.4124,75.8,33.413
QM9_01215,C#CC#CC(O)CCO,9,-6.7702,-0.6776,6.0926,0.7319,87.72,36.971
QM9_01216,N#CC#CCC1CO1,8,-7.6954,-1.1565,6.5389,6.0138,72.52,26.563
QM9_01217,C#CC(C)c1ncco1,9,-6.6015,0.0163,6.6178,1.1082,75.74,30.766
QM9_01218,CCOC12CNC1C2O,9,-6.1062,1.8123,7.9185,1.8608,75.65,34.356
QM9_01219,OC12C3CCC1C2C3,8,-6.4219,2.0681,8.4872,1.3291,70.02,27.194
QM9_01220,CC1CC2=CC(=O)CC21,9,-6.3022,-1.0014,5.3008,4.2407,83.36,31.096
QM9_01221,CC1(O)CC(=NO)C1,8,-6.5743,0.2122,6.7865,1.7196,68.69,32.203
QM9_01222,CN(C=O)c1cnno1,9,-6.8627,-1.3089,5.5538,1.4345,68.47,28.593
QM9_01223,CC(=O)C(C)CC(C)C,9,-6.4627,-0.2095,6.2532,2.5133,89.58,42.279
QM9_01224,O=COC(CO)CCO,9,-7.3362,-0.117,7.2192,2.0708,69.55,36.105
QM9_01225,CC1(C)OC(=N)C1N,8,-6.6613,0.6449,7.3063,1.8086,69.28,32.55
QM9_01226,CCC1(CC(C)=O)CO1,9,-6.5988,-0.4,6.1988,2.2946,78.71,36.947
QM9_01227,CN=C(NC=O)C(N)=O,9,-6.6505,-1.2817,5.3715,2.1029,72.79,32.813
QM9_01228,CC#Cc1cc[nH]c1,8,-5.3008,0.664,5.9647,2.0201,81.09,27.981
QM9_01229,CCC(C)(C#N)CC#N,9,-8.8764,0.3157,9.1947,5.9096,79.56,36.476
QM9_01230,CC1=NC(C)C2CC2O1,9,-6.4872,0.868,7.3525,1.5356,80.36,33.046
QM9_01231,OCC1(C2COC2)CO1,9,-6.7974,1.8449,8.6423,1.8224,70.3,32.188
QM9_01232,CC(=O)CCC1CC1C,9,-6.5253,-0.1823,6.343,2.504,87.14,38.605
QM9_01233,C#CC1CC=CN1C=O,9,-5.9103,-0.1742,5.7362,3.7408,79.47,30.618
QM9_01234,CCC1(C)C(=O)C2NC21,9,-6.3022,-0.4735,5.8287,3.5299,79.09,34.67
QM9_01235,CCN1C2C3CC(O3)C21,9,-5.8858,2.2068,8.0927,2.6526,79.54,30.64
QM9_01236,C1C2CN3C1C23,6,-6.4192,2.5415,8.9634,1.7558,52.12,17.203
QM9_01237,O=CC1=CC(=O)C2OC12,9,-7.1131,-3.1973,3.913,1.5491,67.37,26.368
QM9_01238,N#Cc1ocnc1C=O,9,-7.6464,-2.8191,4.8273,3.0425,67.5,24.807
QM9_01239,CN(C=O)C(C#N)CN,9,-7.0967,0.1497,7.2464,4.0056,74.25,35.156
QM9_01240,N#CC(N)C1(N)COC1,9,-7.0314,0.4844,7.5131,3.6712,71.38,34.072
QM9_01241,NC(=O)CC(O)CO,8,-6.4301,0.898,7.328,3.9023,61.06,33.095
QM9_01242,Cc1c[nH]c2onnc12,9,-5.3552,-1.796,3.5592,4.2638,78.05,29.652
QM9_01243,C#CC1(O)CNC1C#N,9,-6.9797,-0.098,6.879,4.5866,72.15,32.358
QM9_01244,C1CC2CC23CC(C3)O1,9,-6.4872,2.2858,8.7702,1.064,82.23,30.493
QM9_01245,CC(=O)C1(C)CNC1=O,9,-6.6532,-0.6259,6.0273,2.5156,73.01,34.251
QM9_01246,COC12COC(=N)C1C2,9,-6.9117,0.6585,7.5702,3.8036,74.27,31.201
QM9_01247,CC(=O)CC(=O)C1CC1,9,-6.5933,-0.6558,5.9375,3.5888,78.42,34.57
QM9_01248,CC1C2C(=O)C3(CN3)C12,9,-6.2913,-0.3918,5.8967,4.5815,78.64,31.403
QM9_01249,O=CCCOC1CCC1,9,-6.8954,-0.683,6.2096,2.8474,81.43,34.457
QM9_01250,CC12CCC(O)CN1C2,9,-5.8777,1.9701,7.8505,2.3241,81.88,35.11
QM9_01251,N=C(N)NC(=O)C(N)=O,9,-6.3756,-1.5891,4.7865,3.5185,66.75,33.032
QM9_01252,CC12OC1(C)C1OCC12,9,-6.5797,2.0463,8.626,1.4681,74.68,32.105
QM9_01253,N=C(N)c1nc(N)co1,9,-5.7933,-0.9388,4.8545,4.267,72.74,31.039
QM9_01254,C#CC(OC)C1CCC1,9,-6.7348,1.064,7.7988,1.4307,85.23,36.285
QM9_01255,C#CC1CC2(O)CN1C2,9,-6.2858,0.9742,7.26,2.0045,77.28,31.836
QM9_01256,C#CCC1N=CNC1=O,9,-6.8518,-0.6667,6.1879,2.8231,72.39,30.015
QM9_01257,COC(=O)C(O)CC=O,9,-6.7865,-0.683,6.1008,3.6093,66.91,34.229
QM9_01258,CCCC1CN1C(C)=O,9,-6.5552,0.3619,6.9171,3.1054,84.49,37.383
QM9_01259,CC12CC3OC(C1)C3C2,9,-6.3239,2.1905,8.5172,1.7608,80.15,29.934
QM9_01260,CN1CC2C(O)C(=O)C21,9,-6.0164,-0.8245,5.1919,3.5538,73.37,31.769
QM9_01261,N=C1CC2NC2C(=O)O1,9,-7.2409,-0.6259,6.6151,4.1608,67.5,27.292
QM9_01262,N#CC1(C=O)OC1C=O,9,-7.7852,-2.7674,5.0205,0.701,62.34,28.909
QM9_01263,N#CCOCC(=O)C#N,9,-8.5743,-2.7919,5.7824,3.9839,66.03,30.108
QM9_01264,CC(=O)COC(C)C,8,-6.5933,-0.2721,6.3212,2.9605,72.69,35.451
QM9_01265,N#Cc1ccoc(=O)n1,9,-7.8641,-3.3552,4.5116,5.3031,67.39,24.968
QM9_01266,O=CC1OCC2OCC12,9,-6.7185,-0.8299,5.8858,3.5039,67.07,28.075
QM9_01267,OCCc1ocnc1O,9,-5.8205,0.0762,5.8967,1.5185,67.9,31.066
QM9_01268,COC(C)C1(O)CC1C,9,-6.6913,2.0463,8.7376,1.5273,82.58,40.36
QM9_01269,N#CC#CC1(O)CC1O,9,-7.1566,-1.4857,5.6709,4.6875,80.29,32.29
QM9_01270,CC#CC12OC1CC2=O,9,-6.5579,-0.8653,5.6926,2.9286,78.52,30.822
QM9_01271,COCC(C)COC,8,-6.7892,2.3102,9.0995,1.9285,76.83,36.259
QM9_01272,CC1C2C3OC3C12CO,9,-6.2532,1.4204,7.6736,1.723,75.1,33.26
QM9_01273,CC(C=O)NC1COC1,9,-6.4736,-0.7973,5.679,1.0472,76.24,34.408
QM9_01274,N#CC1=CC(=NO)CN1,9,-5.8341,-1.9048,3.9293,3.2907,81.54,29.439
QM9_01275,CN1CCOC2CC21,8,-5.5375,2.3075,7.845,1.4274,72.06,28.943
QM9_01276,C#CC1C2OCC12C#C,9,-6.5688,0.3918,6.958,1.1567,80.62,31.48
QM9_01277,C#CCN1C(C)C1C=O,9,-6.4355,-1.0504,5.3824,1.8676,79.95,34.737
QM9_01278,CC(C(N)=O)C1CN1C,9,-6.1443,0.8082,6.9498,3.9211,79.78,37.802
QM9_01279,N=COc1ncc(N)o1,9,-6.2722,-0.2068,6.0654,1.9194,68.51,28.836
QM9_01280,COC1C(C)=CCC1O,9,-6.4818,0.566,7.0505,1.9544,81.23,35.761
QM9_01281,CC(C)C1(O)CC(=O)C1,9,-6.6178,-0.7238,5.894,1.5968,78.8,38.19
QM9_01282,CCC1C2C=CCCC21,9,-6.1334,0.634,6.7675,0.2823,90.91,34.322
QM9_01283,CN1CC2(C)NC2C1=O,9,-6.2368,0.6367,6.8709,4.2859,77.03,32.518
QM9_01284,CN1CC(C#N)C2CC21,9,-5.9783,1.0068,6.9852,4.2984,79.6,31.446
QM9_01285,C1CCC2C3OC(C1)C23,9,-6.226,2.2422,8.4682,1.4945,80.69,30.072
QM9_01286,COCC1(C)C=CCC1,9,-6.3838,0.8327,7.2165,1.0587,88.02,36.686
QM9_01287,CC(CNC(N)=O)=NO,9,-6.6042,0.2204,6.8273,3.2312,73.29,36.694
QM9_01288,N#CCCC1(C#N)CN1,9,-7.9049,0.1143,8.0192,4.0953,74.07,31.474
QM9_01289,CC1CCOCC1,7,-6.6341,2.4218,9.0559,1.3187,67.35,26.989
QM9_01290,CC(O)C12C=CCC1N2,9,-6.0763,0.498,6.5743,2.3848,79.99,33.765
QM9_01291,COC1(C)COCC1=O,9,-6.2015,-0.8599,5.3416,1.1359,71.47,33.965
QM9_01292,COC(C)=NC1CCC1,9,-6.4763,0.8218,7.2954,0.7138,87.33,36.335
QM9_01293,COC1C2CCC21C,8,-6.3947,2.4517,8.8464,1.0143,75.77,31.69
QM9_01294,CN(C)C(CO)CC#N,9,-5.8151,1.2109,7.026,5.7197,79.65,38.342
QM9_01295,CC(=N)N(C=O)C(C)=O,9,-7.5267,-1.2163,6.3103,1.2112,72.04,34.099
QM9_01296,N#CC1OC2C(=O)OC12,9,-7.9865,-1.298,6.6913,1.5161,59.33,25.08
QM9_01297,NC(=O)n1ccc(N)c1,9,-5.1566,-0.117,5.0395,2.5025,75.61,31.86
QM9_01298,CC1OC(C=O)C1(C)O,9,-6.7267,-0.9524,5.7715,2.0901,72.21,35.936
QM9_01299,OC1C2CN=C3NC1C32,9,-6.6994,-0.9061,5.7933,3.5965,71.56,27.559
QM9_01300,CCc1cc[nH]c1C=O,9,-6.1198,-1.1238,4.996,2.7648,84.51,31.724
QM9_01301,CN(C)C12COC1C2,8,-5.7062,2.0,7.7063,2.0879,71.3,30.804
QM9_01302,CC([NH3+])CCC(=O)[O-],8,-6.4409,0.9851,7.426,6.9227,68.51,32.438
QM9_01303,OC1CN2CCOCC12,9,-5.7117,1.9293,7.641,1.9834,73.48,30.512
QM9_01304,CC1C=CC2COC2C1,9,-6.4954,0.449,6.9443,1.6987,83.76,31.799
QM9_01305,CC1Cc2[nH]cnc2N1,9,-4.713,0.9361,5.6491,3.5994,78.21,29.571
QM9_01306,N#CC1(C=O)CCOC1,9,-7.592,-1.5075,6.0845,2.9968,69.49,29.805
QM9_01307,OCC1C(CO)C2CC12,9,-6.8137,1.9592,8.773,2.1822,78.07,35.253
QM9_01308,CC(O)C1(C)C2CC1O2,9,-6.4219,1.981,8.4029,1.6947,77.88,35.734
QM9_01309,OCC1C2CCC1OC2,9,-6.3593,1.9102,8.2695,2.8969,76.93,31.572
QM9_01310,C#CC(=O)C(C#C)OC,9,-6.9307,-1.932,4.9987,1.9132,74.87,34.562
QM9_01311,C1COC(CC2CN2)=N1,9,-6.6124,0.6014,7.2165,1.5721,77.15,30.487
QM9_01312,CC1(CC2(C)CO2)CO1,9,-7.0341,2.2613,9.2981,2.1199,78.19,36.216
QM9_01313,CC(=O)CCCC(C)C,9,-6.5607,-0.1878,6.3729,2.4814,90.59,41.702
QM9_01314,CC(C)CCC1CO1,8,-7.1267,2.3075,9.4369,1.684,79.18,34.824
QM9_01315,CC1OCC1C(O)CO,9,-6.7593,1.4395,8.1988,2.2376,74.44,36.307
QM9_01316,C1CC2CC12,5,-6.8545,2.6858,9.5403,0.2527,48.92,16.868
QM9_01317,COC1C2CC1C(=N)O2,9,-6.7267,0.7837,7.5131,3.3605,74.13,29.943
QM9_01318,CC1C2C3C(C#N)C2N13,9,-6.7892,0.5878,7.377,5.4456,77.89,28.908
QM9_01319,C#CCC1(O)COC1,8,-6.8083,0.8653,7.6736,2.0247,65.91,30.129
QM9_01320,CC1(NC=O)C2CC1C2,9,-6.7348,0.8544,7.5893,3.4467,79.83,32.662
QM9_01321,CC1OCC12CCOC2,9,-6.6777,1.8422,8.5199,1.7025,77.47,32.383
QM9_01322,CN1C2CCC1(C=O)C2,9,-6.0137,-0.8544,5.1593,2.1949,79.53,32.167
QM9_01323,N#CC1OCC1N,7,-7.1049,-0.0844,7.0205,3.3923,53.86,23.859
QM9_01324,Nc1ccnc(CO)n1,9,-6.6369,-0.7401,5.8967,5.4582,75.52,30.422
QM9_01325,NC1=CC(=O)C2(O)CC12,9,-5.9811,-0.7238,5.2572,5.7516,74.16,31.675
QM9_01326,COC(C)C(C=O)OC,9,-6.5226,-0.6585,5.8641,1.9664,76.52,38.416
QM9_01327,CC#Cc1nc(O)co1,9,-5.7634,-0.8408,4.9225,1.7087,81.17,29.797
QM9_01328,CCOC(=O)CN1CC1,9,-6.4273,0.4327,6.8627,2.1097,77.04,34.583
QM9_01329,COC1C=CCCC1O,9,-6.7239,0.2313,6.9552,2.2258,80.8,34.396
QM9_01330,C#CC12CC(=O)C1(C)C2,9,-6.6233,-0.5279,6.0954,2.6589,82.08,33.22
QM9_01331,C#CCC1(C)CC1C=O,9,-6.7403,-0.5796,6.1607,2.8266,83.81,36.009
QM9_01332,CC(=O)OC1C2CC1O2,9,-6.7675,0.1823,6.9525,2.8983,69.13,30.188
QM9_01333,O=C1NCC2OC1C2O,9,-6.2831,0.3483,6.6314,3.4599,64.04,28.753
QM9_01334,Nc1nc(O)cc(F)n1,9,-6.294,-0.2041,6.0926,2.7671,64.4,27.89
QM9_01335,CN1CC12CCC2CO,9,-6.109,2.1361,8.2451,1.2227,83.02,36.282
QM9_01336,OC1C2(O)CC2C12CO2,9,-6.6369,1.6653,8.3022,2.8189,68.69,32.617
QM9_01337,CCC12COC1(C)C2C,9,-5.9593,1.9565,7.9131,1.8359,86.22,37.894
QM9_01338,O=c1[nH]ncn1C1CC1,9,-5.9702,0.3265,6.2994,2.8012,70.54,28.689
QM9_01339,C1=CC(C2CO2)OCC1,9,-6.7403,0.449,7.192,1.604,78.17,30.558
QM9_01340,C1CC2CCC1C21CC1,9,-7.3552,2.1851,9.5403,0.0217,87.81,31.803
QM9_01341,O=Cc1ccoc1,7,-6.7185,-1.3959,5.3225,3.0141,54.04,20.026
QM9_01342,N#CC1(N)C(O)C1CO,9,-7.279,0.2259,7.5049,2.8541,70.15,34.104
QM9_01343,CCC1(C(N)=O)OC1C,9,-6.5688,0.5687,7.1348,2.3152,75.71,37.298
QM9_01344,C#CC1N2C3CC3C12C,9,-5.9049,0.6667,6.5715,1.5103,83.03,32.83
QM9_01345,COC1C2C(=O)C(O)C12,9,-6.5226,-0.449,6.0736,2.938,69.58,32.026
QM9_01346,C#CC1C(O)C2C(C)C12,9,-6.8246,1.0041,7.8287,1.6239,81.91,34.643
QM9_01347,OCC1CC2(C1)CC2O,9,-6.2858,1.9755,8.2614,0.8544,79.25,36.256
QM9_01348,COC1=NC(C)C2CN12,9,-6.4246,0.9007,7.3253,1.1704,76.62,31.817
QM9_01349,C1CC1C12CC1CO2,8,-6.0926,2.1361,8.2287,1.5101,72.28,27.902
QM9_01350,CCC1OC12CC1CC12,9,-6.7375,2.3483,9.0886,1.5933,83.38,33.639
QM9_01351,CC1NC(C=O)C2OC12,9,-6.2967,-0.6612,5.6355,3.7119,72.6,31.341
QM9_01352,CC1COC(=O)C(C)N1,9,-6.1144,0.2966,6.411,3.9142,75.63,33.953
QM9_01353,CC(=O)[C-]1C[NH2+]CC1=O,9,-4.9334,-0.1986,4.7348,9.2816,80.76,32.109
QM9_01354,CC1=CCC(C=O)C1,8,-6.5035,-0.4816,6.0219,3.0313,75.36,29.63
QM9_01355,COc1c[nH]nc1OC,9,-5.3035,0.9606,6.2668,2.5907,72.41,32.307
QM9_01356,COc1cocc1CO,9,-5.6028,0.8735,6.4763,2.0886,71.1,32.155
QM9_01357,CC1C(O)C2(O)CN1C2,9,-5.9702,1.5429,7.5103,2.5769,73.88,33.8
QM9_01358,CC12OC1C(CO)C2O,9,-6.6151,1.581,8.1961,2.2225,71.45,34.312
QM9_01359,CC12OCC3C1CC32O,9,-6.2695,2.0381,8.3076,2.4962,74.86,31.486
QM9_01360,C1=NC2CCCC2CO1,9,-6.6178,0.6966,7.3144,2.2294,78.66,29.269
QM9_01361,O=CC1CC1CC1CC1,9,-6.645,-0.4245,6.2205,3.4253,84.78,34.369
QM9_01362,C#CC1CCC(=O)O1,8,-7.3199,0.215,7.5321,4.1984,62.76,26.337
QM9_01363,CC1(C#N)CN1C1CC1,9,-6.8763,0.6912,7.5675,4.7557,82.11,33.919
QM9_01364,CC12C3CN1C(=O)C32O,9,-6.4273,-0.049,6.3783,4.3668,69.37,30.344
QM9_01365,N#CC1CC2(O)COC12,9,-7.2573,0.3619,7.6192,3.1844,69.24,29.881
QM9_01366,Cc1c(N)cccc1F,9,-5.543,0.2422,5.7851,2.4349,79.94,31.889
QM9_01367,COC1(CCC#N)CC1,9,-7.2219,1.0885,8.3104,4.1332,80.1,35.534
QM9_01368,COC1C=CCC2NC21,9,-6.4192,0.6912,7.1103,1.9651,81.51,31.999
QM9_01369,N#CC1(C(N)=O)CN1,8,-7.6328,-0.3619,7.2709,2.6196,59.73,27.508
QM9_01370,C[NH2+]C1CC1C(=O)[O-],8,-6.7348,0.6939,7.426,6.2858,65.34,29.165
QM9_01371,CC1CC2(CO)CC1C2,9,-7.1158,2.0272,9.143,1.3387,85.47,35.149
QM9_01372,C#CCC1OCC1OC,9,-6.6804,1.4667,8.1471,2.907,78.58,34.579
QM9_01373,OCC1C(O)C(O)C1O,9,-6.811,0.8762,7.6845,4.2808,66.37,34.419
QM9_01374,CC1C=CC2CC1C2,8,-6.2668,0.5932,6.86,0.2036,79.04,28.472
QM9_01375,CC1OC(=N)C(C)C1O,9,-6.8926,0.8027,7.6954,3.6797,75.93,35.164
QM9_01376,CC1C=CC2OCC12,8,-6.5117,0.2966,6.8083,2.0204,71.68,27.19
QM9_01377,CCC1C2CC(C=O)C12,9,-6.5307,-0.5361,5.9974,2.5439,82.55,33.963
QM9_01378,O=CC1C2CC1(C=O)N2,9,-6.7022,-1.4368,5.2681,2.3073,70.75,29.148
QM9_01379,CC1CC2OC2C(C)O1,9,-6.8627,2.2558,9.1185,2.2272,78.69,33.721
QM9_01380,CN(C=O)c1cnoc1,9,-6.4681,-0.6694,5.796,1.8559,70.18,28.556
QM9_01381,CC12CCC1(O)COC2,9,-6.6804,1.8395,8.5199,1.3431,77.1,34.365
QM9_01382,CCC1C2OC1C21CC1,9,-6.3076,2.3592,8.6641,1.7765,84.11,33.536
QM9_01383,CCc1noncc1=N,9,-7.1484,-2.03,5.1185,2.0424,76.61,30.142
QM9_01384,CC12CCOCC1N2,8,-6.5498,2.0109,8.5607,0.7754,70.75,28.873
QM9_01385,OC1CC=CCCC1,8,-6.4627,0.5116,6.9743,1.1329,76.05,30.805
QM9_01386,CC(O)CC1C2CC1C2,9,-7.0586,1.9429,9.0042,1.3886,86.61,35.469
QM9_01387,CC(C)(C)C1OCC1O,9,-6.6178,1.5021,8.1199,2.4796,81.41,39.307
QM9_01388,OC12CCCC(C1)C2,8,-6.8083,2.0055,8.8138,1.4683,73.54,29.39
QM9_01389,N#CCCC(O)CO,8,-7.4178,1.0313,8.4464,4.4246,65.27,32.499
QM9_01390,CC1(O)COCOC1=O,9,-7.4233,-0.1007,7.3199,3.2795,63.61,31.473
QM9_01391,CC1OC2C1CC1NC12,9,-6.3566,1.8177,8.1743,2.6592,77.23,30.206
QM9_01392,CC1N2CC1(O)C2C=O,9,-6.7838,-0.917,5.8668,3.8935,74.04,32.694
QM9_01393,Cc1nccnc1C=O,9,-6.8872,-2.2776,4.6096,2.3554,77.19,28.015
QM9_01394,Oc1cccnc1O,8,-5.9321,-0.3837,5.5484,0.333,63.29,24.823
QM9_01395,O=C1CC(O)C=CC1O,9,-6.2695,-0.9851,5.2845,4.8884,69.21,31.465
QM9_01396,Cc1ccc(=O)[nH]c1C,9,-5.5457,-0.9061,4.6368,4.7518,84.68,32.351
QM9_01397,OC1C2C3C4CC4C2C13,9,-6.6913,2.0463,8.7376,1.6742,77.68,28.756
QM9_01398,OC1C2(O)CCC12O,8,-6.1824,1.7796,7.9621,0.4288,60.82,30.902
QM9_01399,CC#Cc1cc[nH]c1O,9,-4.8844,0.9851,5.8695,1.0244,85.44,32.625
QM9_01400,O=C(CCO)N1CC1,8,-6.743,0.1605,6.9035,1.7821,66.23,30.46
QM9_01401,CCn1nc(N)cc1O,9,-5.1783,1.4776,6.6532,2.2912,76.23,34.257
QM9_01402,C#CC1C2CC(C)(C)C12,9,-6.5933,1.3279,7.924,0.8079,88.71,36.231
QM9_01403,C#CC12CCC1(O)C2O,9,-5.9919,0.9306,6.9226,1.8782,77.3,34.372
QM9_01404,CC1(C)CN1C(=N)C#N,9,-7.0396,-1.4232,5.6164,3.2431,80.49,34.48
QM9_01405,Cc1cc2ocnc2[nH]1,9,-5.2708,0.0871,5.3579,2.1593,75.73,27.358
QM9_01406,O=C1C=Cn2nncc21,9,-7.4995,-3.1184,4.381,2.6708,69.1,23.048
QM9_01407,COC1(C)CC1C(C)C,9,-6.6341,2.3592,8.9906,1.1141,90.03,41.621
QM9_01408,CC1CCCCOC1,8,-6.5824,2.2068,8.7893,1.233,77.86,31.987
QM9_01409,O=C1CC(CO)C12CO2,9,-6.6423,-1.0667,5.5729,4.1817,69.89,32.074
QM9_01410,CC(=O)C1(O)CCCC1,9,-6.3375,-0.3674,5.9702,1.9464,78.19,35.858
QM9_01411,NC1COc2cnoc21,9,-6.0627,-0.5197,5.5457,2.0963,67.3,27.096
QM9_01412,C#CC(C#CC)C1CO1,9,-6.7892,0.917,7.7035,1.5845,82.76,34.692
QM9_01413,COC1(C)CC=CC1=O,9,-6.0763,-1.3687,4.7076,2.5473,77.77,33.711
QM9_01414,Cc1ccn2c1C1CC12,9,-5.2953,0.6558,5.9511,1.5871,84.01,29.332
QM9_01415,c1nc(CN2CC2)co1,9,-6.46,0.2122,6.6722,1.1895,73.64,28.336
QM9_01416,CC1C(C)C1C1CN1C,9,-5.845,2.1415,7.9865,1.324,90.6,38.66
QM9_01417,CC(=NO)C1CC1O,8,-6.2505,-0.0163,6.2368,1.9277,68.61,31.886
QM9_01418,C#CC1(C#C)CN2CC21,9,-6.5933,0.5687,7.1593,1.073,80.35,32.23
QM9_01419,O=COCc1cnn[nH]1,9,-7.3471,-0.5987,6.7484,5.2732,64.59,27.052
QM9_01420,CC1CNC(=O)NC1C,9,-6.3702,1.5266,7.8967,4.1842,78.93,35.099
QM9_01421,CC(C)C1(O)C2CC1C2,9,-6.9716,1.9021,8.8736,1.3602,85.44,36.773
QM9_01422,CC12CC3(C)C(C1=O)N23,9,-6.5824,-0.234,6.3484,3.1003,76.85,31.84
QM9_01423,O=CCC1CC(CO)O1,9,-6.8491,-0.7728,6.0763,2.7877,72.82,33.478
QM9_01424,CC(=O)C(CO)C(C)C,9,-6.4926,-0.3728,6.1226,1.7175,81.95,40.893
QM9_01425,CC(O)C1CCC1=NO,9,-6.7865,0.0054,6.792,1.2473,78.9,36.165
QM9_01426,C#CC#CC(N)C#N,8,-7.1321,-1.1565,5.9756,4.3702,76.69,29.245
QM9_01427,C1CC(OC2CC2)C1,8,-6.4409,2.2504,8.6913,0.9809,75.79,30.323
QM9_01428,N#CC1OCCOC1=N,9,-7.7362,-0.4952,7.2409,4.0623,66.91,28.512
QM9_01429,C1C2C3OC2C2C3N12,8,-6.1307,2.0953,8.226,1.1729,61.25,20.8
QM9_01430,CC(C)C1CC12COC2,9,-6.4954,1.8204,8.3158,1.9778,85.89,36.461
QM9_01431,C1=CC23CCC2C2C1C23,9,-5.747,0.4435,6.1906,0.3993,82.99,27.888
QM9_01432,O=C1OCOC2COC12,9,-7.0777,-0.3374,6.7403,4.8347,60.75,26.167
QM9_01433,CC12CC(O1)C2CC=O,9,-6.6777,-0.5524,6.1253,2.9241,77.46,32.713
QM9_01434,CN1CC2CC21CC#N,9,-6.0273,0.8327,6.86,4.0148,79.84,32.739
QM9_01435,CC1(C)CC2CC(=O)N21,9,-6.3865,-0.0136,6.3729,3.5327,79.23,33.561
QM9_01436,CC1COC=NC1(C)C,9,-6.6178,0.8082,7.426,1.9288,82.0,35.906
QM9_01437,C#CC(C#N)OCC#N,9,-8.4029,-1.181,7.2192,3.9261,70.28,31.177
QM9_01438,OC(CC1CO1)C1CO1,9,-7.1212,1.6109,8.7321,2.8452,72.17,33.649
QM9_01439,Nc1c(CO)coc1O,9,-5.1457,0.7782,5.9239,1.8592,67.87,33.256
QM9_01440,CN1C=CC=CNC1=O,9,-5.3307,-0.6884,4.6423,1.9328,79.37,30.552
QM9_01441,OCC1(O)CC=CC1,8,-6.411,0.7919,7.2029,2.2533,68.15,30.736
QM9_01442,C#CC(C=O)CC=O,8,-7.1185,-1.4177,5.7008,2.9901,65.42,29.885
QM9_01443,O1C2OC3C1C1OC3C21,9,-6.528,1.7715,8.2995,0.8994,60.44,21.9
QM9_01444,CC1(N2CC2)CNC1=O,9,-5.9892,0.7946,6.7838,2.5693,75.93,33.251
QM9_01445,Cc1cc(=O)c(C)no1,9,-6.6069,-1.5565,5.0504,2.6587,76.49,31.052
QM9_01446,COC12CCC1C1OC12,9,-6.5634,1.9511,8.5172,1.0772,74.29,31.28
QM9_01447,CC1COC2C(C)C2C1,9,-6.4709,2.2259,8.6968,1.2965,85.56,35.06
QM9_01448,CC#CC(C)CC(N)=O,9,-6.4409,0.8082,7.2491,3.4892,85.19,38.988
QM9_01449,Cc1n[nH]nc1CC=O,9,-6.7702,-0.9306,5.8396,2.0309,71.38,30.066
QM9_01450,COCc1cnoc1N,9,-5.6899,0.3864,6.0763,4.3278,72.49,31.702
QM9_01451,N#CC12CC(C1N)C2O,9,-6.626,0.6748,7.3008,4.4056,74.69,32.11
QM9_01452,CC(=O)NCCOC=O,9,-7.0069,0.166,7.1729,2.7239,69.92,34.511
QM9_01453,O=CCCOC1CC1,8,-6.8899,-0.7021,6.1906,2.7598,70.38,30.696
QM9_01454,CC1OCCC(C#N)O1,9,-7.5457,0.381,7.9267,2.7159,71.86,31.442
QM9_01455,CC#CC12CC3OC1C32,9,-5.9158,1.083,6.9988,1.8109,83.95,30.215
QM9_01456,CC1CNC(=O)C(=O)C1,9,-6.4736,-1.5783,4.8953,6.1424,73.67,31.94
QM9_01457,CNC(=O)NCC=O,8,-6.6913,-0.6993,5.9892,4.51,64.69,31.424
QM9_01458,c1ncn2cncc2n1,9,-6.1851,-1.8912,4.2967,2.2818,73.41,22.568
QM9_01459,CC1CC2(C1)CC2C=O,9,-6.5879,-0.3918,6.196,3.6065,85.89,34.65
QM9_01460,N=c1cc2n(cn1)CC2,9,-5.4069,-0.5225,4.8844,6.7157,82.67,27.08
QM9_01461,N=C1OCOCC2CN12,9,-6.7076,0.1061,6.8165,2.9279,69.86,28.426
QM9_01462,O=C1COCC(=O)N1,8,-7.3253,-0.9769,6.3484,1.7614,55.9,24.287
QM9_01463,C1CC12C1C3C4C1N4C32,9,-6.1171,2.2232,8.3403,1.7912,78.44,26.912
QM9_01464,Cc1c(N)nn(C)c1C,9,-5.1321,1.0612,6.1933,1.9742,84.71,36.499
QM9_01465,C1OC1C12C3CN1CC32,9,-6.2695,2.1007,8.3675,2.4599,75.72,28.083
QM9_01466,CC(C)(C)C(O)CC=O,9,-6.5988,-0.5388,6.0627,3.2815,82.62,41.283
QM9_01467,C#CC1C2C(=O)CN12,8,-6.7593,-0.8816,5.8777,1.9265,64.61,25.799
QM9_01468,CCC1CC(C)CC1O,9,-7.0586,1.796,8.8546,1.2964,88.39,38.887
QM9_01469,Cc1nc(=N)occ1F,9,-6.3103,-1.8885,4.4219,3.6243,70.43,28.778
QM9_01470,CC1COC(C)(CO)O1,9,-6.6641,2.1579,8.8219,2.5853,74.51,36.147
QM9_01471,CC12NC1C1(CN1)C2O,9,-6.1226,1.8721,7.992,3.9289,76.42,33.246
QM9_01472,COCC(=N)OC(C)C,9,-6.8845,0.6286,7.5103,2.4075,80.35,38.706
QM9_01473,CC12CCC1(CC#N)N2,9,-6.411,0.7646,7.1756,4.9679,80.69,33.238
QM9_01474,C#CC1=C(C=O)CCC1,9,-6.6532,-1.981,4.6749,3.3507,88.62,31.727
QM9_01475,N#CC1NC2CCC12,8,-6.6559,0.4191,7.0777,4.6807,68.34,26.163
QM9_01476,CC1=CC(C)C(O)C1O,9,-6.7784,0.2204,6.9988,2.4787,80.48,36.452
QM9_01477,NC(=O)Oc1conn1,9,-7.0804,-1.1293,5.9484,4.65,57.16,27.188
QM9_01478,O=C1C(=O)C2C=CC1N2,9,-5.7607,-2.0245,3.7361,3.6207,67.13,25.738
QM9_01479,O=CC1(O)C2CC1C2=O,9,-6.8437,-1.5157,5.328,1.4687,66.72,29.248
QM9_01480,c1cc(C2CN2)ncn1,9,-6.7375,-0.9551,5.7824,2.7687,77.76,26.656
QM9_01481,C1CCCC2(CC1)CC2,9,-7.0423,2.0272,9.0723,0.1552,91.54,35.468
QM9_01482,Cc1coc(C(N)=O)c1,9,-6.2695,-0.6884,5.5811,3.4694,75.53,31.771
QM9_01483,OCCC1CC2CC12,8,-6.8518,2.2123,9.0641,1.4642,74.7,30.959
QM9_01484,COc1noc(C#N)n1,9,-7.8723,-2.4082,5.464,4.0378,65.26,26.275
QM9_01485,N#CCC1CO1,6,-7.8723,0.6966,8.5689,4.8091,46.97,19.788
QM9_01486,O=C1[CH-]C(=O)C2CC1[NH2+]2,9,-5.181,-0.1742,5.0069,8.2953,74.76,27.486
QM9_01487,O=C1NC2CC1C21CC1,9,-6.3974,0.5606,6.958,3.7825,76.06,29.277
QM9_01488,CC1C2CC3(C)C2N13,8,-6.2505,2.6096,8.8573,1.4789,74.87,29.252
QM9_01489,CC1C2OC3C(=N)N1C32,9,-6.1389,-0.2721,5.8668,2.6022,72.89,28.098
QM9_01490,C#CC(CC#N)N(C)C,9,-6.2913,0.5905,6.8818,4.2149,82.11,36.923
QM9_01491,CC(O)C1OCC1=O,8,-7.0124,-1.064,5.9484,1.5308,61.01,29.599
QM9_01492,COC(C)C(C)N1CC1,9,-6.2858,2.4735,8.7593,0.4708,86.72,39.609
QM9_01493,CC1(O)C2C3CN3C21C,9,-5.826,1.6844,7.5103,2.4554,79.22,35.211
QM9_01494,CCC1(CC)CN=CO1,9,-6.6396,0.7782,7.4151,1.9298,80.78,35.788
QM9_01495,OCC(O)CC1CCC1,9,-6.8954,1.5919,8.4872,2.3315,82.43,37.21
QM9_01496,CCCCC(C)C=O,8,-6.6423,-0.4708,6.1688,2.8303,80.19,36.114
QM9_01497,CC1=CC(C)(C=O)CC1,9,-6.1824,-0.585,5.5974,2.5546,86.37,35.72
QM9_01498,CCN1C=NCC1=O,8,-6.6287,-0.4082,6.2205,2.7214,66.3,27.341
QM9_01499,O=C1OC2C3CC=C1C32,9,-6.675,-1.3606,5.3171,4.4559,70.21,25.075
QM9_01500,O=CCC1CNC(=O)O1,9,-7.1022,-0.9551,6.1471,4.4976,66.03,29.595
QM9_01501,N#CC1(OCCO)CC1,9,-7.5022,0.3293,7.8314,2.5869,73.51,34.045
QM9_01502,CN1CC(=NO)C12CC2,9,-5.6545,0.1197,5.7743,0.942,81.62,34.301
QM9_01503,CCC1(OC)CC1C=O,9,-6.6233,-0.5116,6.1144,2.7086,81.37,37.099
QM9_01504,N=C1OC2(CC2)CC1O,9,-6.9852,0.5089,7.494,2.725,73.82,31.587
QM9_01505,CC1(O)C2C3CC1(C)N32,9,-6.577,2.0953,8.6723,1.5246,77.41,33.939
QM9_01506,CC12CC3(CCCC13)O2,9,-6.1579,2.1551,8.3131,1.9684,82.65,32.383
QM9_01507,CCC12CC(O1)C2(C)C,9,-6.2668,2.3728,8.6423,1.711,85.93,37.694
QM9_01508,C1C2C3NC3C3(CN3)C12,9,-6.1498,1.7279,7.8777,2.918,78.49,29.272
QM9_01509,OCC1(O)CC(O)C1O,9,-6.7593,1.3606,8.1199,2.4821,67.19,36.817
QM9_01510,CCn1cc(OC)cn1,9,-5.5239,0.6857,6.2096,1.035,80.26,32.84
QM9_01511,c1nc2ccocc-2n1,9,-6.694,-1.8966,4.8001,3.8316,74.08,22.679
QM9_01512,N#CC(C=O)OC=N,8,-8.0682,-1.8395,6.2287,4.1961,58.26,27.002
QM9_01513,CNc1cncc(C)c1,9,-5.445,-0.2857,5.162,3.4093,89.1,32.972
QM9_01514,COC(=O)N(C)CC=O,9,-6.6477,-0.8544,5.7933,3.4293,71.27,34.839
QM9_01515,CC1(O)C(N)C1C#N,8,-6.5715,0.7483,7.3199,2.4381,66.41,32.211
QM9_01516,O=C1C2CCC1C(O)C2,9,-6.3294,-0.2558,6.0736,2.9088,73.79,30.411
QM9_01517,CC12CCC3C(=O)C1N32,9,-6.5253,-0.4136,6.1117,3.103,75.77,29.57
QM9_01518,c1nc2n(n1)CCCC2,9,-6.7158,0.4762,7.192,3.7635,76.51,26.95
QM9_01519,CC1=CC2(O)C3CC2C13,9,-5.8015,0.3238,6.1253,1.5133,80.88,31.571
QM9_01520,CC12CC3C1CC32C,8,-7.3253,2.5715,9.8968,0.2735,79.6,30.415
QM9_01521,CCC(O)(C#N)C1CO1,9,-7.8042,0.2286,8.0355,1.9139,71.76,35.165
QM9_01522,O=C(CO)CC1CN1,8,-6.8491,-0.9116,5.9375,3.4371,65.32,30.006
QM9_01523,N#CCC1OC1CC=O,9,-7.2382,-1.1129,6.1253,3.0298,71.21,31.487
QM9_01524,C1C2C1C1C3C2C2C1N32,9,-6.4981,2.1878,8.6859,1.9964,75.44,25.12
QM9_01525,CC(=O)n1cc(C)cn1,9,-6.7974,-1.0531,5.7443,1.9355,78.8,31.281
QM9_01526,CCC1C=CCOCC1,9,-6.5362,0.2966,6.8301,1.326,88.01,35.307
QM9_01527,OCC12C3CC1C1C3N12,9,-6.3892,1.8041,8.1933,2.245,73.53,28.267
QM9_01528,Nc1cc(F)c(=O)on1,9,-6.7267,-2.1388,4.5878,6.0394,61.72,27.488
QM9_01529,Nc1cc(O)nn1C=O,9,-6.1743,-0.8898,5.2817,4.7744,69.27,29.539
QM9_01530,C#CC(=O)NCCOC,9,-6.9552,-0.5932,6.362,3.8771,78.49,35.501
QM9_01531,OCC#CC1CO1,7,-7.0369,0.2748,7.3117,1.4234,60.21,25.335
QM9_01532,CCc1[nH]ncc1NC,9,-5.0205,0.7919,5.8096,2.7627,83.23,34.583
QM9_01533,C#CC1CC1(C#N)CO,9,-7.2763,-0.0245,7.2518,2.8499,77.42,33.703
QM9_01534,C#Cc1ccc(=N)oc1,9,-5.8777,-1.5619,4.3157,2.4168,85.33,28.923
QM9_01535,CC(C#N)CC1CO1,8,-7.6736,0.9633,8.6369,4.0771,68.98,30.131
QM9_01536,O=C1CC2C3C2N2C1C32,9,-6.3947,-0.6721,5.7226,3.5329,71.58,25.867
QM9_01537,C#CC1C2C(C)C(=O)N12,9,-6.743,-0.5687,6.177,3.6587,74.53,31.441
QM9_01538,c1cc2n(n1)C1CC1O2,9,-5.9158,0.8544,6.7702,2.5922,70.14,24.792
QM9_01539,COC=NC(C)COC,9,-6.6994,0.6286,7.328,2.4452,85.11,38.861
QM9_01540,CC1(C#N)OC2CNC21,9,-6.7294,0.3075,7.0369,4.6264,72.72,30.716
QM9_01541,CCC1N=C(C)NC1=N,9,-6.1498,0.1061,6.2559,3.7271,83.49,34.986
QM9_01542,CC1C(O)C2C3OC1C32,9,-6.4219,1.9048,8.3267,2.3825,72.59,30.29
QM9_01543,C#CC(C)(C)C#CC=O,9,-7.26,-1.6898,5.5702,3.3555,86.66,36.661
QM9_01544,C1C2CC3(COC13)C2,8,-6.6722,2.1824,8.8546,1.8262,71.27,25.057
QM9_01545,OCc1ncccc1O,9,-6.1797,-0.6231,5.5566,1.0171,74.72,28.962
QM9_01546,CC1=CCCCC(C)=C1,9,-5.4396,-0.2966,5.143,0.6243,98.2,36.172
QM9_01547,N=C1OCCC1C1CO1,9,-7.0886,0.5306,7.6192,2.0319,72.55,29.928
QM9_01548,CN=c1cnccnc1,9,-6.362,-1.8123,4.5497,1.3641,86.62,29.189
QM9_01549,CN(C)C(=O)C(N)=O,8,-6.4219,-0.8436,5.5783,0.7723,64.33,31.539
QM9_01550,CC12CC3(C)C1CC23,8,-7.3961,2.7538,10.1498,0.0608,79.89,30.488
QM9_01551,CC1C2CC2(C)C1(C)C,9,-6.5634,2.1851,8.7485,0.2605,92.29,40.085
QM9_01552,CC12C3CCN1CC32O,9,-5.8042,2.0545,7.8614,2.0854,78.2,32.431
QM9_01553,O=CC1(C=O)CO1,7,-7.1103,-1.7932,5.3171,2.4006,48.5,22.782
QM9_01554,CC12CC(O)(C1)C21CO1,9,-6.8001,2.0599,8.8627,2.5487,76.12,33.472
QM9_01555,CC1CC12C=CC1CC12,9,-5.7579,0.6068,6.3647,0.304,89.15,32.808
QM9_01556,CN=C1OC2(C)CCC12,9,-6.5607,0.8762,7.4369,2.4692,82.61,33.651
QM9_01557,OCC1CCC2CN2C1,9,-5.8205,2.0028,7.8233,1.838,81.7,33.818
QM9_01558,C#CC1(C)CC(C#N)C1,9,-7.3824,0.3918,7.7743,4.0626,83.38,34.269
QM9_01559,O=CCC#CC(=O)C=O,9,-7.2899,-3.0858,4.2042,1.4084,72.46,30.68
QM9_01560,OC1CC1C(O)C1CO1,9,-6.2124,1.8613,8.0736,3.1476,71.27,33.248
QM9_01561,CC1(C#N)CC1(O)C#N,9,-8.1933,-0.2286,7.9648,6.2533,71.24,33.1
QM9_01562,C#CCC12C3CC1C2O3,9,-6.2695,1.3769,7.6464,1.9264,76.86,29.983
QM9_01563,O=C1CC2CC(=O)C1O2,9,-6.5443,-1.7034,4.8409,3.7173,64.57,26.732
QM9_01564,CC1C2CC1(C=O)C2=O,9,-6.7511,-1.0721,5.679,3.7481,75.13,31.031
QM9_01565,C1=CCOC=NCCC1,9,-6.7756,-0.0571,6.7212,2.0242,81.66,31.66
QM9_01566,NC1CC1[NH2+]CC(=O)[O-],9,-6.3049,0.4599,6.7648,4.0277,71.95,34.138
QM9_01567,O=CC1(N2CC2)CCC1,9,-5.9158,-0.6803,5.2355,1.8072,80.24,33.045
QM9_01568,CC12COCC1CC2O,9,-6.7239,2.0028,8.7267,2.3004,76.93,32.918
QM9_01569,CC(C#N)C(C)CC=O,9,-7.0287,-0.8218,6.2069,3.7221,80.37,36.87
QM9_01570,CCCC1C=CCC1C,9,-6.3647,0.7374,7.1022,0.1152,94.44,37.916
QM9_01571,O=CCC12CC(O1)C2=O,9,-7.0097,-0.9225,6.0872,4.2791,66.68,29.349
QM9_01572,N#CCC#CC(=O)C=O,9,-7.4233,-3.2463,4.1769,3.1419,70.51,29.697
QM9_01573,O=C(C1CC1)N1CCC1,9,-6.3076,0.781,7.0886,3.7238,82.79,32.263
QM9_01574,N=C1OCC2COC1O2,9,-7.1375,0.3048,7.4423,3.9183,65.22,26.378
QM9_01575,CC1C=Cc2oncc21,9,-6.0926,-1.0313,5.0613,3.8735,77.13,27.286
QM9_01576,CC1OCC12CC1CC12,9,-6.5144,2.2477,8.7621,1.8805,81.56,32.549
QM9_01577,C#CCC1OCC1(C)C,9,-6.6205,1.4803,8.0981,2.3163,84.86,37.346
QM9_01578,CC1OC(=N)CC1O,8,-6.9634,0.8,7.7661,2.6938,65.52,29.633
QM9_01579,C1=CC2CCC3C1CC23,9,-6.2124,0.5442,6.7539,0.209,85.04,28.422
QM9_01580,C1=CC2N=COC2CC1,9,-6.5906,0.2531,6.8464,2.0893,76.35,27.64
QM9_01581,C#CCOC(C#C)CC,9,-7.0831,0.5361,7.6165,1.0399,84.9,37.901
QM9_01582,C1=NCc2[nH]cnc2N1,9,-5.0559,0.5497,5.6028,2.1717,72.31,26.232
QM9_01583,CC1(CCO)CCO1,8,-6.6233,2.0272,8.6532,2.2258,70.63,33.101
QM9_01584,CC12CC3C(N=CO1)C32,9,-6.4246,0.5578,6.9824,2.2854,74.39,28.681
QM9_01585,C#Cc1cnc(C)n1C,9,-5.66,-0.1578,5.5021,3.4032,87.13,32.935
QM9_01586,Cn1nnn2ncnc12,9,-7.1838,-1.1728,6.011,3.7432,65.59,23.897
QM9_01587,CCC1(C)C=CC(=O)C1,9,-6.3811,-1.181,5.2001,3.7141,85.42,35.342
QM9_01588,CC(O)CC1OC1C=O,9,-7.0505,-1.1864,5.8668,2.1747,72.84,35.208
QM9_01589,Cc1cc(O)nc(F)c1,9,-6.3593,-0.5116,5.8504,2.0178,71.62,29.145
QM9_01590,C1CC2(C1)C1CC3C1C32,9,-6.5117,2.4327,8.9444,0.2896,85.32,30.115
QM9_01591,C#CC12C=CC(O)(C1)C2,9,-6.4192,0.0844,6.5035,1.3963,79.82,32.201
QM9_01592,CC12CCC1(CO)CC2,9,-6.9879,1.913,8.9008,1.4014,85.15,36.695
QM9_01593,COC1C(C)C1OC=O,9,-6.9362,0.3619,7.2981,4.9052,73.47,34.679
QM9_01594,COCC1NC1C,7,-6.6613,2.1796,8.8437,1.4088,65.55,29.072
QM9_01595,CC1CCC(=O)C1C=O,9,-6.7103,-1.2599,5.4532,4.5539,76.36,33.071
QM9_01596,COC1OC(=N)NC1=N,9,-6.7593,-0.1197,6.6396,0.8021,70.8,30.61
QM9_01597,CC#CC12COC1C2O,9,-6.1389,0.8735,7.0124,1.8043,80.05,32.585
QM9_01598,CCC1(C=O)C=CCC1,9,-6.3348,-0.6721,5.66,2.4615,84.43,34.645
QM9_01599,CC1C=CC=CC(=N)O1,9,-6.3158,-1.6354,4.6804,3.8095,84.91,31.169
QM9_01600,O=c1ccnn[nH]1,7,-7.162,-2.332,4.83,1.0953,51.07,18.61
QM9_01601,C#CC1CC1CC(C)=O,9,-6.596,-0.2776,6.3185,1.8154,82.43,36.0
QM9_01602,OCC1CC12C=CCO2,9,-5.8232,0.3157,6.1389,2.4757,79.51,32.561
QM9_01603,CC(N)(C#N)C1CC1,8,-7.192,0.8408,8.0328,4.5297,71.61,32.662
QM9_01604,OC12CC1C1CC2CO1,9,-6.6505,2.1524,8.8029,1.5113,73.16,29.449
QM9_01605,Nc1cc2n(n1)CC=C2,9,-5.1838,-0.5769,4.6042,1.9745,80.33,28.039
QM9_01606,N=c1[nH]nc(F)c(=N)[nH]1,9,-6.5335,-1.5456,4.9878,2.2865,66.92,27.953
QM9_01607,Cc1cc(C(N)=O)on1,9,-7.2056,-1.317,5.8885,0.8648,70.7,30.668
QM9_01608,CC12CC3C(C1)C3C2,8,-7.0777,2.2776,9.3526,0.0087,76.6,27.626
QM9_01609,O=CC12NC1C=CC2O,9,-6.8409,-1.2109,5.6273,2.3795,70.56,29.343
QM9_01610,O=C1COCC2CN2C1,9,-6.4573,-0.8327,5.6246,3.6802,72.5,29.744
QM9_01611,O=c1[nH]nn[nH]1,6,-7.1022,-0.7755,6.3266,0.3207,36.4,15.761
QM9_01612,C1OC1C1C2CCC1O2,9,-6.743,2.1388,8.8818,2.0473,74.45,28.993
QM9_01613,CCC(CO)C1CCO1,9,-6.6641,1.9021,8.5661,3.4212,81.75,36.822
QM9_01614,C#CC(CC)OC(N)=O,9,-7.2464,0.8626,8.109,2.3152,74.91,36.753
QM9_01615,CC1OCC1C#CCO,9,-6.7267,0.7048,7.4314,1.9367,81.5,34.947
QM9_01616,Nc1ncn2c1OCC2,9,-4.6287,1.0095,5.6409,4.0756,72.09,28.22
QM9_01617,COc1c(C)c[nH]c1N,9,-4.7348,1.5456,6.2804,1.1056,79.94,35.888
QM9_01618,Nc1nnc2[nH]ccn12,9,-5.2681,0.3293,5.5974,5.3138,69.05,27.159
QM9_01619,COCCC1(O)CC1C,9,-6.9008,1.9674,8.8709,1.7452,83.68,39.65
QM9_01620,COc1cccnc1,8,-6.2641,-0.5361,5.728,1.7944,70.92,25.24
QM9_01621,CC(C)n1nccc1N,9,-5.6055,1.0395,6.645,2.9813,81.89,34.87
QM9_01622,CC12CN1C1CC2C1,8,-6.1416,2.6885,8.8301,1.44,74.27,27.25
QM9_01623,COCc1[nH]nnc1O,9,-6.0573,0.0599,6.1171,4.0921,68.56,30.57
QM9_01624,C1=CC2OCC23NC3C1,9,-6.6314,0.2014,6.8328,2.1014,76.28,28.307
QM9_01625,CCC1CC1C(O)C#N,9,-7.8831,0.3646,8.2478,3.8424,80.5,36.287
QM9_01626,C#CC1CCC2C(O)C12,9,-6.8355,1.3796,8.2178,1.2238,80.03,32.751
QM9_01627,CC1=CC2CCN2C1=O,9,-6.509,-0.7211,5.7879,3.8759,79.15,29.797
QM9_01628,CC1(O)CC2COC2C1,9,-6.6124,2.0898,8.7022,0.3379,76.83,33.451
QM9_01629,C1CC23NC2CCC3O1,9,-6.4872,2.0871,8.5743,0.4572,77.5,29.338
QM9_01630,C1=CC23CC=CC2(C1)O3,9,-6.4246,0.0517,6.479,1.8607,76.22,27.55
QM9_01631,Oc1nnn2c1OCC2,9,-5.6953,0.0816,5.777,3.9209,64.16,26.043
QM9_01632,CC1CC2COC12C#N,9,-7.3688,-0.0327,7.3362,4.5307,76.37,31.114
QM9_01633,CC(C)N=C1OC2CC12,9,-6.6613,0.5333,7.1947,2.1454,82.43,33.903
QM9_01634,N#CC1CN(C=O)C=N1,9,-7.3879,-1.2844,6.1062,3.9124,70.28,27.396
QM9_01635,CCC1C2C=CCC21C,9,-6.0083,0.6367,6.645,0.2309,90.62,35.875
QM9_01636,CC1(C)C(O)C2CC21,8,-6.6777,1.9266,8.6042,1.31,74.18,32.868
QM9_01637,C1=CC2C3CCC1CC23,9,-5.9049,0.6585,6.5634,0.35,84.99,28.941
QM9_01638,CC1CCCC2OC2C1,9,-6.9117,2.1742,9.0832,2.0411,84.66,34.283
QM9_01639,N=C1NC2C1OC21CC1,9,-6.294,0.4245,6.7185,3.8697,75.03,29.51
QM9_01640,O=CC12CCC3C1CN32,9,-6.5117,-0.9578,5.5566,2.4702,75.9,28.312
QM9_01641,O=C1NC23CC(C2)C13,8,-6.7838,0.0109,6.7947,3.4223,66.44,24.15
QM9_01642,CC1C(N)C2(C#N)CN12,9,-6.6641,0.0844,6.7484,5.7764,77.66,33.191
QM9_01643,CCCN1CC1C1CN1,9,-6.0137,2.1062,8.1172,0.6827,88.12,36.389
QM9_01644,CC1C2CC1C2CC#N,9,-8.2886,1.064,9.3526,4.1704,84.19,32.391
QM9_01645,CCC1CCC(C=O)O1,9,-6.4954,-0.5524,5.943,3.0219,79.32,34.168
QM9_01646,CCC1(C)C(C)C1O,8,-6.4573,1.6681,8.1253,1.2446,78.27,37.091
QM9_01647,CC12CC3C(C#N)C1C32,9,-7.2056,0.9606,8.1661,4.4581,80.44,30.182
QM9_01648,CC1=CCOC1(C)CO,9,-6.2532,0.4952,6.7484,2.6246,80.42,36.328
QM9_01649,NC(=O)CCC#CC=O,9,-7.1076,-1.5919,5.513,5.7496,78.54,34.277
QM9_01650,OC1(c2ncco2)CC1,9,-6.2613,0.1061,6.3675,1.7664,71.51,29.426
QM9_01651,OC1CC2C1C21CCC1,9,-6.5498,2.1198,8.6695,1.6656,82.83,32.947
QM9_01652,NC(=[NH2+])C(N)C(=O)[O-],8,-5.0069,1.298,6.3049,0.7468,59.52,33.571
QM9_01653,C1C2CC3C4C2C1N34,8,-5.9457,2.2286,8.1743,1.811,69.45,22.865
QM9_01654,OC1CC2CC2C1O,8,-6.7076,1.5619,8.2695,2.6939,66.24,29.434
QM9_01655,C1CC2C1CCC21CO1,9,-6.8736,2.0082,8.8818,1.7445,81.06,31.073
QM9_01656,CC(C)C1(C)CCC1C,9,-7.3961,2.0327,9.4315,0.0912,94.94,42.167
QM9_01657,O=CNC(CO)C1CO1,9,-6.9634,0.5279,7.4913,2.218,69.02,33.269
QM9_01658,C#CC1C(O)CC2OC21,9,-6.909,1.3687,8.2804,2.7987,73.09,31.001
QM9_01659,CCC1(C)OCC(=N)O1,9,-7.2083,0.6694,7.8777,2.289,76.17,34.738
QM9_01660,CNc1n[nH]cc1C=O,9,-5.7797,-0.9742,4.8055,2.8111,76.24,30.667
QM9_01661,CC12COC(CO1)C2O,9,-6.5253,1.6028,8.1253,2.0216,70.11,31.73
QM9_01662,N#CC12CC1C1CC2C1,9,-7.2328,0.8844,8.1172,4.4739,79.99,28.117
QM9_01663,N=CNc1oncc1N,9,-5.7688,-0.2476,5.5212,5.4882,74.57,29.896
QM9_01664,C#CCC1CCOC1=N,9,-6.8954,0.6857,7.5811,3.2682,78.25,32.215
QM9_01665,CC1CC(O)C1CO,8,-6.8926,1.5755,8.4682,2.6988,70.1,33.056
QM9_01666,OCC1=CCOC2CC12,9,-6.1443,0.5823,6.7267,2.4123,77.81,32.077
QM9_01667,O=CCN1C2C3NC3C21,9,-5.7933,-0.3374,5.4559,4.949,72.76,30.01
QM9_01668,CC1=CC2NC1C2=NO,9,-5.9647,0.0027,5.9702,2.2289,78.22,31.047
QM9_01669,N=COC1CN=C(N)O1,9,-6.4328,0.3646,6.7974,2.9898,68.85,30.294
QM9_01670,CC1=CCNC(=O)NC1,9,-6.3185,0.1605,6.479,4.0901,78.07,33.258
QM9_01671,c1noc2c1CCOC2,9,-6.7539,-0.2912,6.4627,2.9093,70.15,26.174
QM9_01672,ON=C1C2COC1C2O,9,-6.4709,0.0871,6.5579,1.227,68.72,30.218
QM9_01673,C#Cc1cc(=N)cno1,9,-6.5824,-1.8449,4.7402,0.9476,82.55,27.955
QM9_01674,CC1C(C2CCO2)N1C,9,-5.8532,1.9456,7.7988,1.4883,83.26,35.473
QM9_01675,CCC1(C(C)CO)CO1,9,-6.996,1.8204,8.8165,2.7886,80.92,39.526
QM9_01676,C#CC12CC(=NO)C1O2,9,-6.7892,-0.4544,6.3375,1.7835,75.61,30.686
QM9_01677,CC1C2OCC3(C)C2N13,9,-6.1416,2.3102,8.4519,0.5577,77.8,31.808
QM9_01678,CC(=O)C1CCC(O)C1,9,-6.4763,-0.1361,6.3403,3.8113,78.67,35.164
QM9_01679,CCc1c[nH]c(C)n1,8,-5.6219,1.0476,6.6722,3.2485,75.49,30.415
QM9_01680,N=C(C=O)N(C=O)C=O,9,-7.4369,-2.9878,4.4491,4.0265,63.93,29.434
QM9_01681,O=CC1C2C=CC(O)C12,9,-6.1879,-0.3973,5.7906,4.4811,74.2,30.389
QM9_01682,CC12CC(C=C1C#N)C2,9,-6.6967,-1.2789,5.4178,4.5311,84.01,30.554
QM9_01683,N=C1OCC2CCOC12,9,-6.8736,0.4517,7.3253,4.0184,71.67,28.04
QM9_01684,CCC1CCC(O)C1C,9,-6.86,1.8613,8.7212,1.4984,87.62,39.126
QM9_01685,Cc1c(C#N)n[nH]c1O,9,-6.5198,-0.6395,5.8804,6.363,70.92,30.089
QM9_01686,O=CNCC1CCOC1,9,-6.8709,0.7102,7.5811,2.102,75.71,32.418
QM9_01687,c1[nH]nc2c1CCN2,8,-5.1674,0.8408,6.011,2.1065,67.01,24.266
QM9_01688,CC1CCC(C)C12CO2,9,-6.811,1.9211,8.7321,1.7121,84.19,35.853
QM9_01689,O=C1C(O)C2(CO)CC12,9,-6.3974,-0.5905,5.8042,1.9016,69.5,32.782
QM9_01690,N#CC1CC1(O)C(N)=O,9,-7.0233,0.0027,7.026,6.4317,66.99,32.749
QM9_01691,N#CC1C2C=CCC1N2,9,-6.7049,-0.0816,6.6233,3.1597,76.06,28.099
QM9_01692,CC(=NO)C1=CCOC1,9,-6.079,-0.8816,5.1974,1.9125,82.07,32.869
QM9_01693,CC1(O)C(=N)OC1C#N,9,-8.0029,-0.4599,7.543,2.685,67.72,31.874
QM9_01694,CC1CCC2NC12C#N,9,-7.0097,0.4735,7.4859,3.3469,80.23,31.805
QM9_01695,CC#CC1C2CN=CN12,9,-6.2477,-0.0816,6.1688,1.996,81.33,30.24
QM9_01696,N=C1OC2CCOC12,8,-7.0995,0.3347,7.4342,3.1246,61.51,24.099
QM9_01697,CC12CCN1CC2=O,8,-6.2967,-0.7429,5.5511,1.9027,68.08,28.327
QM9_01698,CCC(CO)C(O)CO,9,-6.9253,1.7361,8.6614,2.2993,78.17,40.854
QM9_01699,CC12C3CN(C31)C21CC1,9,-5.9321,2.4545,8.3865,1.7803,82.68,31.582
QM9_01700,CC(=O)OC=NCC=O,9,-6.8954,-0.9388,5.9593,3.2818,72.64,32.933
QM9_01701,O=CC12CC1CC1CN12,9,-6.5525,-0.5878,5.962,3.4428,75.79,29.483
QM9_01702,OC1CC12CCCO2,8,-6.2096,2.1715,8.3811,0.8305,67.94,29.136
QM9_01703,OC1C2OCC3CC3C12,9,-6.1579,1.9864,8.1444,2.2192,73.8,30.191
QM9_01704,O=CN1C2C=CC(O)C21,9,-6.8409,-0.585,6.2559,2.9205,70.38,29.143
QM9_01705,C#CC1OC1CC,7,-7.0668,0.5714,7.641,1.7065,63.68,27.391
QM9_01706,CC1COCC2NC12,8,-6.528,1.8531,8.3811,1.9952,70.67,28.602
QM9_01707,CC12OC3C1C(C#N)C32,9,-6.8246,0.585,7.4097,2.643,72.83,28.915
QM9_01708,C1OC1C12OC1C1NC12,9,-6.1634,1.317,7.4804,1.8204,67.78,28.172
QM9_01709,C#CC1C=CC2CC2O1,9,-6.5226,0.0898,6.6124,1.5222,80.29,30.601
QM9_01710,COCCCCC(C)C,9,-6.7892,2.2858,9.075,1.0252,94.87,42.86
QM9_01711,CCC(C)CO,6,-7.143,2.1307,9.2736,1.3482,60.09,28.743
QM9_01712,N#CC1OC2C=CC1O2,9,-7.3661,-0.6449,6.7212,3.0325,64.42,25.479
QM9_01713,N#CC12CC1C1(CN1)C2,9,-6.9988,0.3946,7.3961,3.8368,79.33,29.863
QM9_01714,CCC(C)(C)C(O)C#N,9,-8.0001,0.3565,8.3566,3.3636,82.03,40.534
QM9_01715,Cc1cc(=O)[nH]c(=N)[nH]1,9,-6.0845,-0.7538,5.3334,3.3677,76.73,30.645
QM9_01716,CC([NH3+])C1NC1C(=O)[O-],9,-6.4627,0.566,7.0287,7.0473,72.57,33.962
QM9_01717,N#CC12C=CC(C=C1)O2,9,-6.6886,-1.1728,5.5157,4.9847,68.89,26.529
QM9_01718,O=CNC1C2C3OC2C13,9,-6.4954,0.6395,7.1348,2.427,70.55,27.739
QM9_01719,CC(C)C1(C)C=CCC1,9,-6.3838,0.7483,7.1321,0.1207,93.3,39.025
QM9_01720,Cc1conc(C)c1=N,9,-6.2804,-1.2898,4.9906,0.1069,80.25,31.56
QM9_01721,CC(=O)C1NC1C#N,8,-7.045,-1.0612,5.9811,4.0977,62.99,27.952
QM9_01722,CC1OC1(C=O)C1CN1,9,-6.9008,-1.2653,5.6355,3.118,72.93,32.896
QM9_01723,CC1=CNC(=O)C=CC1,9,-5.826,-0.8327,4.9933,3.8006,82.71,31.621
QM9_01724,C1C2C3C4N5CC4(C12)C35,9,-6.0654,2.3075,8.3729,2.0379,78.12,25.888
QM9_01725,OCC12CC3C(C1)C3C2,9,-6.9307,2.0436,8.9743,1.2763,80.4,31.251
QM9_01726,CC1COC1=NCC#N,9,-7.4396,0.0925,7.5321,5.9076,76.3,31.584
QM9_01727,CCCOC1C2CC1C2,9,-6.713,2.5171,9.2301,0.9069,87.72,34.477
QM9_01728,O=C1C2CC3C1OCC23,9,-6.0845,-0.3674,5.7198,3.8473,70.81,26.038
QM9_01729,CC12CC3OC(C1)C32,8,-6.3974,2.0762,8.4736,1.8147,70.66,26.725
QM9_01730,N#Cc1cc(N)no1,8,-6.9743,-1.766,5.2083,5.2614,61.81,24.106
QM9_01731,C1=C2CN3CC23CCC1,9,-5.777,0.6585,6.4355,1.4743,86.54,30.0
QM9_01732,C[NH2+]CCC#CC(=O)[O-],9,-6.9743,-0.7483,6.226,7.1199,78.02,34.324
QM9_01733,OC12C3CC4CC3C1C42,9,-6.4192,2.03,8.4491,1.2696,76.63,28.042
QM9_01734,CC(C1CC1)C1CO1,8,-7.0233,2.4817,9.5049,1.6958,74.83,31.799
QM9_01735,CN=c1cnoc(=O)o1,9,-8.0029,-2.3456,5.6572,3.5361,67.07,27.518
QM9_01736,CC1CCOC(C#N)O1,9,-7.7661,0.4898,8.2559,3.5023,71.63,31.435
QM9_01737,[NH3+]C(CCO)C(=O)[O-],8,-6.694,0.6422,7.3362,4.6286,60.5,31.076
QM9_01738,N#CCC(=O)C#CCO,9,-7.7416,-1.9674,5.7743,7.5028,74.98,32.428
QM9_01739,C1=NC23CN(CC2O1)C3,9,-6.5307,0.068,6.5988,1.066,70.71,25.435
QM9_01740,CC12CN3C1C(CO)C32,9,-6.1824,1.883,8.0627,3.0246,79.88,32.848
QM9_01741,N#CCC#CCNC=O,9,-7.1484,0.1034,7.2518,0.6192,76.21,32.085
QM9_01742,C#CCC12NC3C1NC32,9,-6.1797,1.3225,7.5022,1.414,77.63,29.884
QM9_01743,CC1C(=O)C2OC=NC12,9,-6.6722,-1.1783,5.494,1.9733,68.41,28.192
QM9_01744,CC1=CC2OC2C2CC12,9,-6.2777,0.1959,6.4736,2.0355,80.97,30.4
QM9_01745,CC1CC(=O)C(C)CO1,9,-6.46,-0.4,6.06,1.8593,79.13,34.633
QM9_01746,O=C1CC(O)CCCO1,9,-7.0477,0.3157,7.3634,3.1067,71.63,32.15
QM9_01747,C1=CC23CC=CC2(C1)N3,9,-5.9348,0.1932,6.1307,1.5696,80.22,28.065
QM9_01748,C#CCCC1(C)CN1C,9,-6.1226,1.6218,7.7444,1.8212,89.62,38.998
QM9_01749,C#CC1N2CC1(CO)C2,9,-6.2423,0.6585,6.9008,2.9438,79.04,32.768
QM9_01750,C1OC2(CC2)C2CC12,8,-6.1906,2.3347,8.5253,1.4522,71.68,27.216
QM9_01751,C1CC23CCC12CC3,8,-5.8124,2.1633,7.9729,0.0002,77.18,28.508
QM9_01752,O=CC1CCNC1=O,8,-6.7593,-0.732,6.0273,3.9067,61.92,26.342
QM9_01753,CC(=N)NC(N)=O,7,-6.6777,0.2558,6.9335,5.6702,56.17,27.526
QM9_01754,c1cn(CC2CC2)cn1,9,-5.9539,0.9116,6.8654,4.1526,80.98,30.132
QM9_01755,N=COC1CNC(=O)C1,9,-6.7784,0.3537,7.1321,3.1659,72.16,30.655
QM9_01756,COC(C)C1C2CCN21,9,-6.1797,2.0789,8.2587,2.0862,82.08,35.314
QM9_01757,Cc1cc(=[NH2+])o[c-]1C#N,9,-5.63,-0.5524,5.0776,6.2051,80.18,31.229
QM9_01758,N#CC12CCN1C2CO,9,-7.1811,-0.2286,6.9525,4.3737,74.06,31.339
QM9_01759,O=CC(=O)NCC1CN1,9,-6.8899,-2.1579,4.7321,1.9793,72.02,31.843
QM9_01760,OC1COC12CC=CC2,9,-6.4382,0.8653,7.3035,2.3095,76.12,31.717
QM9_01761,NC(=O)C1OCCC1=O,9,-6.6722,-1.2027,5.4722,2.2337,65.52,30.43
QM9_01762,C1OC2COC3CC23O1,9,-6.5579,2.3021,8.86,0.249,66.83,27.142
QM9_01763,O=CC1CNC(=O)C1O,9,-7.0042,-0.9633,6.0409,2.0426,65.89,30.559
QM9_01764,CCC(=O)C1CCN1C,9,-5.4396,-0.3918,5.0477,1.9266,83.45,36.532
QM9_01765,CCC(C)OC(C)C#N,9,-7.5675,0.6014,8.1689,3.329,83.54,39.354
QM9_01766,C#CC1(C#N)CC2CC21,9,-7.6001,0.2721,7.875,4.0487,78.69,31.064
QM9_01767,Cc1ccn(C2CC2)c1,9,-5.3334,1.2817,6.6151,1.8261,88.19,32.983
QM9_01768,CC12OC3CC1C=CC32,9,-6.2668,0.2694,6.5362,1.4433,78.15,28.935
QM9_01769,CC12COCCCC1O2,9,-6.713,2.1715,8.8845,1.4458,77.73,33.09
QM9_01770,CC(=N)OCC(C)C=O,9,-6.8409,-0.7129,6.128,3.6322,78.29,36.798
QM9_01771,CC(OC=O)C1OC1C,9,-7.5267,0.1088,7.6382,2.6035,73.47,35.002
QM9_01772,CC1CC2C1C2(C)CO,9,-6.7348,2.0545,8.7893,1.3528,86.57,37.567
QM9_01773,CC12C3COC1C2CO3,9,-6.4001,2.4245,8.8247,1.8867,73.48,29.27
QM9_01774,O=C1CC=C2CCCC12,9,-6.4328,-0.3184,6.1144,2.7773,81.51,29.803
QM9_01775,OC12C3=CC4C1N4C2C3,9,-5.8504,-1.0041,4.8463,1.212,73.68,27.064
QM9_01776,CN=C(NC=O)C(C)C,9,-6.7566,-0.566,6.1906,1.7838,85.08,37.892
QM9_01777,CC(C)C(C)CCC#N,9,-8.3974,1.0612,9.4587,4.2987,90.61,40.54
QM9_01778,N#CC1(N)CCC2OC21,9,-7.3389,0.517,7.8532,1.3937,71.36,30.773
QM9_01779,CCCC(O)C(C)CC,9,-7.0586,2.0055,9.0641,1.2794,93.32,44.083
QM9_01780,CCCOC12CCC1C2,9,-6.5253,2.5034,9.0287,0.7761,87.29,36.069
QM9_01781,C#CC1CN(C=O)C1=O,9,-7.0396,-1.2463,5.7933,5.3122,71.99,29.835
QM9_01782,Oc1nc(O)nc(O)n1,9,-7.6872,-0.4544,7.2328,2.7396,58.66,25.508
QM9_01783,C1OC2CC1C1CC21,8,-6.5634,2.3728,8.9362,1.6248,69.26,24.544
QM9_01784,CCc1cnn[nH]c1=N,9,-6.343,-1.8259,4.5171,1.067,80.06,30.451
QM9_01785,CCC1C2OC3C2C13O,9,-5.9647,1.8477,7.8124,0.7932,73.86,32.375
QM9_01786,CC1OC(=N)C(O)C1O,9,-7.2328,0.166,7.3988,0.819,68.73,33.412
QM9_01787,C1CCC(C2CCO2)C1,9,-6.4954,2.1878,8.6832,1.5792,85.34,32.887
QM9_01788,CC12C(=O)C3C4C(C31)N42,9,-6.3239,-0.5959,5.728,3.0256,71.13,27.379
QM9_01789,N=c1[nH]c(=O)nno1,8,-7.7906,-3.1021,4.6885,1.3691,54.21,23.285
QM9_01790,O=C1NCC23CCC12C3,9,-6.2287,0.7293,6.958,3.7491,75.15,29.028
QM9_01791,CCOC(C)(CC)CO,9,-6.7539,1.9864,8.7376,2.138,85.35,42.51
QM9_01792,N#CC1CC2CN3C1C23,9,-6.6369,0.8599,7.4967,4.7087,74.11,27.084
QM9_01793,O=C1CC2C3C4C1C4N23,9,-6.177,-0.4789,5.6953,2.3659,71.18,25.905
QM9_01794,CCOC(C)C1CC1O,9,-6.0219,2.0164,8.041,2.7681,82.83,38.738
QM9_01795,COC(C)C#CC=O,8,-7.2546,-1.6681,5.5838,3.8917,73.95,31.687
QM9_01796,CC(=O)Nc1conn1,9,-6.6994,-1.1429,5.5566,3.7378,66.09,28.534
QM9_01797,CCC(O)C(=O)COC,9,-6.7865,-1.0912,5.6953,2.0751,76.33,38.054
QM9_01798,CC12COC3C(CO1)C32,9,-6.3974,2.2939,8.6913,1.762,73.17,29.418
QM9_01799,N#CCNC1CC1CO,9,-6.6695,0.3918,7.0614,4.4591,77.16,34.386
QM9_01800,C#CC(=O)C1CCC1C,9,-7.026,-1.551,5.4749,2.8193,82.78,34.54
QM9_01801,COC1C(=O)N2CCC12,9,-6.294,-0.2993,5.9947,2.5567,72.52,30.421
QM9_01802,N=COC(=O)C(=O)C=O,9,-7.2301,-3.7116,3.5184,3.9602,60.11,29.125
QM9_01803,CCCOC(C=O)CC,9,-6.577,-0.7701,5.8069,2.1795,84.2,39.473
QM9_01804,CCOC12CC1C1CC12,9,-5.6572,2.3701,8.0274,0.8013,82.85,33.94
QM9_01805,CN=COCC1(C)CN1,9,-6.3158,0.5252,6.8437,1.9484,82.18,36.368
QM9_01806,CC1CC12OC1CCC12,9,-5.9947,2.0844,8.0763,1.5322,82.52,32.891
QM9_01807,O=CCCCC(=O)C=O,9,-6.8845,-2.7919,4.0926,1.9942,71.13,33.432
QM9_01808,C1CC2CC(C1)C1CC21,9,-6.8709,2.0517,8.9226,0.1719,86.19,30.593
QM9_01809,C#Cc1cc(NC)c[nH]1,9,-4.8219,0.1252,4.947,1.6698,90.54,33.712
QM9_01810,C#CC(C)NC(=O)C=O,9,-6.928,-2.1796,4.7484,1.9545,73.78,34.194
QM9_01811,Cc1cc[nH]c1C1CN1,9,-5.4749,1.034,6.509,0.836,83.04,32.23
QM9_01812,C1=CCC2OCC2C=C1,9,-6.0164,-0.683,5.3334,1.4747,82.13,29.216
QM9_01813,CN(C)c1cnc(O)o1,9,-5.9375,0.6721,6.6096,0.9843,72.01,31.827
QM9_01814,CNc1cncc(O)c1,9,-5.4423,-0.2014,5.2409,2.2129,81.53,31.547
QM9_01815,CC1(C)CC2C(C#N)C21,9,-7.6791,0.8245,8.5036,4.1801,83.02,34.06
QM9_01816,C#CC1C(C)C1CCC,9,-6.46,1.3633,7.8233,0.7711,92.34,39.529
QM9_01817,O=c1occnc1F,8,-7.1022,-2.2939,4.8083,3.7232,52.48,21.399
QM9_01818,CC(C)C1OC1C(C)O,9,-7.0858,2.2613,9.3471,1.7104,82.37,39.396
QM9_01819,CC1CC23CC4C2C1C43,9,-7.1865,2.5497,9.7362,0.2377,86.43,29.804
QM9_01820,CCNC(=O)C1(C)CC1,9,-6.509,0.9796,7.4913,3.3459,84.67,37.834
QM9_01821,C#CC(=NO)C(C)OC,9,-6.6777,-1.0422,5.6382,0.8164,79.64,37.263
QM9_01822,O=CC1N2CC2C12CC2,9,-6.4219,-0.8191,5.6028,3.274,76.2,30.594
QM9_01823,CC1(C)C(O)CC2CC21,9,-7.026,1.9701,8.9988,1.4048,84.23,36.799
QM9_01824,CC1C2C3C4C1C4(C)N23,9,-5.943,2.2286,8.1716,1.6731,81.15,31.052
QM9_01825,O=C1C2CC2CC12CN2,9,-6.7103,-0.5796,6.1307,2.9596,76.24,29.272
QM9_01826,O=C1C(O)CC1C1CO1,9,-6.8818,-0.9578,5.9239,0.7201,69.51,31.663
QM9_01827,CC1=CCOC(=N)C1=O,9,-6.9416,-2.0327,4.9089,5.4689,76.01,30.274
QM9_01828,CC12CC(CC1O)C2=O,9,-6.3511,-0.0735,6.2777,2.901,75.17,32.711
QM9_01829,C#CCCc1nn[nH]n1,9,-7.2409,-0.8218,6.4192,2.1634,72.74,29.022
QM9_01830,CCC1CC=CC2CC21,9,-6.0056,0.7048,6.7103,0.3798,90.55,34.529
QM9_01831,CC(=O)OC(C)(C)C,8,-7.0423,0.5415,7.5838,1.8529,71.84,36.077
QM9_01832,CC1COc2oncc21,9,-6.0001,0.1524,6.1498,4.5992,70.12,27.547
QM9_01833,COC1C2CCC1C2=O,9,-6.3049,-0.3129,5.9919,2.8331,75.27,30.885
QM9_01834,Nc1cc(N2CC2)n[nH]1,9,-5.3579,1.1864,6.5443,2.7702,77.07,31.126
QM9_01835,CC12CC3OC1C1C3N12,9,-6.4382,2.381,8.8192,0.3668,72.38,26.912
QM9_01836,CC12C3N=C4NC1C4C32,9,-5.66,-1.2436,4.4164,3.7071,76.39,27.636
QM9_01837,CC1COC(C)C12CO2,9,-6.7049,2.0272,8.7321,1.556,77.71,34.335
QM9_01838,N=C1CC(=O)C(CO)O1,9,-7.1947,-1.3497,5.845,0.6309,66.91,30.784
QM9_01839,CC1(OC=N)C2COC21,9,-6.675,0.4708,7.1457,3.4481,74.21,32.053
QM9_01840,c1nc(NC2CC2)c[nH]1,9,-4.9008,1.1102,6.011,2.7425,79.0,30.665
QM9_01841,CCC1(CC)CCO1,8,-6.5253,2.1796,8.7049,1.4918,77.45,34.331
QM9_01842,C#CC(C)N1C(C)C1C,9,-5.9457,1.4395,7.3879,1.5139,88.72,39.59
QM9_01843,CC1=CC(C)N=COC1,9,-6.2722,0.0408,6.313,2.2567,82.2,33.719
QM9_01844,CC12CC(O)C1C2CO,9,-6.411,1.6789,8.0899,3.4375,78.77,35.7
QM9_01845,COCC1CC2(CO2)C1,9,-6.958,2.1116,9.0723,1.792,80.75,34.384
QM9_01846,N=C1OC2CN3C1C23,8,-6.7974,0.1578,6.9552,3.0154,62.06,22.304
QM9_01847,CC(O)c1cn[nH]c1O,9,-5.7443,1.0504,6.7947,2.0127,70.1,31.895
QM9_01848,CC12CN=COC1C2,8,-6.5715,0.7728,7.3416,2.087,67.99,27.331
QM9_01849,CCC(C)CN1CC1,8,-6.2368,2.3647,8.6015,0.9643,82.82,35.46
QM9_01850,CC1CC(C#N)C12CO2,9,-7.4831,0.6204,8.1036,3.9347,76.45,32.185
QM9_01851,O=CCOC12CCC1C2,9,-6.8654,-0.7755,6.0899,2.6848,76.99,32.448
QM9_01852,CCc1[nH]nnc1N,8,-5.6845,0.1742,5.8559,4.2201,67.39,28.784
QM9_01853,CC1=NCC(O)CO1,8,-6.5743,0.8163,7.3906,2.3441,66.07,29.388
QM9_01854,O=C1NCC2(CC2)N1,8,-6.3022,1.6708,7.9702,3.9575,65.38,27.151
QM9_01855,C#CC12CC1CC1CN12,9,-6.3865,1.2327,7.6192,2.0941,82.07,30.839
QM9_01856,CC1C2N=COCC12C,9,-6.1933,0.6123,6.8083,2.1482,79.19,32.956
QM9_01857,CC1(O)C(O)C2(C)CC12,9,-6.6967,1.7306,8.4274,1.8844,78.43,37.35
QM9_01858,CN1C2C3CCOC2C31,9,-5.7416,2.3375,8.0818,0.6156,79.3,30.062
QM9_01859,COC(C)C(O)CC=O,9,-6.4954,-0.4,6.0954,4.3559,76.68,38.391
QM9_01860,CC1(C)OCCC1=O,8,-6.4899,-0.6068,5.8804,1.6432,67.38,30.884
QM9_01861,CN=C(N)NC(C)=O,8,-5.9838,-0.0299,5.9539,0.8311,70.67,32.686
QM9_01862,O=CN1C2COC(=O)C21,9,-7.2627,-0.7238,6.5362,6.0163,62.54,26.314
QM9_01863,c1onc2c1OCO2,8,-6.46,-0.1932,6.2668,3.5441,52.15,20.563
QM9_01864,CC12OC3C4C1C4C32C,9,-6.4926,2.3892,8.8818,1.6782,77.55,30.903
QM9_01865,N#CC1(C=O)CC2CC21,9,-7.2192,-1.366,5.8532,3.2114,73.26,29.842
QM9_01866,C#CC(C)(C#N)CC#N,9,-8.2614,-0.3211,7.9403,5.5734,75.44,33.885
QM9_01867,C#CC(C)CC(C)OC,9,-6.7593,1.6082,8.3675,1.7637,89.14,41.14
QM9_01868,CCCC12CC(C1)C2O,9,-6.7076,2.0272,8.7321,1.4893,86.33,36.253
QM9_01869,CC12C(=O)C3CN1C32C,9,-6.2532,-0.0544,6.196,2.5642,76.63,31.726
QM9_01870,CN=c1cnoc(N)c1,9,-5.6273,-1.3143,4.313,2.3579,82.52,31.574
QM9_01871,CN1C2C3C=CC2(O)C31,9,-5.4532,-0.1252,5.328,1.9189,76.49,31.105
QM9_01872,C1OC2COC1C1OC21,9,-6.8273,2.0,8.8274,1.485,65.47,26.118
QM9_01873,CC1OC1C(C)(C)CO,9,-6.9552,1.8449,8.8029,2.7786,81.88,40.278
QM9_01874,Cc1nc(C=O)no1,8,-7.4831,-2.2531,5.23,4.4832,58.11,24.13
QM9_01875,CC(OC=N)C(F)(F)F,9,-7.5103,0.3701,7.8804,3.1873,57.13,32.021
QM9_01876,CC12OCCC1C1OC12,9,-6.2722,2.1415,8.4138,2.1626,73.43,30.245
QM9_01877,CN=CNC(=O)N1CC1,9,-6.6178,-0.1197,6.4981,2.2736,82.17,33.036
QM9_01878,C#CC(C)(C=O)C=O,8,-6.9933,-1.347,5.6464,3.2417,64.79,30.916
QM9_01879,CC1OCC2(CO)OC12,9,-6.9443,1.9021,8.8464,2.0741,71.44,32.835
QM9_01880,COCCC(O)COC,9,-6.7756,2.1307,8.9063,1.9608,80.79,39.233
QM9_01881,O=CC1C2CC(C2)C1O,9,-6.9852,-1.0068,5.9783,3.034,74.68,30.213
QM9_01882,CC(C#N)C1CCCC1,9,-8.4383,1.0231,9.4614,4.0556,85.84,34.934
QM9_01883,CCC#CC1OCC1=O,9,-6.6396,-0.9714,5.6681,1.2735,80.59,32.734
QM9_01884,CCCC1CCC1,7,-7.7144,2.4354,10.1498,0.097,75.09,30.042
QM9_01885,COC1C=CC(=O)CC1,9,-6.5062,-1.4095,5.0967,3.6908,80.19,32.266
QM9_01886,C#CC1CC(=O)C=CN1,9,-6.0518,-0.8953,5.1566,4.9561,79.81,30.916
QM9_01887,N#CC1(O)CNC1=N,8,-7.0967,-0.2531,6.8437,5.3542,60.48,27.553
QM9_01888,N#CC1(N)COC1=O,8,-7.4614,-0.966,6.4981,3.869,55.05,25.941
QM9_01889,CCC1(CO)C2COC21,9,-6.3729,1.8531,8.226,1.8712,78.15,35.178
QM9_01890,CCNc1ncoc1N,9,-5.0994,0.4027,5.5021,2.0144,76.78,32.887
QM9_01891,CCOC1CCNC1=O,9,-6.1471,0.6585,6.8056,2.8062,76.65,33.556
QM9_01892,C#CC1(CC)NC1(C)C,9,-6.313,1.0449,7.358,1.1767,89.91,40.221
QM9_01893,N#CC1N=COC12CC2,9,-7.2328,-0.2068,7.026,4.2393,69.4,27.962
QM9_01894,CC1(OC=O)CC1C=O,9,-7.1838,-1.0395,6.1443,3.6253,71.68,33.146
QM9_01895,CCC(CNC=O)OC,9,-6.6886,1.0204,7.7063,4.046,81.15,38.265
QM9_01896,C#CC1OC(=O)C2CC12,9,-7.3144,0.0871,7.4015,4.4359,70.91,28.702
QM9_01897,CC1C2NC2C1(C)C=O,9,-6.4818,-0.6694,5.8124,2.0377,79.13,34.436
QM9_01898,COCC1C(C)C1(C)C,9,-6.713,2.1687,8.8845,0.9565,91.03,41.404
QM9_01899,CC1(C2CO2)CCO1,8,-6.6069,2.1279,8.7349,2.4049,66.96,29.501
QM9_01900,CCCC#N,5,-8.6668,0.9932,9.66,4.0641,46.62,19.863
QM9_01901,C#CC1(C)OCC1(C)C,9,-6.7403,0.7238,7.4641,1.8597,84.18,38.48
QM9_01902,C1CC1C1C2C3CC3N12,9,-5.7498,1.7062,7.4559,1.5513,81.8,30.955
QM9_01903,n1nc2nn[nH]c2[nH]1,8,-7.2491,-1.3089,5.9402,6.5394,53.85,19.907
QM9_01904,CC12CC3COCC1N32,9,-6.177,2.3157,8.4954,0.8179,78.26,30.442
QM9_01905,O=CC1N=COC2CC12,9,-6.5661,-0.7075,5.8613,2.1303,68.79,28.071
QM9_01906,CCC1OCC1CO,8,-6.5335,1.8994,8.4328,2.1622,71.38,32.551
QM9_01907,CC(=O)NC(C#N)CN,9,-6.9226,0.1497,7.0722,5.0843,74.32,35.957
QM9_01908,N=C1OCC1CC1CN1,9,-6.2831,0.5197,6.8028,3.3794,76.66,31.23
QM9_01909,CC1=CC(C(C)O)OC1,9,-6.0899,0.6177,6.7076,1.1542,82.31,36.347
QM9_01910,CC(=O)C(=N)N(C)C,8,-6.2341,-1.0014,5.2327,3.3427,71.28,33.522
QM9_01911,N#CC(N)C1COCO1,9,-7.0967,0.5442,7.641,3.9346,67.41,30.967
QM9_01912,N#Cc1c(N)c[nH]c1O,9,-5.2191,0.3157,5.5348,4.7651,71.76,31.45
QM9_01913,C#CC12C3C4N3C1C42C,9,-5.6899,0.6041,6.294,1.7997,80.46,30.18
QM9_01914,CC(O)C1(C(C)O)CC1,9,-7.1267,1.8286,8.9553,0.6317,81.02,40.528
QM9_01915,N=COCc1cn[nH]c1,9,-6.7539,0.2776,7.0341,1.4283,72.12,28.89
QM9_01916,CC1CCC=CCO1,8,-6.5443,0.6041,7.1484,1.1674,77.06,30.607
QM9_01917,N=C1NC2(COC2)C1O,9,-6.7403,0.5007,7.2409,2.6294,70.41,31.391
QM9_01918,C1OC2C1C1CC3C1C32,9,-6.5062,2.2422,8.7485,1.921,76.51,26.646
QM9_01919,O=CC1CCC2(CO2)C1,9,-6.8246,-0.6286,6.196,2.5353,76.64,31.451
QM9_01920,N#CC12CC(N1)C1OC12,9,-7.0369,-0.019,7.0178,4.8954,69.04,26.271
QM9_01921,CC(=O)C1CC1(C)C#N,9,-7.1675,-1.083,6.0845,2.546,78.78,34.588
QM9_01922,CC1CCCC(C)(C)O1,9,-6.509,2.1579,8.6668,1.1166,88.94,39.007
QM9_01923,CN1C2COC(=O)CC21,9,-6.3947,0.264,6.6586,3.2364,71.8,30.497
QM9_01924,CC12CC(O1)C2C(N)=O,9,-6.4192,0.6395,7.0559,2.8882,72.95,32.545
QM9_01925,CCC1OC2CC1C2O,9,-6.2396,1.883,8.1226,0.7913,78.29,33.504
QM9_01926,COC(=O)C#CC#N,8,-8.2206,-2.6205,5.6001,4.3662,68.18,26.29
QM9_01927,NC1=CC(=O)CC1,7,-5.8695,-0.2177,5.6545,5.9497,63.01,24.681
QM9_01928,O=CN1C2CC(=O)C1C2,9,-6.577,-0.751,5.826,4.6058,71.17,27.801
QM9_01929,O=C1CC2(CCN1)CO2,9,-6.5362,0.8027,7.3416,3.9729,72.35,30.352
QM9_01930,Cc1nc(CO)n[nH]1,8,-6.8518,0.1878,7.0423,4.5843,62.99,27.493
QM9_01931,CC#Cc1c[nH]c(=N)o1,9,-5.143,-0.3102,4.8327,3.5847,87.02,31.221
QM9_01932,CC1OC(CO)C1C,8,-6.6287,1.9048,8.5335,2.7841,70.48,32.966
QM9_01933,C1C2C3N2CC1C31CC1,9,-6.3266,2.6395,8.9662,1.6837,81.06,28.445
QM9_01934,CN=c1nnonc1F,9,-7.3607,-2.7402,4.6205,2.3567,66.09,27.613
QM9_01935,CC1(C)C2C3CN2C31,8,-6.1743,2.2667,8.4383,1.598,75.64,29.024
QM9_01936,Oc1cnnn1C1CC1,9,-6.3239,0.2884,6.6151,4.32,71.77,29.187
QM9_01937,N=C1OC2CC1(CO)C2,9,-6.9852,0.5279,7.5131,3.2466,72.56,29.796
QM9_01938,CNc1ccc[nH]1,7,-5.0532,1.4395,6.4926,1.4034,63.67,25.007
QM9_01939,CNc1nc(C)oc1C,9,-4.9253,0.5497,5.4777,1.4252,81.84,34.671
QM9_01940,C#CC1C2CC(C)(C)N12,9,-6.1906,0.7919,6.9824,1.3801,85.54,35.587
QM9_01941,COC1C2CC3C(O2)C31,9,-6.1579,2.3048,8.4627,0.778,73.35,28.941
QM9_01942,CC1C2CC(C(N)=O)N12,9,-6.3457,0.9687,7.3144,3.3113,75.86,33.173
QM9_01943,OCC1(CC2CC2)CO1,9,-7.0015,2.2966,9.2981,1.8517,78.38,35.154
QM9_01944,CCC(O)C1CCC1,8,-6.9525,1.9511,8.9008,1.4584,78.51,34.417
QM9_01945,CC(C)(C)C1CCOC1,9,-6.6695,1.8667,8.5362,1.5514,87.52,38.702
QM9_01946,C#CC1(OC(C)=N)CC1,9,-6.596,0.7538,7.3498,1.4417,79.68,35.342
QM9_01947,N#Cc1cncc(N)c1,9,-6.4246,-1.5864,4.8382,5.4961,80.57,28.23
QM9_01948,C1COCCOCCO1,9,-6.4654,2.0463,8.509,2.8958,76.1,32.637
QM9_01949,N=C1OC(C=O)CC1O,9,-7.2927,-1.3497,5.943,2.1861,66.25,30.419
QM9_01950,CC1Cn2nnc(O)c21,9,-6.0219,0.2014,6.2232,3.964,72.48,28.897
QM9_01951,CC1C2(C)CC1(O)C2O,9,-6.6668,1.9402,8.607,1.6368,78.98,37.439
QM9_01952,C#CC1NC(C)C1=NO,9,-6.509,-0.1088,6.4028,1.2697,78.74,34.562
QM9_01953,C#CCOCC(C)C#N,9,-7.4042,0.4299,7.8314,3.5016,79.82,35.714
QM9_01954,CCC(=O)C1OCC1O,9,-6.6341,-0.7238,5.913,1.3796,71.63,34.131
QM9_01955,Cc1cc(C=O)cn1C,9,-5.9049,-0.5687,5.3362,6.0756,85.23,32.586
QM9_01956,CC12C3CN1CC2C3O,9,-5.6328,1.8885,7.5212,1.6173,78.28,31.831
QM9_01957,O=Cc1cnccc1F,9,-7.0995,-2.1606,4.9389,3.2381,69.46,25.73
QM9_01958,N#CC1CCCC1C=O,9,-7.0559,-0.9551,6.1008,4.1426,75.88,31.127
QM9_01959,O=C(CCO)CCCO,9,-6.694,-0.2912,6.4056,2.4088,76.42,38.567
QM9_01960,O=C1NC2CCCC1C2,9,-6.3321,0.9143,7.2464,3.7323,77.15,29.635
QM9_01961,Nc1nnc2[nH]ncn12,9,-5.7144,-0.4163,5.2981,3.7004,65.07,25.866
QM9_01962,CC(C)C1OC(C)C1O,9,-6.7348,1.4177,8.1525,0.3876,81.87,38.964
QM9_01963,NC(=O)OCCN1CC1,9,-6.4164,1.5701,7.9893,3.3195,73.1,34.286
QM9_01964,C#CCCCCOC,8,-6.9062,1.5184,8.4246,1.034,78.96,34.821
QM9_01965,CC1=CC2CC1C2(C)O,9,-6.1362,0.3211,6.4573,1.4684,83.95,34.618
QM9_01966,CC1C2C(C=O)CN12,8,-6.5879,-0.7483,5.8396,2.4009,69.24,28.218
QM9_01967,O=C1CNCCNC1,8,-5.7797,-0.498,5.2817,2.4491,68.46,28.817
QM9_01968,CC1(C=O)COC1C#N,9,-7.611,-1.3796,6.2314,4.3877,69.51,31.427
QM9_01969,CC1(O)C(=N)NCC1=O,9,-6.6396,-0.9442,5.6953,4.6516,70.16,33.26
QM9_01970,OC12C=CC3CC1CC32,9,-6.3022,0.449,6.7511,1.4355,78.27,29.154
QM9_01971,O=C1CCC12CC=CC2,9,-6.4382,-0.5061,5.9321,2.5502,80.51,30.822
QM9_01972,OCC1C2CCC1C2O,9,-6.6124,1.7851,8.3974,2.5449,77.66,33.774
QM9_01973,OC1CC2C3CCC12O3,9,-6.3702,1.5402,7.9076,2.4252,75.69,30.631
QM9_01974,N#CC(O)C12CCC1C2,9,-7.3933,0.3483,7.7416,3.5434,75.67,32.122
QM9_01975,NC(=O)CN1C2CC1C2,9,-6.2015,1.1429,7.3444,3.9727,77.26,31.916
QM9_01976,CN1CC=CCC1C#N,9,-6.3702,0.3755,6.7457,3.3179,80.55,32.133
QM9_01977,C#CC1(CO)CC(=O)N1,9,-7.0614,0.2993,7.358,1.9021,71.84,33.445
QM9_01978,CC12CN3C(CO1)C32,8,-6.2777,2.381,8.6587,0.7078,66.46,26.131
QM9_01979,C1=C2CCC2CC12CC2,9,-5.6953,0.6068,6.3049,0.4787,91.5,31.612
QM9_01980,OC12C=CC=CCC1C2,9,-5.6681,-0.6286,5.0395,1.1357,83.29,31.948
QM9_01981,N#CCC1C2OC1C2O,9,-7.3688,0.6884,8.0573,3.0871,69.01,29.474
QM9_01982,O=CNCC1CN1,7,-6.8301,0.7238,7.5539,2.6756,59.32,25.336
QM9_01983,CNc1cn(C=O)cn1,9,-5.4368,-1.151,4.2858,3.5737,77.31,30.316
QM9_01984,OCC12C=CC(C=C1)O2,9,-6.1144,-0.615,5.4994,2.3553,70.59,29.574
QM9_01985,CC1CCCC=C1C#N,9,-7.0178,-0.9334,6.0872,4.6066,87.52,33.015
QM9_01986,CCC1CC2OC1C2C,9,-6.5498,2.4517,9.0042,1.6756,85.03,34.728
QM9_01987,CC1CCN(C)C(=O)O1,9,-6.479,1.532,8.011,4.9346,76.99,33.458
QM9_01988,OC1(C2CN2)C2CCC21,9,-6.3566,1.5538,7.9103,2.4272,79.2,32.623
QM9_01989,CC1=NC(CC#N)CO1,9,-7.0695,0.302,7.3743,4.9869,74.49,30.926
QM9_01990,O=C1CC2CC(O)CC12,9,-6.294,-0.3157,5.9783,2.968,74.6,31.056
QM9_01991,OC1COCC2COC12,9,-6.5117,1.5647,8.0763,1.5713,70.64,30.369
QM9_01992,CC1CC(C)(CC=O)O1,9,-6.5906,-0.5551,6.0355,3.6329,79.45,36.356
QM9_01993,CCC12C(C)CC1C2C,9,-6.4763,2.1143,8.5934,0.2231,92.89,39.06
QM9_01994,CC1(CO)C=CCC1,8,-6.4736,0.4381,6.909,1.6035,75.71,32.219
QM9_01995,CC1(C#N)CN=COC1,9,-7.1947,0.2068,7.4015,4.3915,72.2,30.708
QM9_01996,CN1CC1CC=O,7,-6.3239,-0.6748,5.6491,2.3417,61.64,27.013
QM9_01997,CC1CC(C(=O)CO)C1,9,-7.1131,-0.6531,6.46,3.036,80.03,35.559
QM9_01998,CCOC1(C)C2COC21,9,-6.1144,2.0,8.1117,1.4102,78.92,35.059
QM9_01999,C1=Cc2cncn2C1,8,-5.5294,-0.5796,4.9525,3.875,70.57,22.074
QM9_02000,CCC1NC1C(O)C#N,9,-7.2546,0.2531,7.5076,4.3062,77.17,35.435
QM9_02001,C#CC1(C(C)=O)CO1,8,-6.9117,-0.8599,6.0518,1.9352,64.39,29.727
QM9_02002,CC12CC(C)(O1)C2(C)C,9,-6.1661,2.2068,8.3729,1.6498,86.27,39.24
QM9_02003,C#CC1C(CC#N)N1C,9,-6.5879,0.332,6.9199,3.809,79.46,33.89
QM9_02004,C#CC1C(O)C1C1CC1,9,-6.4818,1.0395,7.5212,1.042,82.61,35.118
QM9_02005,CC12CC(O)C1C1OC12,9,-6.6477,1.7551,8.4002,2.8738,73.64,31.65
QM9_02006,OC1C2C=CC1CCC2,9,-6.4872,0.4708,6.958,1.6434,80.98,31.224
QM9_02007,CC12CC(CC1C#N)C2,9,-8.1743,0.9225,9.0968,4.1098,82.58,31.764
QM9_02008,N#CC1CCC(C#N)O1,9,-8.4655,-0.3157,8.1498,2.4851,69.29,28.684
QM9_02009,CC12C(O)C3(O)C1CC23,9,-6.7185,1.7089,8.4274,2.6023,75.38,33.777
QM9_02010,Cc1cnc(F)c(=O)o1,9,-6.811,-2.1143,4.694,4.3732,65.93,27.425
QM9_02011,O=C([O-])C[NH2+]CCO,8,-6.6777,0.6422,7.3199,5.8594,61.5,30.669
QM9_02012,C1=C2CCC2COC1,8,-6.3539,0.6204,6.9743,1.4368,74.67,26.597
QM9_02013,CC12CC3OC1(C#N)C32,9,-6.8192,-0.1442,6.6777,4.9126,74.13,29.191
QM9_02014,COCC1CC=CC1C,9,-6.3076,0.7837,7.0913,0.8905,87.59,36.094
QM9_02015,CN=c1occnc1F,9,-6.2913,-1.7116,4.5824,3.3991,71.03,28.029
QM9_02016,CC1(C)COCC(=O)O1,9,-6.8491,0.3129,7.1648,3.7428,71.99,33.459
QM9_02017,O=CC(O)C#CC1CO1,9,-7.2328,-1.3551,5.8777,1.1455,73.47,31.505
QM9_02018,[NH3+]CCC1NC1C(=O)[O-],9,-6.5607,0.5959,7.1566,6.5206,72.43,32.858
QM9_02019,N#CC12COC3CC1C32,9,-7.1457,0.5442,7.6899,3.7103,72.73,26.872
QM9_02020,CC(C)C1=CCOC1,8,-6.0981,0.6803,6.7784,1.8727,77.57,31.696
QM9_02021,CN1C2CC13CCOC23,9,-5.5021,2.2014,7.7063,1.3213,79.26,30.624
QM9_02022,C#CC1OC2(CC2)C1=O,9,-6.792,-1.0395,5.7525,1.2739,74.72,30.885
QM9_02023,OC1CCC2OC1C2O,9,-6.3511,1.2463,7.5974,2.5001,69.16,31.132
QM9_02024,COC12C3CC1C2(C)O3,9,-6.1988,2.3021,8.5008,2.2787,75.79,32.363
QM9_02025,CC1C2OCC(C=O)C12,9,-6.5498,-0.6694,5.8804,3.072,74.42,31.517
QM9_02026,N=C1OCC=CCO1,8,-6.9743,-0.6068,6.3647,4.3402,64.12,25.913
QM9_02027,CC(=O)C1COC2CC21,9,-6.3675,-0.4354,5.9321,2.9688,74.72,31.737
QM9_02028,COCCNC(C)=O,8,-6.509,1.0667,7.5756,3.5852,70.77,33.514
QM9_02029,CNC(C)(C#N)C(N)=O,9,-7.0097,0.2558,7.2654,6.0073,72.88,36.566
QM9_02030,COc1cnc(C=O)[nH]1,9,-5.9811,-1.3388,4.6395,7.414,76.87,29.349
QM9_02031,C1OC23CC4OC2C4C13,9,-6.1307,1.9456,8.0791,2.3067,70.11,25.604
QM9_02032,CC(C)(O)CCC=O,8,-6.7267,-0.4599,6.2668,3.1944,72.79,35.778
QM9_02033,OC12CC3OC(C1)C3C2,9,-6.5389,1.8585,8.3947,0.3956,72.75,28.771
QM9_02034,C#CC#CCCCOC,9,-6.5579,-0.2585,6.2994,1.9514,96.18,37.018
QM9_02035,CC1C2C3C(=O)N1C32C,9,-6.4981,0.1415,6.6423,4.292,76.04,31.279
QM9_02036,OC1(C2CC2)C2CC1O2,9,-6.4192,1.5592,7.9784,1.6733,75.9,31.897
QM9_02037,COCC12CC1(C)CO2,9,-6.1389,1.8613,8.0001,1.4613,80.02,35.341
QM9_02038,CC(C)(C)C1CC=CC1,9,-6.343,0.8789,7.2219,0.1415,92.83,38.875
QM9_02039,C#CCOCC1CN1,8,-6.743,0.781,7.5267,2.6116,72.17,30.611
QM9_02040,CC#CC(C#N)N1CC1,9,-7.0124,0.1197,7.1321,5.0958,81.45,33.465
QM9_02041,CC1NC12C(O)C1OC12,9,-6.5307,1.981,8.5117,0.5396,71.64,31.994
QM9_02042,C#CC12C3CC1N(C)C32,9,-5.8695,0.9306,6.8001,1.2635,85.46,31.443
QM9_02043,O=C1NCCOCC1O,9,-6.5144,0.3619,6.8736,2.0478,68.59,31.753
QM9_02044,CC1C=C(C=O)C(O)C1,9,-6.9171,-1.7878,5.1321,3.6803,81.16,33.174
QM9_02045,C1=Nc2cnoc2CO1,9,-6.313,-0.9361,5.377,2.4791,65.18,23.618
QM9_02046,CC12CC1(O)C(=O)O2,8,-7.1185,0.0027,7.1239,4.1646,58.31,27.805
QM9_02047,CC1CC2C(CO)C12,8,-6.7103,2.1252,8.8328,1.885,74.59,31.671
QM9_02048,CC1=NCC(C)(C)O1,8,-6.4573,0.9606,7.4205,1.5642,72.11,31.959
QM9_02049,CC1CC(C2(C)CO2)O1,9,-6.5797,2.3075,8.8872,1.6429,78.55,34.94
QM9_02050,N#CC1C2NCC12C=O,9,-6.7784,-1.415,5.3634,4.8908,72.83,29.039
QM9_02051,CC1N(C)C1(C=O)C=O,9,-6.4926,-1.2762,5.2164,2.8,75.52,34.803
QM9_02052,CC1C(O)C(C)C2NC12,9,-6.6369,1.8694,8.5063,3.117,81.15,34.815
QM9_02053,c1cnn2nncc2c1,9,-6.6341,-2.0245,4.6096,5.9366,74.01,22.537
QM9_02054,CC(=O)CCC(C)=NO,9,-6.4654,-0.3374,6.128,2.5814,80.24,38.166
QM9_02055,N#CC(=O)C1NC1C#N,9,-8.3403,-3.0286,5.3117,5.9375,66.4,28.133
QM9_02056,CC(C)(C)C(C)(O)CO,9,-6.8763,1.6735,8.5498,2.2494,84.17,44.504
QM9_02057,O=C1CNCC12CN2,8,-6.109,-0.8953,5.211,0.9952,65.11,26.435
QM9_02058,COC1C2CCCC1C2,9,-6.528,2.2912,8.8192,1.0515,85.11,33.371
QM9_02059,O=C1CC(C2CC2O)C1,9,-6.3892,-0.3592,6.03,4.2484,76.87,33.419
QM9_02060,C#CCC1(C)CC1C#C,9,-6.6069,0.8898,7.4967,0.3097,89.09,37.329
QM9_02061,CC1=CC(=NO)C(=N)N1,9,-5.2845,-1.3116,3.9756,3.6273,82.7,32.356
QM9_02062,N#CC1CCC(O)CN1,9,-6.4954,0.6803,7.1756,3.9033,76.0,32.812
QM9_02063,OC12CC=C3CC1(O)C32,9,-5.9049,-0.9578,4.947,2.0617,74.85,30.885
QM9_02064,N=C1OC2C(O)C12N,8,-6.7239,0.2721,6.9988,1.3638,59.07,27.726
QM9_02065,O=C1CCC2OCC=C12,9,-6.626,-1.6408,4.9851,1.6255,76.28,28.025
QM9_02066,O=c1cconc1F,8,-7.3063,-2.1089,5.1974,3.6649,52.3,21.673
QM9_02067,C1=CC2CCC2OCC1,9,-6.2695,0.566,6.8355,1.0337,84.14,31.242
QM9_02068,COc1[nH]ncc1O,8,-5.6817,0.6993,6.3811,3.6121,59.75,27.479
QM9_02069,O=CC12CCC3CC1N32,9,-6.6777,-0.6912,5.9865,3.3739,75.75,28.443
QM9_02070,N#CC1CC1(N)C#N,8,-7.894,-0.3864,7.5076,2.4732,64.66,27.748
QM9_02071,CCC1C(O)C(=O)C1O,9,-7.0233,-0.9932,6.0273,1.0459,71.5,35.531
QM9_02072,C#CCNC12COC1C2,9,-6.0355,1.0395,7.075,1.7648,76.88,32.699
QM9_02073,CC1=CCNC1=O,7,-6.5498,-0.4653,6.0817,3.7808,60.24,24.361
QM9_02074,O=c1[nH]cc(CCO)[nH]1,9,-5.2001,1.0939,6.294,3.504,71.56,32.654
QM9_02075,OC12CC3=CCN(C1)C32,9,-5.5783,-0.3619,5.2164,2.4687,76.8,29.244
QM9_02076,OC1C=Cc2oncc21,9,-6.2886,-1.4504,4.8382,2.6676,69.53,26.102
QM9_02077,C1=CC2C(C1)OC21CC1,9,-6.1443,0.5061,6.6505,1.4466,80.65,29.698
QM9_02078,CC#CC(O)COC=N,9,-6.7865,0.6694,7.4586,5.3816,80.91,36.183
QM9_02079,O=CC1CC2NC12,7,-6.1906,-0.5225,5.6654,4.0016,57.91,22.878
QM9_02080,OC1CC2CC2C2NC12,9,-6.392,1.8449,8.2396,1.8536,77.13,31.147
QM9_02081,ON=C1C2CCC3C1C23,9,-6.079,0.6612,6.7375,1.4991,78.68,29.464
QM9_02082,CC1(O)CC12CC(=O)N2,9,-6.4273,0.8898,7.3171,4.9083,74.08,34.34
QM9_02083,C#CC(C)C1(C#N)CC1,9,-7.4287,0.6993,8.1253,4.0327,81.7,35.134
QM9_02084,CC(=O)CCC1CCC1,9,-6.5579,-0.1905,6.3702,2.5659,86.99,36.922
QM9_02085,C#CC12COC1CC2C,9,-6.7049,0.8245,7.5294,1.4866,81.82,33.194
QM9_02086,Cc1nc(NC=N)c[nH]1,9,-5.0232,0.7891,5.8151,1.1777,80.52,31.763
QM9_02087,CCC#CCCCOC,9,-6.5579,1.6871,8.2451,0.906,93.81,39.644
QM9_02088,CC1OC1C(=O)CCO,9,-6.8355,-0.7973,6.0355,2.373,73.43,35.457
QM9_02089,CC1=CCC(=O)N(C)C1,9,-6.392,0.517,6.909,3.7332,83.05,33.921
QM9_02090,CC1(O)C(=O)CN2CC21,9,-6.2967,-0.9061,5.3906,1.5621,71.0,32.446
QM9_02091,CC1COCC=C1C=O,9,-6.7457,-1.513,5.2327,2.5991,80.41,32.036
QM9_02092,O=C1C2C3C=CN1C32,8,-6.1035,-0.6476,5.4559,3.8861,60.91,22.082
QM9_02093,CC(CO)CCOC=O,9,-7.4886,0.2667,7.7552,3.9417,77.36,37.585
QM9_02094,Cc1cnc(OC=O)[nH]1,9,-5.9947,-0.3374,5.6545,4.6624,71.34,29.572
QM9_02095,CC1(O)COC1,6,-6.694,1.6762,8.3702,2.486,49.2,23.305
QM9_02096,C1OC2C3CC4C1C4C32,9,-6.2858,2.1143,8.4002,1.4053,76.44,26.801
QM9_02097,CC1C2CC(NC=O)C12,9,-6.7049,0.8544,7.5593,3.8755,81.13,33.15
QM9_02098,CCC12C3CN4C3C1C42,9,-5.7607,2.0926,7.8505,1.7975,80.96,29.905
QM9_02099,CCC(C)CNCC#N,9,-6.7076,0.6259,7.3335,4.2355,88.3,39.195
QM9_02100,O=C1CN2CCOCC12,9,-6.0355,-0.6558,5.377,3.0367,71.38,29.026
QM9_02101,CC1C=C2CCC2(O)C1,9,-6.2777,0.2204,6.4981,1.3945,85.65,34.491
QM9_02102,NC(=O)C12CCCC1O2,9,-6.6722,0.4816,7.1539,2.2864,71.6,31.467
QM9_02103,CC(=O)COC(=O)C#N,9,-7.4695,-2.049,5.4178,5.3213,65.22,31.391
QM9_02104,CC(=O)N(C=O)CCO,9,-7.1539,-0.781,6.3729,1.9105,70.83,34.828
QM9_02105,[NH2+]=C1NC[C-](C=O)C1=O,9,-5.1865,-1.3959,3.7905,10.8902,77.59,30.222
QM9_02106,Nc1occ(O)c1CO,9,-4.8899,0.9415,5.8314,1.5005,68.31,33.362
QM9_02107,N#C[C-](C#N)C#CC[NH3+],9,-7.3171,-3.2001,4.1171,8.2587,98.13,37.449
QM9_02108,N#CC1(O)C2CC3C1N32,9,-7.3552,0.0898,7.4478,3.7749,68.59,28.053
QM9_02109,Cc1c[nH]nc1CC=O,9,-6.4083,-0.6095,5.7987,3.5707,75.53,31.281
QM9_02110,C#CCCOC=N,7,-7.2491,0.4653,7.7144,2.9254,62.44,26.96
QM9_02111,Cc1cc(=O)c(F)c[nH]1,9,-5.8994,-0.5034,5.396,7.4125,72.78,29.772
QM9_02112,N=c1occc(F)c1O,9,-5.66,-1.0776,4.5824,2.9867,67.26,27.473
QM9_02113,N=c1oncn1C(N)=O,9,-6.8763,-0.5987,6.2804,2.0616,61.52,27.495
QM9_02114,[NH3+]CC(C(=O)[O-])C1CN1,9,-6.7294,0.5524,7.2818,5.719,71.47,33.425
QM9_02115,COCC1C(O)C2OC12,9,-6.9117,1.9647,8.8764,0.9004,71.64,32.849
QM9_02116,C1=CC23NC2(C1)C1OC13,9,-6.4926,0.2667,6.7593,1.0028,70.97,26.221
QM9_02117,CCC1NC1(C)C(N)=O,9,-6.6151,0.6068,7.2219,3.5541,80.59,38.123
QM9_02118,C1=NC2CC3(CO3)C2O1,9,-6.8573,0.3129,7.1702,0.5074,67.8,26.665
QM9_02119,OC1C2NC1C1CC2O1,9,-6.0899,1.4368,7.5267,3.078,69.51,27.386
QM9_02120,C#CC1C2C3CN3C12C,9,-6.1008,0.9388,7.0369,1.1253,83.13,32.667
QM9_02121,Cc1cc(F)cc(F)n1,9,-7.094,-0.7374,6.3566,1.869,67.51,27.93
QM9_02122,C1CC2N3CC2(C3)O1,8,-6.4355,1.6408,8.0763,1.2773,67.82,24.702
QM9_02123,CN=c1cc(O)cco1,9,-5.396,-0.898,4.498,4.4743,80.28,31.031
QM9_02124,CC12CC3OC1C3C2O,9,-6.4219,1.7306,8.1525,0.6509,73.39,30.872
QM9_02125,CCC(=O)C1OCCO1,9,-6.5525,-0.6123,5.9402,3.6575,72.01,32.751
QM9_02126,C#Cc1cnc(N)nc1,9,-5.9566,-0.9524,5.0042,1.1199,85.0,29.457
QM9_02127,CCCC1CCC1CC,9,-7.5348,2.2939,9.8315,0.1126,96.72,40.455
QM9_02128,CC12CCC1(C=O)CO2,9,-6.7756,-0.9932,5.7851,1.1703,76.12,32.577
QM9_02129,C1OC23C4NC12C1C4C13,9,-6.2178,1.1646,7.3824,2.6255,69.98,24.777
QM9_02130,CC(O)C(C)(O)C1CO1,9,-6.7403,1.8531,8.5934,1.7943,73.97,38.569
QM9_02131,Cn1ncc(C(N)=O)n1,9,-6.8981,-0.7891,6.109,4.2369,70.15,29.877
QM9_02132,Nc1c[nH]c([N+](=O)[O-])n1,9,-5.9892,-2.2803,3.7116,5.8751,71.25,27.629
QM9_02133,N#CC1=C2CC3C(C1)C23,9,-6.3566,-2.1089,4.2477,4.9378,83.38,27.187
QM9_02134,C#CC1C=C(C)C2OC12,9,-6.596,0.0272,6.6233,2.1333,79.96,31.674
QM9_02135,CC1COC2CC(=O)C12,9,-6.4926,-0.7782,5.7117,1.6389,74.45,31.2
QM9_02136,CC12CC(CCO1)C2=O,9,-6.0246,-0.4599,5.5647,3.1045,75.22,31.488
QM9_02137,Cc1cncc(CO)c1,9,-6.7539,-0.6531,6.1008,1.4542,82.08,31.576
QM9_02138,CCC1C(C)C1(O)C=O,9,-6.6178,-0.6068,6.0083,2.7076,80.85,38.202
QM9_02139,O=CC1C=CN(C=O)C1,9,-6.0355,-1.0966,4.9389,3.8562,75.4,29.26
QM9_02140,N=CNc1ccno1,8,-6.0028,-0.3537,5.6491,5.5158,65.75,24.697
QM9_02141,C#CCCC(C#C)=NO,9,-6.6831,-0.9932,5.6872,0.6728,82.66,35.658
QM9_02142,CCC1C(=O)COC1=O,9,-7.1158,-1.3252,5.7906,1.5631,68.74,31.086
QM9_02143,CC1(C)C(C#N)C1C=O,9,-7.1103,-1.0885,6.0246,4.5297,78.84,34.696
QM9_02144,CC12C3=CCC1CC2C3,9,-5.7933,0.0871,5.8804,0.6416,87.91,31.297
QM9_02145,C#CC(CC(C)O)OC,9,-6.9416,1.1266,8.0682,1.0047,82.13,39.854
QM9_02146,N#CCC1C2OC1C2=O,9,-7.5648,-0.9061,6.6586,2.989,66.23,27.832
QM9_02147,C1OC2C3C4CC12CC43,9,-6.626,2.0681,8.694,1.947,76.98,26.653
QM9_02148,C#CC(N)(C#N)C(C)O,9,-7.4614,-0.1225,7.3389,5.0682,74.81,37.093
QM9_02149,OC12C3CC1C1(CC1)C32,9,-6.2477,2.0327,8.2804,1.3053,79.66,31.058
QM9_02150,CC(C)(C)CCC1CC1,9,-7.309,2.0844,9.3934,0.0972,96.51,42.4
QM9_02151,C#CC1CC2(CC2)C1C,9,-6.8137,1.3932,8.207,0.7328,90.22,36.049
QM9_02152,C#CCC(O)C(O)C=O,9,-7.0505,-1.2653,5.7851,1.8658,71.59,35.306
QM9_02153,O=C1CNC2CC1C2O,9,-5.9402,-0.3755,5.5647,3.4544,71.07,30.538
QM9_02154,CC1C2OCC13COC23,9,-6.5988,1.6245,8.2233,1.6455,74.46,29.418
QM9_02155,CCc1cnccc1O,9,-6.6396,-0.1469,6.4926,2.9645,81.19,31.27
QM9_02156,CN1C=CCCC1=O,8,-5.7552,-0.0435,5.7117,2.8777,71.75,28.12
QM9_02157,CCC1(C2CC2)OC1C,9,-6.9906,2.2912,9.2818,1.7324,85.66,37.762
QM9_02158,C#CC(C#N)NCC#N,9,-7.7634,-0.7102,7.0559,4.6723,73.02,31.982
QM9_02159,Cc1cc(CC=O)c[nH]1,9,-5.5103,-0.2395,5.2708,4.1244,82.07,32.713
QM9_02160,CC(C)(O)CCCC#N,9,-7.475,0.9987,8.4709,5.0639,83.43,39.853
QM9_02161,COC(=O)CC1CCO1,9,-6.7185,0.4163,7.1348,2.2299,72.94,32.889
QM9_02162,CC12CC(CO1)C21CC1,9,-6.2804,2.449,8.7294,1.4556,82.5,32.666
QM9_02163,C#CC1(C)C2OC1C2=O,9,-7.1348,-0.4898,6.6423,2.7831,71.78,31.111
QM9_02164,CC(O)(C(N)=O)C1CO1,9,-6.6586,0.7864,7.4423,2.3311,67.47,35.525
QM9_02165,OC12CC1CC1COC12,9,-6.5552,1.9538,8.509,0.9582,73.27,30.291
QM9_02166,CCC1(O)CC1C(N)=O,9,-6.7103,0.6939,7.4042,2.0972,76.78,37.883
QM9_02167,N=c1cc[nH]nc1O,8,-5.4232,-0.5714,4.8518,4.648,66.16,25.123
QM9_02168,COC(N)=NC(C)C#N,9,-6.8165,0.7538,7.5702,2.9559,75.47,35.867
QM9_02169,OCC1C(O)C12COC2,9,-6.5389,1.3932,7.9321,3.2616,72.0,33.276
QM9_02170,C#CC1COC1C#C,8,-7.0967,0.3891,7.4859,1.4131,68.37,28.648
QM9_02171,CC1C=CCC2C(O)C12,9,-6.2069,0.4435,6.6532,1.7697,83.2,33.521
QM9_02172,Nc1ccoc1N1CC1,9,-4.9797,0.7075,5.6899,1.0308,77.99,30.613
QM9_02173,OC1C2CC3OC1C32,8,-6.6151,1.7388,8.3539,2.2292,62.51,24.359
QM9_02174,CC12CC(C3CC31)C2O,9,-6.645,2.0653,8.7104,1.4388,80.93,32.623
QM9_02175,O=CN1CCC2(O)CC12,9,-6.1743,0.8272,7.0015,4.4939,74.16,31.496
QM9_02176,CC1N(C)C12COC2,8,-6.1715,1.9021,8.0736,2.0851,71.91,31.063
QM9_02177,Cc1coc(=O)o1,7,-6.5688,0.3374,6.9062,4.8929,48.41,21.041
QM9_02178,CC12CC=CC(C1)O2,8,-6.2967,0.2776,6.5743,1.6301,71.43,27.756
QM9_02179,OCC12C=CCC1CO2,9,-6.6886,0.2803,6.9688,2.6415,75.71,30.913
QM9_02180,O=CC1=CC(O)C2CC12,9,-6.7892,-1.698,5.0913,3.37,76.68,30.45
QM9_02181,C#CC1(C#C)OCCO1,9,-7.1321,0.1333,7.2654,1.3261,73.3,31.731
QM9_02182,C#CC1CC1(O)CC#N,9,-6.9443,0.3102,7.2546,2.5561,76.91,33.974
QM9_02183,Cc1coc(=N)[nH]c1=N,9,-6.4872,-0.7619,5.728,1.4239,77.46,30.39
QM9_02184,N#CC1NC2CC1(O)C2,9,-6.7103,0.5606,7.2709,5.3752,71.97,30.12
QM9_02185,CC1CNC1(C#N)C#N,9,-7.5484,-0.751,6.7974,4.6317,73.74,31.706
QM9_02186,OCC1CCC2CC12,8,-7.075,2.1742,9.2492,1.1769,73.92,30.068
QM9_02187,OCC1CCC2(CC2)C1,9,-7.045,2.1198,9.1648,1.2774,85.98,35.548
QM9_02188,CCc1nc(N)c(N)o1,9,-5.1157,0.5279,5.6436,2.0659,76.85,34.202
QM9_02189,N=C1CCC(C2CN2)O1,9,-6.8192,0.5905,7.4069,2.7348,75.85,30.592
QM9_02190,c1nc(N2CCC2)c[nH]1,9,-4.7511,1.1075,5.8586,2.7559,79.89,29.248
QM9_02191,Nc1nc(=O)nc[nH]1,8,-6.5062,-0.7565,5.7498,8.9868,58.96,24.472
QM9_02192,CC1OCC2C(C)C2O1,9,-6.6532,2.215,8.8682,1.5369,78.4,33.563
QM9_02193,C#CC1(C)CC1(O)C#N,9,-7.1512,0.2449,7.3988,3.7442,76.42,35.123
QM9_02194,CC1OC(=N)C2OC12C,9,-7.0858,0.1878,7.2709,3.6481,73.86,32.093
QM9_02195,CC(=O)C12C=CC(C1)C2,9,-6.4083,-0.3429,6.0627,2.6729,79.99,31.555
QM9_02196,C#CC1(C)CC(=O)C1O,9,-6.7729,-0.9497,5.8232,1.6754,75.38,35.187
QM9_02197,CC12CC3NC3C(C1)O2,9,-6.3266,1.9919,8.3185,2.8818,77.62,30.699
QM9_02198,C#CC12NC1C1OCC12,9,-6.1797,0.4408,6.6205,2.4382,76.42,28.922
QM9_02199,COCC(=O)CN1CC1,9,-6.2695,-0.4245,5.8477,2.8985,76.96,34.945
QM9_02200,CC12CC1C1(O)COC21,9,-6.3103,1.63,7.9403,0.7394,74.87,32.479
QM9_02201,C#CC1(OC)C2CCC21,9,-6.4954,0.9987,7.4913,1.0477,82.43,33.958
QM9_02202,N#Cc1n[nH]nc1C=O,9,-7.6818,-2.4626,5.2164,3.591,65.42,24.708
QM9_02203,O=C1OC2C3OC3C12O,9,-7.3389,-0.3293,7.0097,6.0271,56.76,26.705
QM9_02204,NC(=O)N1CC2(CN2)C1,9,-6.4981,1.3524,7.8532,4.69,74.3,32.112
QM9_02205,N=C(N)c1ncncn1,9,-6.6695,-1.9565,4.713,3.0747,71.69,27.271
QM9_02206,CC(=O)CC(C)C#N,8,-7.2165,-0.8245,6.392,3.8492,69.33,32.182
QM9_02207,O=c1onncc1CO,9,-7.5648,-2.8055,4.7593,4.5881,64.08,28.458
QM9_02208,CC1(C(=O)CC#N)CN1,9,-7.1348,-1.0231,6.1117,6.6374,73.76,33.255
QM9_02209,N=c1nc(CN)nn[nH]1,9,-6.792,-2.4545,4.3375,2.6387,72.16,29.407
QM9_02210,CC1(C)COC(C#N)C1,9,-7.5702,0.4163,7.9865,4.4751,78.66,34.344
QM9_02211,C#CC(C#C)(C#N)CN,9,-6.9824,0.166,7.1484,3.9759,77.0,35.689
QM9_02212,CCc1ccoc1C,8,-5.63,0.7238,6.3539,0.6884,74.79,30.178
QM9_02213,NC1=NCC(N)C(=O)N1,9,-6.3511,-0.1932,6.1607,3.1982,71.4,31.984
QM9_02214,N#CC(N)C(=O)NC=O,9,-7.2899,-1.513,5.7797,1.5276,65.03,31.472
QM9_02215,CC1C(O)C=CC1C=O,9,-6.4681,-0.8245,5.6409,3.7482,77.31,33.782
QM9_02216,COC12C=CC(C=C1)O2,9,-6.0409,-0.5714,5.4695,1.6386,71.08,29.549
QM9_02217,CCCN1CC(=NO)C1,9,-5.9647,0.1605,6.1253,0.8941,85.21,36.155
QM9_02218,N=c1[nH]c(N)cn1C=O,9,-5.1593,-0.2912,4.8681,5.9461,73.8,30.802
QM9_02219,CC1(C)C2CN2C1(C)C,9,-6.0954,2.1225,8.2178,1.5009,88.07,39.308
QM9_02220,OC12C3OC4C(C31)C42O,9,-5.8668,1.4422,7.309,1.5686,62.42,28.511
QM9_02221,Cc1nn[nH]c1N,7,-5.8504,0.4,6.2505,5.1193,56.13,24.268
QM9_02222,OCCC1OC2COC12,9,-6.8219,1.5565,8.3784,2.1616,71.27,31.629
QM9_02223,C#Cc1n[nH]c(CC)n1,9,-6.5362,-0.3293,6.2042,3.2898,80.73,30.997
QM9_02224,CC12CC(C3CC3)C1C2,9,-6.5715,2.5225,9.094,0.3262,90.88,35.153
QM9_02225,C1C2C3OC2C2CN2C13,9,-5.6518,1.7225,7.3743,1.1736,73.54,25.894
QM9_02226,CCCC1C=CCC1,8,-6.3566,0.7973,7.1512,0.1431,84.42,32.49
QM9_02227,CCNC(C)C#N,7,-6.5634,0.8354,7.3988,4.4484,65.64,29.68
QM9_02228,O=Cc1coc(=O)o1,8,-7.475,-2.3266,5.1484,4.6225,52.96,21.741
QM9_02229,CC(O)(C=O)C1COC1,9,-6.7103,-0.8381,5.8722,1.7816,70.72,34.398
QM9_02230,Nc1nc(F)nc(=O)o1,9,-7.543,-1.4286,6.1144,6.1636,56.59,26.122
QM9_02231,COC1CC=CC1=NO,9,-6.177,-0.8708,5.3089,0.7383,79.99,32.667
QM9_02232,N=c1occ(N)oc1=N,9,-6.2831,-1.2408,5.0423,4.167,69.68,29.394
QM9_02233,CN1CCCC1(C)C#N,9,-6.2613,1.0504,7.3117,3.4022,82.21,35.291
QM9_02234,CC#Cc1c[nH]cn1,8,-5.6028,0.3674,5.9729,3.4247,76.88,26.587
QM9_02235,CC1C2C(C)C1(O)C2O,9,-6.743,1.9674,8.7131,1.7749,79.02,37.036
QM9_02236,CC12CC(C1)OC21CC1,9,-5.9974,2.2939,8.2886,1.6196,82.05,32.662
QM9_02237,Oc1[nH]cc2c1CCO2,9,-4.7239,1.6463,6.3702,2.1273,71.44,29.692
QM9_02238,N#CC1NC2=NCCC21,9,-6.7892,-0.1088,6.6804,3.0157,73.9,27.829
QM9_02239,N#CCC1=NCCCO1,9,-7.0695,0.3102,7.3797,5.8758,74.06,29.956
QM9_02240,CC12CC1C1OC12C,8,-6.011,1.9538,7.9648,1.9621,71.02,30.118
QM9_02241,CC1OCC1C(=O)C=O,9,-6.9062,-2.8164,4.0899,1.05,69.13,31.737
QM9_02242,C1=Cc2oncc2NC1,9,-5.6273,-1.1184,4.5089,3.9515,75.2,25.96
QM9_02243,C#CC1CC=CCC1C,9,-6.4736,0.7891,7.2627,0.5705,88.47,35.061
QM9_02244,CCC(OC)C(C)OC,9,-6.5579,2.0,8.5553,1.7529,86.43,42.162
QM9_02245,CNC(=O)C(O)C(C)O,9,-6.6613,0.5007,7.162,1.7331,72.63,37.787
QM9_02246,CC1OC(=O)COC1=N,9,-7.3634,-0.234,7.1294,2.6113,66.7,29.928
QM9_02247,Cn1c(O)nc(N)c1N,9,-4.7865,1.7442,6.5307,1.2935,71.98,34.287
QM9_02248,CC1NC1C1OC1CO,9,-6.8654,1.698,8.5634,3.1909,75.44,34.941
QM9_02249,CC(C)C1CC1C1CO1,9,-7.1049,2.2449,9.3526,1.5964,86.07,37.06
QM9_02250,CC1N=CN2CC2C1=O,9,-6.294,-0.9796,5.3144,2.0948,73.68,29.638
QM9_02251,CCC(CC#N)C1CC1,9,-7.8695,1.0231,8.8954,4.1686,86.6,36.827
QM9_02252,C#CC(C)NC(=O)CO,9,-7.0314,0.3537,7.3852,3.9062,76.09,36.632
QM9_02253,CC(=N)N1CCC1=O,8,-6.9443,-0.4735,6.4736,3.2045,68.99,28.4
QM9_02254,CCC1C2CC3C1CC23,9,-7.2845,2.4436,9.7281,0.0413,88.64,31.888
QM9_02255,C1CC(C2CC2)CO1,8,-6.4709,2.3429,8.8138,1.7164,74.66,29.282
QM9_02256,C#CC(C)N(C)CC=O,9,-6.1525,-0.7483,5.4042,2.6297,82.53,38.128
QM9_02257,O=C1COC2CC3C2N13,9,-6.7484,-0.4517,6.2967,3.2489,67.53,26.316
QM9_02258,CC1(O)CC(O)C1C=O,9,-6.5906,-0.5687,6.0219,2.7327,71.73,36.036
QM9_02259,O=C1NC2C3CC2C1O3,9,-6.2586,0.5306,6.7892,4.5002,67.83,25.531
QM9_02260,CC1(C)OC2CC(C2)O1,9,-6.3076,2.3946,8.6995,1.0307,77.91,33.749
QM9_02261,O=COC(C=O)C1CC1,9,-7.2954,-1.2436,6.0518,5.1452,70.66,31.909
QM9_02262,[NH3+]C1C2COC12C(=O)[O-],9,-6.6613,-0.2095,6.4518,5.1509,65.25,30.52
QM9_02263,CC1C2C3=CCOC3C12,9,-6.1171,0.1605,6.2777,1.5559,82.69,30.146
QM9_02264,ON=C1CC(O)C2CC12,9,-6.3022,0.3728,6.6777,1.0565,75.93,32.341
QM9_02265,CC1(O)CC1,5,-6.7865,2.1116,8.8981,1.3822,45.85,21.17
QM9_02266,CC(=O)C1C2CC2N1C,9,-5.5484,-0.4354,5.1157,2.1295,79.89,34.154
QM9_02267,ON=c1ccncnc1,9,-6.1933,-2.0572,4.1361,1.7906,79.42,27.774
QM9_02268,N=C1NC=C(C=O)C1O,9,-6.4001,-1.5075,4.8926,6.4584,74.97,30.324
QM9_02269,CC1C(O)C2OC2C1O,9,-7.0641,1.4585,8.5226,2.2764,69.4,32.911
QM9_02270,N#Cc1[nH]c(O)nc1N,9,-5.5103,-0.1361,5.3742,4.2611,70.3,29.751
QM9_02271,Fc1cccnc1F,8,-7.0396,-0.9987,6.0436,3.0354,55.2,21.749
QM9_02272,Nc1nc(=O)c(F)no1,9,-7.2137,-1.8096,5.4042,5.5355,56.88,26.996
QM9_02273,CC12OCC1=CC1CC12,9,-6.2368,0.0435,6.2804,1.3029,80.79,30.504
QM9_02274,C1C2OC3CN4C2C1C34,9,-5.6709,1.8994,7.5702,0.749,73.52,25.326
QM9_02275,CC12CN1C(=O)C21CO1,9,-6.7593,-0.8027,5.9566,4.5404,69.86,30.235
QM9_02276,CC1CC(C)(C(C)O)C1,9,-6.8682,1.8912,8.7593,1.469,88.71,41.077
QM9_02277,O=C1C2CCC2C12CN2,9,-6.577,-0.8517,5.7253,2.1984,77.05,29.661
QM9_02278,CC1=CC2CCC1(C)C2,9,-6.0056,0.8708,6.879,0.3047,89.95,34.441
QM9_02279,CC12CCCC13CC2C3,9,-6.8573,2.264,9.1213,0.2537,88.95,32.866
QM9_02280,CCC1=CCC2(CO2)C1,9,-6.3566,0.7538,7.1131,1.8515,85.39,33.917
QM9_02281,CC12C=CC(CC1)CO2,9,-6.3239,0.4599,6.7838,1.3796,81.83,31.76
QM9_02282,CCC1CC=C(C)C1,8,-6.0845,0.9796,7.0668,0.254,84.6,33.382
QM9_02283,CC(O)C(=O)CO,7,-7.494,-1.0912,6.4028,1.731,53.94,28.54
QM9_02284,CC1C=CC2(C=O)CN12,9,-6.3185,-0.7021,5.6164,3.2054,78.47,31.26
QM9_02285,C#CCC1CC2(CC2)C1,9,-6.9362,1.4912,8.4274,0.6277,89.49,35.256
QM9_02286,CC12C=CC(C1)N2C=O,9,-6.294,-0.2476,6.0464,4.3123,77.87,30.766
QM9_02287,CC1=CC=CC=CC1C,9,-5.5457,-0.8055,4.7402,0.6226,94.61,34.169
QM9_02288,CCOC(=N)NC=NC,9,-6.1797,0.3129,6.4926,2.1992,84.32,36.897
QM9_02289,OC1C2OC3CCC3C12,9,-6.4409,1.9892,8.4274,1.6518,73.05,29.598
QM9_02290,OC1C=CCC=CC1,8,-6.4654,0.3701,6.8355,1.9357,74.19,29.143
QM9_02291,Cn1nnc(=N)c(N)n1,9,-5.796,-1.1456,4.6504,3.5341,78.29,30.326
QM9_02292,CCN1C2COC(C)C21,9,-5.9266,2.2776,8.2042,0.6399,82.5,34.451
QM9_02293,CCC(C)c1conn1,9,-7.2464,-0.9606,6.2831,3.6986,77.16,32.953
QM9_02294,CC1CN1c1nc[nH]n1,9,-5.7933,0.3782,6.1715,2.4986,74.59,29.258
QM9_02295,C#CC1CCC(C)C1O,9,-7.0042,1.1728,8.177,1.0402,84.59,36.246
QM9_02296,O=CCC#CCC1CC1,9,-6.675,-0.7211,5.9539,2.8536,86.51,34.53
QM9_02297,C#CCC(O)C(O)C#N,9,-7.7661,0.3565,8.1226,4.7663,71.43,34.79
QM9_02298,CC1OCC(C=O)CO1,9,-6.9416,-0.9878,5.9566,2.4253,73.47,32.281
QM9_02299,N#CC#CC(O)CO,8,-7.7063,-1.6681,6.0355,2.874,69.15,29.127
QM9_02300,CC#CC(C#CC)CO,9,-6.5579,1.0857,7.6437,2.0142,89.73,38.251
QM9_02301,COC1(CO)CC1O,8,-6.392,1.6681,8.0627,1.3101,63.75,33.222
QM9_02302,CCCCC1(C)CC1,8,-7.1022,2.3211,9.426,0.121,85.98,36.824
QM9_02303,O=CC1CC2CC1(O)C2,9,-6.645,-0.5388,6.1062,3.0037,74.79,31.303
QM9_02304,CCC1CC(C)OCO1,9,-6.9797,2.4953,9.475,1.693,82.75,35.953
QM9_02305,Oc1cccc(O)c1F,9,-6.0056,0.1878,6.1933,0.9721,67.86,29.157
QM9_02306,O=C1NC2C3COC3C12,9,-6.7185,0.6612,7.3824,4.904,67.67,26.691
QM9_02307,CC1CCC(=O)C2CN12,9,-6.2205,-0.449,5.7688,3.1005,79.08,32.125
QM9_02308,N#CCN=C1C=CCO1,9,-7.0477,-1.2898,5.7579,5.5449,75.5,28.213
QM9_02309,OC12CCC3CC1OC32,9,-6.6314,2.2776,8.909,1.3321,72.58,28.747
QM9_02310,CC1=NCCC(C)CO1,9,-6.4083,0.5333,6.9416,1.8342,84.39,35.429
QM9_02311,CC12C3C4C1N4C32,7,-5.6899,1.8885,7.5756,2.0917,59.45,21.753
QM9_02312,C1CC2C(O1)OC1CC12,9,-6.5552,2.0545,8.6097,2.6669,72.8,28.015
QM9_02313,CC1COC12CC2C#N,9,-6.7838,0.7184,7.5022,3.4759,77.05,32.203
QM9_02314,CC12OC3C(O)CC1C32,9,-6.2178,1.8041,8.0219,2.49,73.98,31.336
QM9_02315,C1CC2(C1)NC2C1CO1,9,-6.6314,1.9701,8.6015,1.6147,80.43,32.081
QM9_02316,COC1CC1NCC=O,9,-6.0817,-0.6504,5.4314,3.2266,77.58,35.372
QM9_02317,CC#CC1(C=O)CC1C,9,-6.4545,-0.4,6.0545,3.1427,87.51,36.167
QM9_02318,NC1Cn2c1noc2=O,9,-6.9062,-0.2939,6.6124,5.6132,64.1,27.225
QM9_02319,COC(C)(C=O)C=O,8,-6.879,-1.7932,5.0858,3.4559,62.18,32.038
QM9_02320,N#CCN=C1CCO1,8,-7.494,0.049,7.543,5.9315,65.39,25.995
QM9_02321,C#CC#CC1OCCO1,9,-6.8028,-0.6912,6.1117,1.5651,81.88,30.174
QM9_02322,C1CC1CC12CCC1C2,9,-6.5661,2.4082,8.9743,0.2415,89.82,34.255
QM9_02323,CNC1(CO)CC1C#N,9,-6.3702,0.8327,7.2029,5.4114,77.1,35.84
QM9_02324,Cc1cc[nH]c1CCO,9,-5.2327,1.3361,6.5715,1.8735,82.96,35.284
QM9_02325,NC(=O)N1C=NCC1=O,9,-7.0477,-0.8,6.2477,4.3357,64.51,28.526
QM9_02326,CCCC12NC1C1CC12,9,-5.4695,2.2613,7.728,1.8453,85.91,34.535
QM9_02327,CC1COC(C2CN2)C1,9,-6.5144,2.1388,8.6532,1.8497,82.81,33.891
QM9_02328,CC(C)CC1C2CCC21,9,-6.6994,2.264,8.9634,0.2702,92.49,37.596
QM9_02329,CCC12CC3C1C(C)C32,9,-7.4831,2.4517,9.9349,0.2099,90.39,34.894
QM9_02330,CC1(O)CC12C1CC2C1,9,-6.6233,2.0708,8.6968,1.1998,84.01,34.161
QM9_02331,N#CC1(CO)CCOC1,9,-7.4859,0.6585,8.1444,2.7091,71.66,32.03
QM9_02332,N#CC12CC(C1)OC2=O,9,-7.8206,-0.351,7.4695,5.7081,66.06,26.19
QM9_02333,Cc1n[nH]c(=O)n1C,8,-5.8641,0.6504,6.5144,3.2014,62.95,27.998
QM9_02334,CCC1CNC1=O,7,-6.6477,0.9851,7.6301,3.4796,61.38,26.418
QM9_02335,O=CC12OCC1C2CO,9,-6.8328,-0.8953,5.9375,3.7545,70.85,31.31
QM9_02336,O=C1CC2OCC2(O)C1,9,-6.6559,-0.6123,6.0436,2.9014,67.58,30.335
QM9_02337,CC1CC(C=O)C1=NO,9,-6.6668,-0.7374,5.9321,2.2231,76.64,33.889
QM9_02338,CC12C3NC1C2(O)C3=O,9,-5.8096,0.0027,5.8124,3.1179,69.4,30.501
QM9_02339,N=C1OC2C=CC(O)C12,9,-7.2682,-0.3918,6.8763,2.8286,69.64,28.12
QM9_02340,CC(O)C#CC1CC1O,9,-6.6396,0.7129,7.3525,2.4735,83.16,37.029
QM9_02341,CCC12C3C4N1C2C43C,9,-5.5729,1.9184,7.4913,1.8815,82.53,32.823
QM9_02342,COC(C)(C=O)C1CC1,9,-6.4926,-0.7429,5.747,1.7832,79.46,37.271
QM9_02343,COCC1NC12CCC2,9,-6.4627,2.0735,8.5362,0.6625,83.75,35.107
QM9_02344,O=CC12CC(C1)C1CC12,9,-6.6369,-0.6068,6.03,2.8848,79.24,29.383
QM9_02345,C#CC1CCCOC=N1,9,-6.7784,0.3048,7.0831,2.582,79.8,31.808
QM9_02346,CC12CC(O)C1=CCO2,9,-6.1933,-0.0925,6.1008,1.8349,78.4,32.687
QM9_02347,C[NH2+]CCC(C)C(=O)[O-],9,-6.5008,0.9633,7.4641,6.2384,79.85,37.034
QM9_02348,CC1Cn2cncc21,8,-5.8396,1.1075,6.9471,4.1007,71.34,25.311
QM9_02349,CC(O)C#CC1(C)CO1,9,-6.8954,0.4408,7.3389,2.6495,82.5,37.016
QM9_02350,O=C1NC2(CO1)CC2O,9,-6.6641,1.4694,8.1335,5.9639,65.8,30.299
QM9_02351,CC12COC(=N)C1C2,8,-6.8165,0.7674,7.5865,3.3961,70.04,27.738
QM9_02352,O=C1OC2C3OC2C13,8,-7.0097,-0.4272,6.5824,2.2826,53.07,20.784
QM9_02353,COCCCCC(N)=O,9,-6.6613,0.9306,7.592,2.5441,80.98,39.031
QM9_02354,COCc1ncccn1,9,-6.7403,-1.0558,5.6845,1.4461,77.88,29.122
QM9_02355,CC1OC2CN(C2)C1C,9,-5.7062,2.0681,7.7743,0.257,81.16,33.444
QM9_02356,CC1C(O)C2(CC2)C1O,9,-6.9144,1.3715,8.2859,1.0352,77.9,36.629
QM9_02357,COc1c[nH]cc1O,8,-5.0395,1.5102,6.5498,2.7542,63.73,29.408
QM9_02358,CCC(C=O)OC=N,8,-6.9253,-1.0776,5.8477,4.2403,68.21,31.305
QM9_02359,CCC1(C)CC2CC1C2,9,-7.7825,2.2776,10.06,0.0858,91.68,36.217
QM9_02360,N=c1ccoc(CO)n1,9,-6.743,-0.9878,5.7525,3.2117,72.05,28.774
QM9_02361,O=CC1C2OC2C2OC12,9,-6.8165,-0.8027,6.0137,3.9886,64.27,26.748
QM9_02362,O=C1CCN2CC2C1O,9,-6.4164,-0.9143,5.4994,2.0086,71.14,30.429
QM9_02363,CC#CC12CCCC1C2,9,-5.9838,1.6545,7.6382,0.2166,93.37,34.19
QM9_02364,CC12CC(CO)CC1O2,9,-6.7729,2.2341,9.007,1.0205,77.92,34.623
QM9_02365,CC1(C(N)=O)CC(=O)N1,9,-6.7076,0.3728,7.0831,2.1117,69.26,33.911
QM9_02366,O=C1CCCC12CCC2,9,-6.3103,-0.4299,5.8804,2.6722,82.1,32.237
QM9_02367,CC12C=CC(C)(C1)C2,8,-5.9892,0.4871,6.4763,0.1252,79.64,31.137
QM9_02368,CCN1CC(C)(C#N)C1,9,-6.2886,0.7973,7.0886,3.6419,84.74,35.847
QM9_02369,Nc1nc(O)coc1=O,9,-5.5838,-1.5048,4.0817,3.2139,66.86,29.288
QM9_02370,CC(CO)CN1CC1,8,-6.3756,2.0055,8.3811,1.2073,75.62,34.177
QM9_02371,N#CCC1(O)C=CCC1,9,-7.0995,0.0354,7.1348,3.6526,77.46,32.58
QM9_02372,CC12C=CC3C4C(C31)N42,9,-6.245,0.0844,6.3294,1.5376,78.08,27.903
QM9_02373,CC12CC(C=O)=CC1C2,9,-6.577,-1.4232,5.1511,3.6453,85.55,32.002
QM9_02374,O=C1OCC1CN1CC1,9,-6.8028,0.2558,7.0559,4.0931,72.51,30.355
QM9_02375,CC1Cc2nn[nH]c2N1,9,-5.5049,0.4082,5.9158,5.2994,74.53,28.74
QM9_02376,C#CC12CCC=CC1C2,9,-6.1117,0.351,6.4627,0.7023,87.8,32.293
QM9_02377,O=CC1COC1C=O,8,-6.6477,-1.2544,5.3906,4.9172,59.05,26.038
QM9_02378,CN(C)c1ccno1,8,-5.5049,0.4327,5.9375,4.0003,69.23,28.041
QM9_02379,O=C1CC2OC2C2CC12,9,-6.4654,-0.4517,6.0137,2.2313,71.24,28.153
QM9_02380,OCC1CC12CN1CC12,9,-6.0899,1.796,7.8859,2.6767,78.91,32.791
QM9_02381,CC1C(=O)CC12CCO2,9,-6.3375,-0.566,5.7715,2.7849,75.57,32.683
QM9_02382,C1CC2(CC2)C2(C1)CC2,9,-6.6613,2.4354,9.0968,0.2428,88.56,34.088
QM9_02383,CC12C3C4N1C4(CO)C32,9,-5.9212,1.6762,7.5974,2.1647,75.03,31.301
QM9_02384,O=Cc1cnc(F)cn1,9,-7.2137,-2.4708,4.7429,1.9942,66.58,24.82
QM9_02385,CNc1oc(O)nc1C,9,-5.7443,0.8082,6.5525,0.8895,72.45,32.7
QM9_02386,CC#CC(C)(C)CC#N,9,-7.0423,0.6612,7.7035,4.3123,88.79,38.656
QM9_02387,N=C1COC(C2CN2)O1,9,-7.0396,0.2993,7.3362,1.8389,68.87,29.014
QM9_02388,C1OC2CC1CO2,7,-6.7348,2.3892,9.124,2.4849,55.12,20.536
QM9_02389,N=c1[nH]cc(N)c(=O)[nH]1,9,-5.23,-0.7347,4.4953,2.4352,74.47,30.44
QM9_02390,O=CNc1cc[nH]c1O,9,-5.1919,0.585,5.777,4.9466,71.77,30.691
QM9_02391,Cc1cc(C[NH3+])oc1[O-],9,-6.245,-2.1225,4.1225,6.0164,83.32,38.325
QM9_02392,CC1C2CC1(C#N)CO2,9,-7.0314,0.5089,7.5403,3.0478,76.05,30.478
QM9_02393,CC(=O)N1C2CC(=O)C21,9,-6.6532,-0.9361,5.7144,1.3316,72.16,30.651
QM9_02394,O=C1NC2=NCC3C1C23,9,-6.6967,-1.0612,5.6355,3.3071,70.2,25.288
QM9_02395,C#CC(C)(C)CCO,8,-7.0559,1.6055,8.6614,1.8358,77.09,37.019
QM9_02396,N=c1[nH]c2[nH]nnc2o1,9,-5.8477,-0.3565,5.4913,4.4579,64.14,24.99
QM9_02397,CCC1CC1(C)CO,8,-7.0396,2.0626,9.1022,1.3424,79.22,36.374
QM9_02398,CC1CC2C=CC1C2=O,9,-6.4464,0.019,6.4654,2.7391,79.24,30.273
QM9_02399,C#CCc1cc(C)n[nH]1,9,-6.2967,0.8327,7.1294,2.2278,81.05,32.444
QM9_02400,Nc1[nH]ccc1[N+](=O)[O-],9,-5.6709,-1.415,4.2559,6.7047,71.49,28.76
QM9_02401,CCCCn1nccn1,9,-6.9307,0.0463,6.977,0.8294,82.11,32.093
QM9_02402,CC#CC1OCC(C)O1,9,-6.7076,1.1129,7.8206,1.7571,79.48,33.899
QM9_02403,C#CC1C2C(C)C(C)C12,9,-6.5443,1.2953,7.8369,0.856,88.24,36.01
QM9_02404,C#Cc1ccc(NC)[nH]1,9,-4.577,0.4136,4.9906,3.2426,91.62,33.781
QM9_02405,N=c1[n-]nc(C(N)=[NH2+])o1,9,-5.3797,-1.9184,3.4613,7.0805,84.39,29.848
QM9_02406,CC1CC(C=O)O1,7,-6.6069,-0.8272,5.7797,2.1092,57.62,25.381
QM9_02407,CC(=O)N1CC1C(C)O,9,-6.7185,0.0871,6.8056,2.5074,76.7,35.823
QM9_02408,OC1C=CCCC12CC2,9,-6.6804,0.4054,7.0858,1.7809,83.45,33.592
QM9_02409,CCCCC(C)OC,8,-6.7348,2.3538,9.0886,1.0314,83.09,38.209
QM9_02410,CCCOCC1(C)CC1,9,-6.7702,2.3293,9.0995,0.7877,91.11,40.069
QM9_02411,N=C1OC2CC3C1C23,8,-6.792,0.6939,7.4859,3.3182,65.41,23.113
QM9_02412,COCC1CCNC1=O,9,-6.4845,0.868,7.3525,2.7843,75.76,33.267
QM9_02413,OC1C2CC=CCC1O2,9,-6.6124,0.4354,7.0477,1.1995,75.42,30.17
QM9_02414,CC12C(=O)N3CCC1C32,9,-6.4545,0.1279,6.5824,3.9205,75.26,29.348
QM9_02415,COC(=O)CCNC=O,9,-6.928,0.3674,7.2954,3.3,70.22,34.435
QM9_02416,CCC1=CCCC1(C)C,9,-6.0954,0.8381,6.9335,0.1498,94.65,39.284
QM9_02417,NC12CN=C3OC1C32O,9,-5.0205,-1.8204,3.1973,6.6813,78.92,31.209
QM9_02418,C#CCC1CCO1,7,-6.6532,1.3687,8.0219,2.155,62.91,25.776
QM9_02419,C#Cc1coc(=N)[nH]1,8,-5.4532,-0.6585,4.7974,2.8779,68.0,26.411
QM9_02420,CC1NC(C)C1=NO,8,-6.2124,0.1007,6.313,1.0611,72.13,32.324
QM9_02421,N#CC12CC3C4C3N1C42,9,-6.8709,0.2966,7.1675,5.323,72.35,25.482
QM9_02422,OC1Cc2ccnn2C1,9,-6.2368,0.8517,7.0886,3.0633,74.51,27.931
QM9_02423,CC(C)OC1CC2OC12,9,-6.5579,2.0871,8.6451,2.6919,79.44,34.874
QM9_02424,NC1=CC(=NO)C(O)C1,9,-5.2518,-0.1143,5.1375,3.1421,79.65,33.921
QM9_02425,CC(C)N=C1NCC1O,9,-6.2749,0.7401,7.0151,2.2965,83.58,37.202
QM9_02426,Oc1cc(C2CC2)n[nH]1,9,-5.7688,1.1701,6.9389,2.5528,75.49,30.932
QM9_02427,O=C1CNC2CC3C1C23,9,-5.6382,-0.3374,5.3008,3.1074,74.71,28.141
QM9_02428,O=C1C2CC3(O)C1C23,8,-6.4954,0.1306,6.626,2.6457,61.48,25.233
QM9_02429,CN1C2C=CCC21C#N,9,-6.8273,-0.4626,6.3647,5.0261,78.43,30.379
QM9_02430,OC1CC2C3NC2C13O,9,-6.0545,1.6381,7.6927,3.2071,70.7,30.172
QM9_02431,C1CCC2CC2C1,7,-7.045,2.2776,9.3226,0.1651,69.85,25.401
QM9_02432,CC1C(C)C12CCC2O,9,-6.6042,2.0599,8.6641,1.4983,86.19,37.97
QM9_02433,CC1COC(=N)C(=N)O1,9,-7.0505,-1.1238,5.9266,4.757,72.46,30.684
QM9_02434,OCC12C3CC1C1C3C12,9,-6.3103,1.8204,8.1308,1.5292,78.07,29.611
QM9_02435,C#CC1=CC2C(C)C2C1,9,-5.8559,-0.4708,5.3851,0.893,91.6,33.063
QM9_02436,CCN=c1ccnco1,9,-6.2341,-1.4585,4.7756,0.6807,81.98,29.957
QM9_02437,Cn1nc(C=O)cc1N,9,-6.0573,-1.0286,5.0287,6.6378,77.03,31.259
QM9_02438,CN=C1NC2CC2(C)O1,9,-5.7987,1.5538,7.3525,3.1968,79.09,33.211
QM9_02439,OC12CC1CC1(CC1)C2,9,-6.7892,2.2749,9.0641,1.1885,81.73,33.489
QM9_02440,CC1(C)CCC1OC=O,9,-7.5103,0.2612,7.7716,3.9445,80.54,35.985
QM9_02441,OCC1(O)CC2(CN2)C1,9,-6.4926,1.6408,8.1308,1.9151,75.58,35.195
QM9_02442,CC#CC(=N)NC(C)=O,9,-6.7892,-0.9007,5.8885,5.6315,82.92,35.096
QM9_02443,CC#CCC1NC1C#N,9,-6.8763,0.3374,7.2137,4.9146,83.16,33.399
QM9_02444,OCC1=CC(O)C2CC12,9,-6.1226,0.4218,6.5443,3.2772,77.15,33.293
QM9_02445,CCC1CCC1(N)C#N,9,-6.9253,0.7864,7.7117,4.4843,83.32,36.593
QM9_02446,CCCC1CC1C1CC1,9,-6.5988,2.4136,9.0097,0.0951,94.66,38.375
QM9_02447,C#CCC1OC2C(O)C12,9,-6.5443,1.23,7.7743,1.5183,73.01,32.09
QM9_02448,CC1(C)CC2CC1C2=O,9,-6.3022,-0.0136,6.2886,2.9004,81.73,33.608
QM9_02449,CC(=O)C1NC(=N)C1O,9,-6.7348,-0.6857,6.0518,1.9995,70.29,33.405
QM9_02450,Cc1coc(=O)[nH]c1=N,9,-6.811,-0.9687,5.8423,1.8286,71.71,29.145
QM9_02451,NC(=[NH2+])c1[nH]ccc1[O-],9,-4.9089,-0.6123,4.2994,5.4655,80.49,31.522
QM9_02452,CC12C(O)C3CC1N2C3,9,-6.3484,1.8857,8.2342,2.7484,77.25,31.206
QM9_02453,N#CC1CC2OCC=C12,9,-6.7729,-0.4952,6.2777,2.9088,75.96,27.974
QM9_02454,C#CC12CCN1C2,7,-6.3539,0.5197,6.8736,1.6551,64.85,24.239
QM9_02455,c1noc(CC2CO2)n1,9,-7.5947,-0.7238,6.8709,2.801,66.67,26.684
QM9_02456,CC1CCC2C3CC3C12,9,-6.4627,2.1062,8.5689,0.2752,87.23,32.786
QM9_02457,OC1CC2(CC2)C12CC2,9,-6.7865,2.1307,8.9172,1.3596,82.81,34.611
QM9_02458,N#Cc1n[nH]ccc1=N,9,-6.3239,-2.098,4.2259,6.7137,76.93,26.77
QM9_02459,COCC12CC1C(C)O2,9,-6.226,2.0871,8.3131,1.1669,80.21,35.111
QM9_02460,CC1OC(=N)C1C1CC1,9,-6.9933,0.8109,7.8042,2.7506,80.47,33.407
QM9_02461,CC(=O)COC(C)CO,9,-6.5634,-0.7374,5.826,4.4722,76.24,37.937
QM9_02462,O=C1C=CC2CCCC12,9,-6.3239,-1.1755,5.1484,3.5489,80.78,28.939
QM9_02463,CC1(C)OC1(C)C1CO1,9,-7.0314,2.0599,9.0913,0.4309,79.34,37.321
QM9_02464,CC#CC1NC(=N)C1O,9,-6.5634,0.4408,7.0042,4.1663,79.74,34.062
QM9_02465,OC1CC1C1(O)COC1,9,-6.2749,1.2817,7.5593,1.7051,71.29,33.547
QM9_02466,O=C1C2COC13COC23,9,-6.2777,-0.6068,5.6709,2.8218,64.65,26.207
QM9_02467,CC12CC3C(CN31)C2=O,9,-5.9756,-0.3619,5.6164,1.9098,74.95,29.088
QM9_02468,CC(C)([NH3+])C#CC(=O)[O-],9,-7.0559,-1.0177,6.0382,5.3216,79.29,37.193
QM9_02469,C#CC1(C#N)CN(C)C1,9,-6.4573,0.2367,6.694,4.5566,80.43,33.28
QM9_02470,N=c1ocnoc1=N,8,-7.4478,-1.7415,5.7089,2.9771,57.28,22.968
QM9_02471,N#CC12CCCCN1C2,9,-6.6668,0.6177,7.2845,5.1798,79.8,30.87
QM9_02472,CC(C)Oc1ccon1,9,-6.6967,0.0054,6.7022,1.642,74.74,32.043
QM9_02473,N=C1OC2(CCC2)C1N,9,-6.6994,0.615,7.3117,1.6863,77.15,32.52
QM9_02474,C#CC1NC1(C#N)CC,9,-7.2845,-0.1524,7.1321,2.6549,81.29,34.268
QM9_02475,Cc1ncccc1CO,9,-6.5198,-0.264,6.2532,2.5616,81.81,31.76
QM9_02476,COC1C2C3C1C1C2N31,9,-6.1988,2.0436,8.2423,2.2906,73.43,27.631
QM9_02477,CCN=C(COC)OC,9,-6.3484,0.5932,6.9416,2.2496,82.59,38.623
QM9_02478,COCC1CC(C)C1O,9,-6.8573,1.6028,8.4573,1.385,82.27,38.082
QM9_02479,OC1COCC2OC12,8,-6.8328,1.6191,8.4546,1.7971,59.93,26.695
QM9_02480,C#CCN(C=N)C(C)=O,9,-6.9416,-0.4599,6.4818,1.7601,77.73,34.474
QM9_02481,C#CC1(C)CC(CC)C1,9,-6.8627,1.5891,8.4519,0.6877,92.46,39.119
QM9_02482,CCC1C2(O)COC12C,9,-6.079,1.7987,7.8777,1.9923,79.16,36.737
QM9_02483,C1COC(C2CO2)O1,8,-6.8165,2.3973,9.2165,2.8043,60.11,25.77
QM9_02484,ON=C1C2OC1C1NC21,9,-6.5253,0.4054,6.9335,2.2615,67.83,27.538
QM9_02485,O=c1oc2c(o1)CNC2,9,-6.3375,0.4844,6.8219,4.2516,63.4,25.48
QM9_02486,ON=C1COCOC1,8,-6.977,-0.1524,6.8219,1.569,60.66,26.554
QM9_02487,CC1OC(C2CC2)C1C,9,-6.4518,2.2667,8.7185,1.5946,86.31,36.38
QM9_02488,CCOCC#CCC=O,9,-6.762,-0.8027,5.9566,2.7841,84.23,36.125
QM9_02489,CCC1(OC)CC1OC,9,-6.479,2.4572,8.9335,0.9495,83.3,39.346
QM9_02490,CC12C=CCC(=O)C1O2,9,-6.577,-0.868,5.7089,2.795,74.11,30.536
QM9_02491,O=CC12CC1C1CC2C1,9,-6.6314,-0.351,6.2804,3.0839,79.94,28.908
QM9_02492,CCNC(=N)C(O)C#N,9,-6.4409,-0.2884,6.1525,4.0842,75.28,35.937
QM9_02493,CC1C2OCC12CO,8,-6.411,1.747,8.158,1.6161,67.62,30.282
QM9_02494,CCC(=O)C1(C#N)CO1,9,-7.475,-1.3606,6.1144,4.9966,70.34,32.62
QM9_02495,CCC12COC1C1OC12,9,-6.5879,1.4585,8.0491,3.0527,73.48,30.9
QM9_02496,CC1CC2CC3(O)C1C23,9,-6.2423,2.1905,8.4328,1.3656,81.0,32.625
QM9_02497,C#CCn1nccc1O,9,-5.9593,0.7456,6.7049,2.804,72.65,30.682
QM9_02498,COc1[nH]c(O)nc1O,9,-4.7348,1.6381,6.3729,1.4322,64.47,32.264
QM9_02499,CC(C)(O)c1conn1,9,-7.3634,-1.0803,6.2831,2.8822,69.59,32.875
QM9_02500,CC1NCc2ncoc21,9,-5.9539,0.0735,6.0273,1.8563,74.26,28.386
QM9_02501,CCC(O)CC#N,7,-7.7988,0.7946,8.5961,4.9708,61.52,29.062
QM9_02502,CCC(=NO)C(C)C=O,9,-6.6151,-0.9987,5.6192,2.1956,79.62,37.811
QM9_02503,O=Cn1ccc(CO)c1,9,-6.2695,-1.0504,5.2191,1.7297,75.65,30.131
QM9_02504,C#CC1OCCOC1=O,9,-7.0532,-0.1878,6.8654,3.6345,67.05,29.488
QM9_02505,CC(O)c1nccn1C,9,-5.9185,0.5714,6.4926,2.4136,78.18,33.722
QM9_02506,Nc1cnc(=O)on1,8,-7.0069,-2.781,4.2259,6.682,56.42,23.9
QM9_02507,N#CC1OCC1N1CC1,9,-6.9852,0.0327,7.0178,5.2379,73.19,29.948
QM9_02508,CC(=O)C12CN1C1CC12,9,-6.3457,-0.6422,5.7035,2.4398,76.47,31.334
QM9_02509,CCCN1CCOC1=O,9,-6.5879,1.5919,8.1797,4.7569,75.85,32.861
QM9_02510,N#CC(N)C1CC1,7,-7.0913,0.6694,7.7607,4.6186,61.24,26.658
QM9_02511,CC(=O)c1coc(=O)o1,9,-7.2654,-2.049,5.2164,5.4401,62.96,27.688
QM9_02512,C#CC(=O)C(=O)C(C)O,9,-7.3171,-3.1402,4.1769,2.2399,70.28,34.134
QM9_02513,O=C([O-])C[NH2+]CCCO,9,-6.7648,0.5633,7.328,5.0565,72.58,35.827
QM9_02514,Cc1c(N)n[nH]c1N,8,-5.1484,1.3116,6.46,3.0329,68.07,31.191
QM9_02515,CC12CN=C3OC1C32,8,-5.9076,-1.4857,4.4219,3.9289,65.45,26.084
QM9_02516,OC12C=CCC1C1OC12,9,-6.6831,0.2721,6.9552,1.9312,71.75,29.045
QM9_02517,Nc1nnc2[nH]nnn12,9,-6.0436,-1.3524,4.6912,2.1976,62.09,25.048
QM9_02518,COC1C2CC1(C=O)O2,9,-6.8219,-1.2762,5.5457,1.1854,70.14,30.983
QM9_02519,CC1C2CC3(C2)OCC13,9,-6.5498,2.1687,8.7212,1.9345,81.82,30.873
QM9_02520,CC12CC1N1CC12C,8,-5.7607,2.1415,7.9022,1.6473,74.63,30.703
QM9_02521,N=c1onc(N)[nH]c1=O,9,-6.5879,-1.5184,5.0695,5.3349,65.87,28.588
QM9_02522,C#CCC(O)(C#N)C=O,9,-7.6274,-2.0953,5.5348,3.1955,68.51,33.177
QM9_02523,O=C1CCCNC12CC2,9,-5.7906,-0.3674,5.4232,2.533,79.4,32.015
QM9_02524,N#CC(O)C1(CO)CO1,9,-7.6192,0.0789,7.7008,3.7256,64.67,33.243
QM9_02525,CC1(C)NC1(C)CO,8,-6.2831,1.7905,8.0736,2.8201,75.52,36.632
QM9_02526,CC(C=O)COCC=O,9,-7.045,-0.8599,6.1879,2.5604,73.94,35.6
QM9_02527,O=C1CC2CNC1CO2,9,-6.109,-0.4136,5.6953,2.8415,70.27,28.636
QM9_02528,C#CCC1COC1C#C,9,-6.928,0.3755,7.3035,1.465,80.08,33.448
QM9_02529,CC1OC12C(=O)C1OC12,9,-6.6532,-1.1946,5.4586,2.6921,66.56,29.287
QM9_02530,CNC(C)(C#N)C(C)N,9,-6.6096,0.9796,7.5893,3.117,82.85,40.464
QM9_02531,CCC1=NC2(CC2)CO1,9,-6.06,0.751,6.811,1.0703,82.49,32.899
QM9_02532,CC(CO)C1=CCOC1,9,-6.1471,0.5796,6.7267,1.5064,81.55,35.364
QM9_02533,N#CC(=O)C1(C=O)CO1,9,-7.8233,-2.9116,4.9089,4.4379,61.56,28.616
QM9_02534,CC(C=O)(C=O)C1CN1,9,-6.7784,-1.63,5.1484,1.6492,72.97,34.138
QM9_02535,CC12OC1C1OC12C=O,9,-6.9634,-1.3551,5.6083,4.3967,66.77,29.663
QM9_02536,CC12CC3(O)CC3C1O2,9,-6.8355,1.9102,8.743,1.0632,74.3,32.67
QM9_02537,OC12CC=CC1C1CC12,9,-6.4437,0.6694,7.1131,1.3693,78.63,30.45
QM9_02538,CC1(O)CCC1C#N,8,-7.5185,0.7592,8.2777,4.4082,68.6,31.018
QM9_02539,CC1COC(C#N)C1C,9,-7.5539,0.5061,8.06,3.9321,77.37,33.944
QM9_02540,C#CC(C)(C)COC=O,9,-7.4695,0.0898,7.5566,3.3684,79.31,37.296
QM9_02541,N=C1OCC1OCCO,9,-7.1702,0.2259,7.3933,1.7039,70.28,32.457
QM9_02542,CC1COC(C)C1C,8,-6.4491,2.0898,8.5389,1.5318,77.52,33.784
QM9_02543,CC1CC(N)=CC(=O)N1,9,-5.8124,-0.1007,5.7117,5.5634,81.5,33.963
QM9_02544,CCn1nc(O)oc1=N,9,-5.5049,0.9714,6.4763,1.8557,68.54,31.65
QM9_02545,Cc1nocc1N(C)C,9,-5.6709,0.0517,5.7226,3.666,78.63,33.624
QM9_02546,OC1CC1c1cn[nH]n1,9,-6.5144,-0.0163,6.4981,1.3399,70.87,28.74
QM9_02547,CNC1=CC(=O)CC1C,9,-5.747,-0.1143,5.6328,6.2914,86.08,35.103
QM9_02548,C#CC#N,4,-8.441,-1.4776,6.9634,3.792,32.66,12.93
QM9_02549,CC(O)C1C(O)C2CC21,9,-6.6151,1.5701,8.1852,2.5567,77.82,35.188
QM9_02550,C#CC1CN1C(C)(C)C,9,-6.0681,0.9252,6.9933,0.7457,89.33,39.814
QM9_02551,O=CC(O)C1CC2CC21,9,-6.928,-0.9578,5.9702,2.5972,76.0,32.224
QM9_02552,COC1C2COC(C)C21,9,-6.3076,2.0218,8.3294,2.1492,78.89,33.636
QM9_02553,CC1(C2COCO2)CC1,9,-6.8573,2.3211,9.1784,1.2393,77.68,33.295
QM9_02554,C1NC1Cn1nnnn1,9,-7.2219,-1.5293,5.6926,3.7987,65.64,26.129
QM9_02555,OC1C2C3CCC3C12,8,-6.4083,1.9592,8.3675,1.6158,70.3,27.963
QM9_02556,C#CC12CCC1C1OC12,9,-6.645,0.8354,7.4831,1.2228,78.17,30.183
QM9_02557,CC(=O)c1cocc1O,9,-5.9647,-1.4721,4.4926,3.0768,69.84,29.55
QM9_02558,O=CC(=O)C12COC1C2,9,-6.8001,-2.6776,4.1198,0.6531,68.23,28.988
QM9_02559,CC1=CCN2CC(=O)C12,9,-6.1851,-0.6993,5.4885,2.3037,78.29,30.292
QM9_02560,O=CC12C3CC4C3N1C42,9,-6.6641,-0.8163,5.8477,3.2557,72.72,25.917
QM9_02561,CC1(C)OC12CCC2=O,9,-6.5498,-1.0041,5.5457,3.2874,77.6,34.597
QM9_02562,CC1C2C(C#N)C3C2N13,9,-7.0097,0.7728,7.7825,3.3646,76.04,29.005
QM9_02563,OC1C=CC2OCC12,8,-6.7702,-0.1225,6.6505,0.8927,64.42,25.819
QM9_02564,CCCC(O)(C#N)CC,9,-7.8396,0.6259,8.4655,4.6351,82.77,40.127
QM9_02565,CCC1(CC)CC1(C)C,9,-6.7947,2.0681,8.8627,0.0688,96.24,43.449
QM9_02566,N=C1OCCC2CC12O,9,-6.5226,0.2939,6.8165,2.7702,73.38,31.052
QM9_02567,Cc1ncc(F)cc1F,9,-6.7892,-0.9089,5.8804,0.8042,68.02,28.032
QM9_02568,C#CC(C)(CC)OC,8,-6.8192,1.2436,8.0627,1.4267,76.83,36.78
QM9_02569,CC1C2CC(=O)C1(C)O2,9,-6.1906,-0.4408,5.747,2.8152,74.59,32.721
QM9_02570,CC12CC3(O)CN1C32,8,-6.1226,1.8585,7.9811,2.0764,67.91,28.721
QM9_02571,O=C1C2CC3CC1N3C2,9,-6.0355,-0.5143,5.5239,2.357,73.58,26.39
QM9_02572,O=CC1(CO)CCCC1,9,-6.9171,-0.7973,6.1198,3.0805,78.55,34.061
QM9_02573,O=C1C2CCC1(CO)O2,9,-6.7648,-0.5061,6.2586,3.5654,67.84,30.286
QM9_02574,CCc1noc(C)c1N,9,-5.6627,0.1551,5.8205,3.7506,79.74,34.955
QM9_02575,O=C1NC=NC1CCO,9,-6.7321,-0.5606,6.1715,3.9223,69.95,31.329
QM9_02576,CC1(CO)CCC12CC2,9,-7.0831,2.0218,9.1049,1.251,85.45,37.688
QM9_02577,CC1OC1C1(C)CCO1,9,-6.6641,2.0926,8.7539,1.7666,78.42,35.103
QM9_02578,c1cc(C2CN2)[nH]n1,8,-6.1688,0.6395,6.8083,3.8451,67.68,24.552
QM9_02579,C1CC2(C1)CC1OC12,8,-6.7648,2.2667,9.0287,1.8183,71.04,27.24
QM9_02580,CCC12CN3C4C3C1C42,9,-6.0436,2.0272,8.0709,1.7273,80.24,30.172
QM9_02581,Cn1cc(NC=O)nn1,9,-6.2695,-0.1687,6.1008,1.0796,71.33,28.693
QM9_02582,N#CC(N)C(N)C(N)=O,9,-6.7892,-0.0599,6.7294,5.4693,69.24,35.993
QM9_02583,OCC1C2C3CC(C3)C12,9,-6.7484,2.0817,8.8301,1.2959,82.59,31.362
QM9_02584,CN1CC1C1CC1,7,-5.9539,2.5415,8.4954,1.3454,67.72,27.426
QM9_02585,C#CC12CCC1OC2=O,9,-7.162,-0.0599,7.1022,4.022,71.73,29.166
QM9_02586,CC12CC3C4OC3C1C42,9,-6.4083,2.4626,8.8736,1.9912,76.71,27.914
QM9_02587,C#CC1=CCC2NC12C,9,-6.0817,-0.5333,5.5457,1.7757,86.99,32.754
QM9_02588,O=C1C=CCC2CC12O,9,-6.5715,-1.4857,5.0858,3.6038,75.39,30.072
QM9_02589,CC(C=O)C1(C)CO1,8,-6.6858,-0.6612,6.0273,2.4459,67.94,32.227
QM9_02590,CCC12CC3CC(C1)C32,9,-6.8545,2.2858,9.1376,0.1933,88.62,33.124
QM9_02591,CCCC(C)C(O)C=O,9,-7.3035,-1.0313,6.2722,2.2751,83.77,39.682
QM9_02592,NC(=O)C12C3CC1C2C3,9,-6.5198,0.7265,7.2464,3.4575,76.92,30.572
QM9_02593,CC1OCOC(=O)C1N,9,-6.626,0.0354,6.6586,2.7691,68.29,32.127
QM9_02594,CNC(=O)CC(N)=O,8,-6.5443,0.3211,6.8654,3.0943,63.35,31.434
QM9_02595,CN1C(=N)C2OC2C1=O,9,-7.1811,-1.0368,6.1443,1.7297,68.08,28.327
QM9_02596,C1CC2COCC(C2)O1,9,-6.1688,1.9919,8.1607,1.6669,76.76,29.559
QM9_02597,CN1CC(=O)C=C(N)C1,9,-5.7579,-0.5497,5.2083,5.6057,82.83,33.603
QM9_02598,CC(C=O)C(O)C=O,8,-7.1321,-1.1755,5.9539,2.9712,62.61,31.024
QM9_02599,CC12CC3CC1C32C=O,9,-6.5226,-0.5606,5.962,2.9514,82.01,31.235
QM9_02600,C#CC1(C)CN=C(C)O1,9,-6.7212,0.6123,7.3335,1.1913,79.18,34.299
QM9_02601,COCCCN1CC1,8,-6.3076,2.3892,8.6968,1.8018,77.17,33.102
QM9_02602,CCC12CC1N1CC12,8,-5.894,1.9157,7.8097,1.6478,74.52,29.467
QM9_02603,CCc1cnc(=N)[nH]n1,9,-5.9539,-1.9837,3.9701,3.3643,81.29,30.529
QM9_02604,CC(=NO)C1CC1CO,9,-6.4518,0.283,6.7348,1.7721,79.3,37.225
QM9_02605,COC1C(=O)N2CC12C,9,-6.343,-0.4544,5.8858,3.2463,72.88,32.916
QM9_02606,OC1C=Cc2c[nH]nc21,9,-5.8205,-0.4517,5.3688,3.4476,73.79,27.362
QM9_02607,CC1CC=CC=CCO1,9,-6.1362,-0.6177,5.5185,1.1665,87.15,33.543
QM9_02608,CC1OC2C(=O)NC12,8,-6.528,0.2585,6.7865,4.4194,61.33,26.175
QM9_02609,CC(C)CC1=CCOC1,9,-6.0709,0.5442,6.6178,1.9023,88.69,36.503
QM9_02610,N#Cc1nonc1CN,9,-7.4042,-2.2123,5.1919,4.2722,66.04,27.742
QM9_02611,N#CC1(C#N)CC2NC21,9,-7.4668,-0.3347,7.1321,5.6108,70.32,28.348
QM9_02612,Oc1[nH]nc2c1CCC2,9,-5.6981,1.015,6.7158,2.7835,74.49,29.367
QM9_02613,CC12CC3C(C1)C3(C)O2,9,-6.1198,2.3919,8.5117,1.1512,81.16,32.476
QM9_02614,C#CC(O)C1C(O)C1O,9,-6.479,0.9361,7.4151,2.582,70.51,35.884
QM9_02615,N=C1OC2C3CC2C3O1,9,-6.6287,1.3034,7.9321,4.615,70.09,25.667
QM9_02616,CC#CC(CO)COC,9,-6.7539,1.3497,8.1036,2.882,85.28,38.929
QM9_02617,O=C1COCC=CN1,8,-6.0981,-0.3184,5.7797,3.379,65.33,25.848
QM9_02618,CC1NCCOC1=O,8,-6.5307,0.3265,6.8573,4.4584,64.97,28.035
QM9_02619,O=CC1CC(=O)C2CC12,9,-6.6641,-0.9361,5.728,2.2582,73.33,29.595
QM9_02620,CC1(C)CC(=O)N1C=O,9,-6.9199,-0.9633,5.9566,6.0813,74.76,33.739
QM9_02621,CC(=NO)C1NCC1O,9,-6.4545,0.1469,6.6015,1.6707,76.24,35.12
QM9_02622,Cn1ccnc1[N+](=O)[O-],9,-7.0586,-2.283,4.7756,5.8145,70.42,27.012
QM9_02623,CCC#CC(=O)CO,8,-6.8981,-1.1919,5.7062,4.8979,72.85,32.148
QM9_02624,C#CC(C)(O)C(=O)NC,9,-6.5852,0.3537,6.9362,3.1201,75.79,38.125
QM9_02625,CN1C2C(C#N)CC21C,9,-6.8355,0.8109,7.6491,3.9379,81.46,33.485
QM9_02626,N#CCC1C(O)C1O,8,-6.9879,0.868,7.8559,6.0849,61.63,29.409
QM9_02627,OCC1OC2CC12O,8,-6.5335,1.6028,8.1362,2.7291,60.36,29.213
QM9_02628,CC1C2CC1O2,6,-6.362,2.4327,8.7947,1.993,53.28,20.486
QM9_02629,O=CC1OC1C#CCO,9,-7.1756,-1.3143,5.8613,1.5645,73.1,32.09
QM9_02630,CC1=CCC2CC(O)C12,9,-6.1797,0.664,6.8437,1.3488,83.64,33.211
QM9_02631,COCC12CC(C1)C2,8,-6.86,2.4273,9.2845,1.0035,76.77,29.787
QM9_02632,N=C1OC23COC2CC13,9,-7.1566,0.3102,7.4668,1.0633,69.94,27.081
QM9_02633,C1=C2C3C(CC1)N1C2C31,9,-5.9348,-0.3429,5.5919,1.2393,80.3,26.828
QM9_02634,O=CC12CC(CC1=O)O2,9,-6.6532,-1.1973,5.4559,3.9219,65.94,27.988
QM9_02635,N#C[C-](C#N)C1CC1[NH3+],9,-7.3743,-0.0218,7.3498,5.9425,73.9,32.143
QM9_02636,OC1COC2CCC12O,9,-6.5525,1.5157,8.0682,2.1294,69.74,32.745
QM9_02637,CC1C2OC3C2N2C1C32,9,-6.4981,1.4613,7.9593,0.5037,72.34,26.907
QM9_02638,Cc1nc(N)nc(O)n1,9,-6.7539,-0.4435,6.3103,1.4324,71.07,30.22
QM9_02639,COC1CC2(CO)NC12,9,-6.3729,1.7579,8.1308,1.4926,76.54,34.426
QM9_02640,CCC(COC)COC,9,-6.8219,2.283,9.1049,2.0654,87.94,41.07
QM9_02641,CN=COC1(C)CC1C,9,-6.6178,0.7565,7.3743,2.9073,87.38,38.385
QM9_02642,C1COC(CC2CC2)=N1,9,-6.4872,0.7946,7.2818,1.3082,80.67,31.526
QM9_02643,CC1OC(C#N)C1=O,8,-7.7008,-1.6762,6.0246,3.9148,59.72,26.617
QM9_02644,CC1CC2CCC12O,8,-6.5743,2.0871,8.6614,1.2479,74.09,31.725
QM9_02645,N=COCC1CCC1=O,9,-6.8518,-0.9143,5.9375,4.5426,75.18,32.227
QM9_02646,CC1(C)C2OCC3C2C31,9,-6.3457,2.4028,8.7485,1.5769,80.76,32.491
QM9_02647,CC1C=CCC1(C)C=O,9,-6.5416,-0.5007,6.0409,2.5314,83.36,35.272
QM9_02648,Nc1onc2c1CC=C2,9,-5.7171,-0.5415,5.1756,4.2262,75.16,27.592
QM9_02649,N#CC12OC3C1COC32,9,-7.2219,-0.4218,6.8001,4.3461,66.22,25.503
QM9_02650,CC12OC3C1OCC32O,9,-6.5715,1.6463,8.2178,0.4935,67.1,30.056
QM9_02651,CN1CC23CC4N2CC413,9,-5.4831,1.3252,6.8083,1.7,81.05,29.96
QM9_02652,Cc1noncc1=N,8,-7.1756,-2.0681,5.1076,2.1533,65.49,25.215
QM9_02653,CCC12C3OC1C2C3O,9,-6.1334,1.9184,8.0518,0.9298,74.59,32.156
QM9_02654,CC1(O)C2CC3C2C31O,9,-6.1851,1.8395,8.0219,1.8393,74.13,33.601
QM9_02655,CC1C2C(=O)C1(C)C2C,9,-6.2232,0.4708,6.694,3.1955,83.5,36.125
QM9_02656,OC1CC2CC2N2CC12,9,-5.8804,1.796,7.6763,2.1046,77.51,31.119
QM9_02657,CC(O)CC1(C)CCO1,9,-6.4954,1.8994,8.3947,0.9935,82.14,38.647
QM9_02658,N#CC12CC1CCCN2,9,-6.2396,0.9089,7.1484,4.8438,79.84,31.181
QM9_02659,N#CCC1=NC2CC2O1,9,-7.0559,-0.234,6.8219,3.8424,69.26,27.577
QM9_02660,Nc1cnc(O)[nH]1,7,-5.2083,1.4966,6.7049,1.9578,51.7,23.632
QM9_02661,CCC1CC=C(C)CO1,9,-6.3511,0.7919,7.143,1.0861,89.08,36.451
QM9_02662,OCC1OC2=NCCC21,9,-6.7974,0.3565,7.1539,3.1202,72.28,29.982
QM9_02663,CC(C)C(C=O)OC=N,9,-6.9661,-1.1783,5.7851,1.822,78.9,37.085
QM9_02664,ON=C1C2C=CC1C2,8,-6.3403,0.098,6.4382,0.9564,69.3,25.909
QM9_02665,CCC(C)n1ncnn1,9,-7.7117,-0.498,7.211,3.0845,77.03,31.861
QM9_02666,C#CC1(C)C(O)C1C=O,9,-6.675,-0.8653,5.8096,2.5173,78.25,35.593
QM9_02667,CC1OC=NC1C1CN1,9,-6.5552,0.3401,6.8954,1.8605,74.91,30.855
QM9_02668,C#CC(C)(O)CC1CN1,9,-6.46,0.8272,7.2872,2.6379,81.4,37.668
QM9_02669,OCC1=NCC2CCN12,9,-6.226,0.4054,6.6341,3.7417,76.24,30.409
QM9_02670,CC1C2(C)CCC12O,8,-6.3729,2.1878,8.5634,1.1689,75.42,33.445
QM9_02671,N#CC1=NCC2CC2N1,9,-6.5743,-0.9851,5.5892,5.3727,76.26,28.654
QM9_02672,CC1NC1C#CCC=O,9,-6.5525,-0.781,5.7715,3.5361,83.95,34.302
QM9_02673,CC(O)CC1(C=O)CN1,9,-6.8872,-0.8762,6.011,3.6693,76.33,36.03
QM9_02674,CCCC(C)CC(C)O,9,-7.1158,1.9456,9.0614,1.3672,93.73,44.093
QM9_02675,CC1=CN(C)C(=O)CC1,9,-5.5511,0.0653,5.6164,3.1565,84.87,33.966
QM9_02676,CC(COC=O)OC=O,9,-7.7144,-0.1959,7.5185,5.7689,67.7,33.148
QM9_02677,CC1CC12C=CCC2,8,-5.845,0.8463,6.694,0.205,81.89,30.472
QM9_02678,CC(C)C1CC1C=O,8,-6.6505,-0.449,6.1988,3.2868,76.83,33.391
QM9_02679,CN1CC1C1(CO)CN1,9,-6.2994,1.9184,8.2178,1.6253,78.49,35.324
QM9_02680,CC(=O)CNCCC#N,9,-6.5062,-0.6912,5.8151,5.1764,77.39,35.593
QM9_02681,CC1C(CC=O)N1C=O,9,-6.8981,-1.0395,5.8613,4.7172,74.59,33.498
QM9_02682,CCC12CC1(C)CC2=O,9,-6.3675,-0.0626,6.3022,3.2745,84.32,35.661
QM9_02683,CC1(C2CO2)C2CC1C2,9,-7.0858,2.4654,9.5512,1.6678,82.35,32.414
QM9_02684,C1=CC23OC2(C1)C1CC13,9,-5.7253,-0.0463,5.679,2.0693,75.27,27.588
QM9_02685,C1OC1CN1C2CC1C2,9,-5.8913,2.6368,8.528,1.5783,80.51,30.608
QM9_02686,O=C1NCC(O)C1O,8,-7.0477,0.4327,7.4831,2.6761,56.96,27.261
QM9_02687,C#CCNC(=O)CC#C,9,-6.8001,0.5578,7.3552,2.9544,77.71,34.932
QM9_02688,C1C2C3C4C5C(C2N35)N14,9,-5.6572,1.2109,6.8682,1.1516,71.56,22.33
QM9_02689,CCC(C)COCCO,9,-7.0831,1.9837,9.0668,2.2315,87.14,41.306
QM9_02690,N=c1ccncc(N)n1,9,-6.2586,-2.1769,4.079,4.4302,80.98,29.194
QM9_02691,N#CC1NC2C3CC3C12,9,-6.5824,0.4463,7.0287,4.776,75.22,28.423
QM9_02692,CC#CC(C#N)C(C)C,9,-7.2083,0.5932,7.8015,4.1103,88.55,38.299
QM9_02693,CC1=CC=CCC=C1C,9,-5.6654,-0.5225,5.143,0.3979,95.13,34.546
QM9_02694,OC12C3CC4OC3C1C42,9,-6.6586,1.8776,8.5362,1.7706,68.97,26.591
QM9_02695,CC(N)C(C)(C#N)C#N,9,-7.192,-0.0952,7.0995,5.3776,76.25,36.897
QM9_02696,C1CC23CCC2(C1)C3,8,-5.9892,2.2858,8.275,0.4255,77.46,27.862
QM9_02697,CC(C)c1cc[nH]c1N,9,-5.23,1.4803,6.7103,1.1508,85.49,36.804
QM9_02698,CCC1NCC1=NO,8,-6.2368,0.1116,6.3484,1.0612,72.7,31.478
QM9_02699,CCC1C=C(CO)CC1,9,-6.0654,0.9415,7.0069,1.5029,89.49,37.079
QM9_02700,Nc1occc1NC=O,9,-5.6219,0.1469,5.7688,3.8679,71.73,29.698
QM9_02701,CCN=c1nccno1,9,-6.7566,-2.6504,4.1062,2.7002,78.7,29.572
QM9_02702,COC(C#N)C1CCO1,9,-7.1947,0.283,7.4777,4.7509,72.85,32.556
QM9_02703,Cc1cc(CCO)[nH]n1,9,-6.2668,0.7946,7.0614,2.1536,79.31,33.887
QM9_02704,OCC#CC1NC1CO,9,-6.7321,0.4572,7.1865,1.642,79.09,34.924
QM9_02705,CC12C3C4C(=O)N1C2C43,9,-6.3974,-0.3429,6.0545,4.3807,71.2,27.437
QM9_02706,C#CC1CNC(CO)=N1,9,-6.4736,0.4,6.8736,3.7485,76.31,32.602
QM9_02707,O=CC1C2CCC(=O)C12,9,-6.4872,-1.2082,5.279,4.3915,72.94,29.406
QM9_02708,C#Cc1cncnc1F,9,-7.1457,-1.7415,5.4069,1.7909,72.8,25.987
QM9_02709,CC1=CCC(C=O)CC1,9,-6.4464,-0.5061,5.9402,2.9165,86.42,34.134
QM9_02710,CC1OCCNC1C#N,9,-6.3647,0.6721,7.0341,4.7812,75.47,32.352
QM9_02711,CN=c1cnc(F)c[nH]1,9,-5.4042,-1.8096,3.5946,1.8989,77.24,29.113
QM9_02712,COCCC(O)CC#N,9,-7.1267,0.7265,7.8532,4.4231,77.54,37.036
QM9_02713,CN1C(=O)NCC1CO,9,-6.0954,1.717,7.8124,4.3171,72.49,33.603
QM9_02714,CC(C#N)COC(N)=O,9,-7.6627,0.8055,8.4682,5.5392,69.81,34.66
QM9_02715,O=C1NC=NC12CC2,8,-6.5498,-0.4626,6.0872,2.0785,63.72,24.867
QM9_02716,ON=C1CCC12CCO2,9,-6.5879,-0.2395,6.3484,1.6673,76.54,31.802
QM9_02717,N#CC1OC12CCC2,8,-7.9158,-0.1197,7.7961,4.0774,66.28,26.646
QM9_02718,CC1C2C=C(C=O)C1C2,9,-6.6641,-1.5374,5.1266,3.6131,84.65,30.82
QM9_02719,CCN(C)C(=[NH2+])C(=O)[O-],9,-6.0518,-0.7946,5.2572,8.9282,75.15,35.969
QM9_02720,C#CC12COCC1O2,8,-7.075,0.4136,7.4886,2.1801,64.23,25.965
QM9_02721,O=C1CC23CCCC12O3,9,-6.6314,-0.5742,6.0573,3.2681,72.28,28.453
QM9_02722,CC12CN(C=O)C1CO2,9,-6.6505,0.5633,7.2165,3.8812,74.68,31.052
QM9_02723,NC(=O)CC1OC2CC12,9,-6.4273,0.9714,7.4015,4.1299,72.14,31.715
QM9_02724,COc1noc(=O)n1C,9,-6.6069,0.6476,7.2546,5.4704,63.77,29.871
QM9_02725,CCn1cnn(C)c1=O,9,-5.8151,0.5007,6.3185,2.4429,74.71,32.042
QM9_02726,CC(C)C(=O)C1(C)CN1,9,-6.7566,-0.5987,6.1607,2.674,82.93,38.094
QM9_02727,OC1C2CC3(CC3)OC12,9,-6.2886,1.9837,8.2723,1.769,74.5,31.131
QM9_02728,O=C1C2CC3(CO)C2N13,9,-6.9008,-0.0707,6.8301,3.7018,68.27,28.826
QM9_02729,N=C1CCCOCO1,8,-6.9716,0.566,7.5376,2.9076,65.68,27.063
QM9_02730,CC12CC(CCO1)CO2,9,-6.7185,2.1769,8.8954,2.0755,76.96,31.497
QM9_02731,C1CC23CC(C2)OCC13,9,-6.411,2.4028,8.8165,1.4093,81.58,29.802
QM9_02732,CCC1C(=N)OCC1=O,9,-7.0804,-1.1293,5.9511,1.2366,73.76,32.017
QM9_02733,C1=CC23COC2C2C1N23,9,-5.9756,-0.3401,5.6355,2.4207,71.35,25.255
QM9_02734,COC1C(=O)CNC1=O,9,-6.5008,-1.1783,5.3253,2.8471,66.65,30.85
QM9_02735,CC1C(O)C=CC1CO,9,-6.811,0.3129,7.1239,1.5094,79.47,36.034
QM9_02736,COC(=N)C(O)CCO,9,-6.9199,1.0776,8.0001,4.2606,73.36,36.898
QM9_02737,CC#CC1(C)COC1,8,-6.7185,1.3306,8.0491,2.0287,76.86,31.784
QM9_02738,O=C1CC(O)CC(O)C1,9,-6.5743,-0.566,6.0083,0.5267,72.04,33.874
QM9_02739,CC1(C2CC3CN32)CO1,9,-6.2831,2.3211,8.6042,1.6127,77.51,32.403
QM9_02740,CC1N(C(N)=O)C1(C)C,9,-6.4409,1.2463,7.6872,3.1835,80.25,38.645
QM9_02741,C1=CC23OC2COC3C1,9,-6.5144,-0.0054,6.5062,1.8359,73.28,27.231
QM9_02742,O=C1NCCCC2CC12,9,-6.4137,0.7891,7.2029,3.784,78.69,31.493
QM9_02743,CC1C2C(O)C(C#N)C12,9,-7.2682,0.6259,7.894,4.1615,76.66,32.628
QM9_02744,CC(=O)C1OC1C(C)=O,9,-6.8682,-1.2898,5.5783,2.6932,69.81,33.821
QM9_02745,OC12CC(C1)C1OC12,8,-6.9171,1.8749,8.7947,2.6502,62.65,25.593
QM9_02746,c1nc2n(n1)C1CC1O2,9,-6.5062,0.4898,6.996,4.0539,65.15,23.462
QM9_02747,CC1OCc2ccoc21,9,-5.8804,0.3973,6.2749,1.2759,74.79,28.573
QM9_02748,CCC(C)(C)OCC#N,9,-7.592,0.4517,8.0437,3.7711,82.4,39.61
QM9_02749,c1nc2cnocc-2n1,9,-7.4913,-2.5606,4.9307,1.1792,70.48,22.036
QM9_02750,NC(=O)C1OCC12CC2,9,-6.3702,0.8027,7.1729,2.636,71.93,32.437
QM9_02751,C1OC2C1OC1CC12,8,-6.528,1.7715,8.2995,1.1726,62.61,24.058
QM9_02752,OCc1cnc(F)nn1,9,-6.8001,-2.2341,4.5661,4.3533,62.49,26.905
QM9_02753,CC1OC23COC2CC13,9,-6.479,1.698,8.177,1.949,74.69,30.22
QM9_02754,CNc1cn[nH]c1N,8,-5.045,0.9524,5.9974,3.4073,67.77,29.354
QM9_02755,CC1=CCC2NC12C#N,9,-6.7702,-0.2367,6.5335,3.2102,79.52,30.608
QM9_02756,CNC(=O)CC1CC1,8,-6.392,1.0885,7.4804,3.7385,72.87,32.135
QM9_02757,CC1CC1C12CC(C1)O2,9,-6.3294,2.2368,8.5661,1.6659,83.28,32.849
QM9_02758,CC1NC1C1OC2CC21,9,-6.3158,1.9402,8.2587,1.4051,79.46,32.327
QM9_02759,CC1CC23CC(C2=O)C13,9,-6.4573,0.3946,6.8518,3.3958,81.56,30.93
QM9_02760,COC(C)C1CC(C)O1,9,-6.5471,2.332,8.8791,1.3209,82.9,38.023
QM9_02761,C#CC12COCC1OC2,9,-6.9117,0.868,7.7797,1.0933,73.73,29.848
QM9_02762,CC12CN3C(CCO1)C32,9,-6.3321,2.2177,8.5471,0.9172,77.18,30.588
QM9_02763,C#CC12CN(C1)C21CC1,9,-6.6423,0.8762,7.5185,1.3064,83.53,31.471
QM9_02764,CC(O)C1NC1C#N,8,-7.4423,0.4408,7.8831,4.2782,65.84,30.5
QM9_02765,OC1C2CC3OC3C1O2,9,-6.8709,1.2544,8.1253,1.8223,65.37,27.254
QM9_02766,CN=C1OCOCC1O,9,-7.045,0.4435,7.4886,1.9991,71.0,31.823
QM9_02767,OC1C(O)C1C1CN1,8,-6.2804,1.317,7.5974,2.9619,63.86,29.903
QM9_02768,Nc1nccc(F)n1,8,-6.362,-0.7021,5.66,1.4198,59.6,23.849
QM9_02769,O=C1CN=C(C2CC2)N1,9,-6.5824,-0.3157,6.2668,3.4195,75.46,29.68
QM9_02770,CC(O)C(=N)OC(N)=O,9,-7.0614,-0.098,6.9607,5.0175,66.73,35.489
QM9_02771,CC(C)c1nc(O)c[nH]1,9,-5.2191,0.9823,6.1988,2.8443,78.58,34.494
QM9_02772,C1CC12C1NC2C12CO2,9,-6.4818,2.2395,8.7212,2.1185,77.09,29.689
QM9_02773,C[NH+]=C(N)CC(=O)[O-],8,-5.2191,1.298,6.5198,1.1805,63.07,33.887
QM9_02774,CC1CC1C#CC1CO1,9,-6.4627,0.6857,7.1484,2.1842,88.06,33.865
QM9_02775,CC1NC1c1cn[nH]c1,9,-6.1035,0.6367,6.7403,3.4835,78.43,30.417
QM9_02776,COCC1(C(C)=O)CN1,9,-6.4437,-0.3184,6.1253,2.6508,76.67,35.997
QM9_02777,COC(C=O)C1CC1C,9,-6.5117,-0.8027,5.7089,1.9776,80.5,36.734
QM9_02778,CC1C2OC(N)=NC12C,9,-5.8232,1.4966,7.3199,1.35,76.36,33.905
QM9_02779,O=CC1C=CCC(O)C1,9,-6.5389,-0.8136,5.7253,3.2762,78.3,32.764
QM9_02780,ON=C1CC2OCCC12,9,-6.6858,-0.0272,6.6586,0.7972,75.12,30.363
QM9_02781,O=CN1CC2C3CC3C21,9,-6.528,0.7265,7.2546,4.4112,76.94,28.628
QM9_02782,CNC(C=O)(C=O)C=O,9,-6.7022,-1.9892,4.713,3.2071,67.82,34.053
QM9_02783,C1=CC2C=CCC(C1)C2,9,-6.0382,0.4354,6.4736,0.388,86.86,29.964
QM9_02784,CC1OC2C(C)C12C#N,9,-7.0858,0.2939,7.3797,3.1923,77.9,32.736
QM9_02785,N#CCOc1ncc[nH]1,9,-6.0355,0.0626,6.0981,4.0091,68.88,27.918
QM9_02786,C#CC1C(=O)C2(C)NC12,9,-6.3158,-0.6286,5.6872,3.8842,77.05,32.188
QM9_02787,O=C1NCCCNC1=O,9,-6.3838,-0.4136,5.9702,6.6777,69.95,30.613
QM9_02788,CCC1OC(=O)C1OC,9,-6.8545,0.0,6.8518,3.3524,72.65,33.866
QM9_02789,CC1OCC1=NO,7,-6.7403,-0.0599,6.6777,1.103,57.57,25.694
QM9_02790,Cn1cnc(=N)c(F)n1,9,-6.2559,-1.181,5.0749,5.4787,71.78,27.755
QM9_02791,CC(=O)N(C)C1(C)CC1,9,-6.2695,0.8626,7.1321,3.2251,82.82,38.368
QM9_02792,N#CC#CCC=O,7,-7.6328,-1.7279,5.9049,3.1893,61.99,23.063
QM9_02793,O=CC1CC1C(F)(F)F,9,-7.0341,-0.8381,6.196,3.1171,56.03,29.49
QM9_02794,C1=CC2C3C(C1)C1C2C31,9,-6.2396,0.6912,6.9307,0.3293,82.1,26.895
QM9_02795,CC1C2CC(CO)C1C2,9,-7.0858,2.1633,9.2519,1.3571,85.4,34.768
QM9_02796,Cc1ccc([N+](=O)[O-])[nH]1,9,-6.46,-1.981,4.4763,5.2352,77.94,28.834
QM9_02797,CC12C(O)CC3CC1C32,9,-6.7321,2.0844,8.8192,1.3164,81.27,32.63
QM9_02798,COC1C(=O)CC1C,8,-6.1416,-0.664,5.4777,2.1754,68.81,31.219
QM9_02799,C#CC1(C)CCC1OC,9,-6.7076,1.4259,8.1335,1.4025,85.7,37.503
QM9_02800,CC1C2N=C(C=O)OC12,9,-6.928,-2.1198,4.8083,4.0683,71.7,29.134
QM9_02801,CCC1N2C(=O)CC12C,9,-6.5307,-0.1578,6.3729,4.0528,79.6,34.637
QM9_02802,CC1COC(=N)NC1=O,9,-6.9307,-0.2884,6.6423,3.195,72.24,30.647
QM9_02803,COC1CCOC1C#N,9,-7.3389,0.3701,7.709,4.0679,71.53,31.768
QM9_02804,N=c1nc(N)[nH]c(F)n1,9,-6.2613,-0.2857,5.9756,6.845,65.56,28.031
QM9_02805,N#CCC(N)COC=O,9,-7.4097,0.1769,7.5893,4.2995,71.06,33.625
QM9_02806,c1cc2c([nH]1)N1CC1C2,9,-4.9552,1.3742,6.3266,0.9242,78.54,27.337
QM9_02807,CC1=C(C#N)CNC1=O,9,-7.2491,-1.9728,5.279,2.518,76.46,30.263
QM9_02808,COc1coc(C=O)c1,9,-6.2858,-1.5864,4.6967,4.5187,75.04,29.086
QM9_02809,OC1CC12C1CN2C1,8,-6.4328,1.5837,8.0165,2.3368,68.99,27.781
QM9_02810,C#CCC12OC1CC2C,9,-6.8409,1.2681,8.109,1.9726,80.41,34.268
QM9_02811,C#CCOC(C)(C)CC,9,-6.9634,1.0041,7.9702,1.1025,87.33,41.675
QM9_02812,COCCC1(C)CCC1,9,-6.7892,2.1279,8.9172,0.9983,90.04,39.025
QM9_02813,CC1=CNC(=O)CC1O,9,-5.9838,-0.332,5.6545,3.4345,76.21,33.083
QM9_02814,C#CC1(C#N)CCN1,8,-7.0042,-0.2068,6.7974,4.7541,67.89,28.013
QM9_02815,C1NC1C12CC(C1)O2,8,-6.3022,1.8749,8.177,1.2872,68.48,26.511
QM9_02816,CC1C=CC2C(O)CC12,9,-6.411,0.3157,6.7267,1.742,82.88,33.048
QM9_02817,CC1OC2C(C)C1C2O,9,-6.2205,1.8966,8.1172,0.698,78.14,34.43
QM9_02818,CC1C2C3CN4C3C1C24,9,-6.03,2.1443,8.1743,1.6524,80.67,27.95
QM9_02819,C#CC1(C(C)C)NC1C,9,-6.4164,1.0422,7.4586,1.0427,89.22,39.845
QM9_02820,CC1C(C#N)=CC2NC21,9,-6.9008,-1.3034,5.5974,5.3127,80.46,30.044
QM9_02821,C#CC(C)(C)OCC=O,9,-6.9824,-0.7456,6.2368,2.9653,78.79,38.218
QM9_02822,C#CCOCCC,7,-6.9226,0.9442,7.8641,1.2481,67.87,30.04
QM9_02823,O=CCc1cnnnn1,9,-7.2165,-2.7973,4.4219,3.199,67.91,26.556
QM9_02824,COCc1coc(N)n1,9,-5.5239,0.9442,6.4681,1.1512,72.2,31.98
QM9_02825,CC1OC2(C=O)COC12,9,-6.9416,-1.3442,5.5974,2.1837,69.31,30.494
QM9_02826,CC1CC1C1C2CC1C2,9,-7.0886,2.4273,9.5131,0.208,89.82,33.515
QM9_02827,CC12CCCC1CO2,8,-6.5226,2.2313,8.7539,1.6476,73.5,29.344
QM9_02828,CC12CC3CC1(CO2)O3,9,-6.675,1.6109,8.2831,0.8907,74.23,30.155
QM9_02829,Cn1cc(N)cc1O,8,-4.3838,1.8667,6.2505,1.1093,68.72,31.198
QM9_02830,C#CC1=CC2(C)OC2C1,9,-6.2668,-0.868,5.3987,1.7212,84.54,32.151
QM9_02831,CC1C(=O)C=CC2NC21,9,-6.4409,-1.4041,5.0368,4.4015,78.36,30.417
QM9_02832,O=C1CC2C(O)C2(O)C1,9,-6.4709,-0.2912,6.1797,2.9503,67.7,32.174
QM9_02833,Cc1[nH]c(C=O)nc1O,9,-5.8532,-1.5157,4.3348,5.0836,78.27,30.456
QM9_02834,C1C2CN1c1onnc12,9,-6.3484,-1.8585,4.4899,4.4791,75.96,26.069
QM9_02835,CC12CC1(O)COCO2,9,-6.6369,1.8477,8.4845,1.681,71.15,33.165
QM9_02836,CC12CC=C(C=O)C1N2,9,-6.5852,-1.7225,4.8654,4.1238,80.4,31.213
QM9_02837,CC(=O)OC1COC1=O,9,-7.6709,-0.3184,7.3525,3.6293,63.27,29.748
QM9_02838,C#CC1CC2CC1C2O,9,-6.743,1.3415,8.0845,1.0904,80.7,32.492
QM9_02839,COC1C(OC)C1(C)C,9,-5.9402,1.9483,7.8886,1.8912,84.62,40.032
QM9_02840,N=c1[nH]cc(F)[nH]c1=O,9,-5.5294,-1.0231,4.5062,3.8052,65.75,28.02
QM9_02841,C#CCOC(=N)OCC,9,-7.1076,0.5361,7.6464,0.9465,77.28,35.467
QM9_02842,O=C1CN(C2CCC2)C1,9,-6.2205,-0.6231,5.5974,2.6423,80.99,31.996
QM9_02843,CC1NCCCOC1=O,9,-6.2722,0.4517,6.7239,4.6741,75.65,32.82
QM9_02844,CC1=CC2CC(C2)C1O,9,-6.3049,0.4054,6.7076,1.4201,83.67,33.088
QM9_02845,CC1CC(=O)CCCO1,9,-6.4056,-0.2912,6.1117,2.2973,79.09,33.942
QM9_02846,CC1CCC1(N)C#N,8,-6.9552,0.7728,7.728,4.475,72.19,31.726
QM9_02847,CC1CCc2[nH]ncc21,9,-5.9974,0.7456,6.7403,2.5883,81.26,29.918
QM9_02848,N#CC1(N)C=CNC1=N,9,-6.2124,-0.7021,5.5103,5.1679,72.86,31.245
QM9_02849,CC#CC(C)CNC=O,9,-6.6287,0.7946,7.4233,3.5436,86.15,37.583
QM9_02850,CC12OC1(C)C1(O)CC12,9,-6.362,1.8286,8.1906,3.0052,75.01,34.76
QM9_02851,O=CNC1C(O)C2NC12,9,-6.4709,0.8381,7.309,5.0143,70.08,30.625
QM9_02852,CCCCC1(C=O)CO1,9,-7.0015,-1.0014,6.0028,2.103,80.33,36.322
QM9_02853,CCN=CNC(N)=O,8,-6.509,0.2939,6.8028,2.5429,71.79,32.283
QM9_02854,C#CC1(C)C=CC2NC21,9,-6.4872,0.0925,6.5797,1.2494,82.65,32.602
QM9_02855,O=c1[nH]c(N2CC2)co1,9,-5.5838,0.8789,6.4627,5.6458,68.42,28.342
QM9_02856,C#CC(O)C1OCC1O,9,-7.0722,0.6748,7.7444,1.1757,70.05,32.823
QM9_02857,C1C2CN1C1(CC1)CO2,9,-5.8178,2.4109,8.226,0.2925,78.28,29.999
QM9_02858,O=C1C=CC(CO)N1,8,-6.5525,-0.7565,5.796,4.8968,63.79,27.521
QM9_02859,OCC1C2OC2C12CN2,9,-6.743,1.5293,8.2723,0.6129,71.26,31.579
QM9_02860,OCC1=CC2(O)CC1C2,9,-5.8722,0.5578,6.4301,2.3101,77.19,33.1
QM9_02861,CCC1N=CN(C)C1=O,9,-6.6205,-0.3891,6.2314,2.4595,78.25,32.951
QM9_02862,O=c1[nH]c2ccoc2[nH]1,9,-5.1402,0.3592,5.4994,3.0342,65.89,26.082
QM9_02863,C#CC1NC(C#N)C1N,9,-6.9443,-0.0707,6.8736,3.4643,76.5,32.7
QM9_02864,CCC(C)(CO)CC#N,9,-7.6627,0.8898,8.5525,4.8312,81.91,39.737
QM9_02865,CC(=O)OCC(O)CO,9,-6.958,-0.1878,6.7729,3.813,69.21,35.911
QM9_02866,C#CC1C(C)C1C(C)=O,9,-6.4437,-0.4544,5.9892,2.7346,83.63,36.39
QM9_02867,c1nc2c[nH]nnc-2n1,9,-7.2682,-2.1198,5.1484,5.4468,70.78,21.886
QM9_02868,CN1CC2CCC21C#N,9,-6.1824,0.3401,6.5226,3.5492,80.76,32.047
QM9_02869,C#CC1CC2C1C2(C)C,9,-6.7675,1.3279,8.0954,0.7728,88.78,36.298
QM9_02870,COC1OC2C3NC2C13,9,-6.3702,2.2613,8.6315,1.6705,71.78,28.393
QM9_02871,CCC1CC=CC1O,8,-6.7947,0.3347,7.1267,1.577,75.65,31.767
QM9_02872,O=C(CO)C(O)C1CN1,9,-6.8981,-1.2517,5.6464,1.731,68.73,33.768
QM9_02873,CC1(O)C2OC3(C)C2C13,9,-6.3321,2.2504,8.5825,2.297,74.42,33.041
QM9_02874,CCOCC1OC1(C)C,9,-6.8328,2.3783,9.2111,2.3584,84.67,39.49
QM9_02875,COC1CCC=C1C#N,9,-7.045,-1.2408,5.8069,3.6882,81.23,31.807
QM9_02876,COc1ccc(=N)on1,9,-6.2858,-1.8422,4.4436,3.1695,74.46,29.203
QM9_02877,N#CCC1CC1,6,-8.2423,0.9415,9.1838,4.0027,53.78,21.499
QM9_02878,CC1=CCCC=C(C)C1,9,-6.0382,0.7184,6.7566,0.2615,94.07,36.397
QM9_02879,N=C1OC2CC3CNC132,9,-6.3702,0.4027,6.7729,3.5299,74.14,27.88
QM9_02880,O=C1OC2CC3C(O1)C23,9,-7.4559,1.0912,8.5471,5.5988,63.72,25.056
QM9_02881,O=C1OC2C3CC2C1N3,9,-6.4899,0.1333,6.6233,3.8068,67.3,24.729
QM9_02882,CC1OC2C(O)COC12,9,-6.6831,1.7932,8.4736,1.0265,70.48,31.721
QM9_02883,CC1C2CC(CC=O)N12,9,-6.2695,-0.5361,5.7334,3.3151,78.95,33.114
QM9_02884,OC12C3C4C3C1C42,7,-5.9539,1.9783,7.9348,1.3185,56.01,21.551
QM9_02885,OC1C=CC=CC(O)C1,9,-6.0573,-0.9279,5.1293,2.5516,80.38,33.656
QM9_02886,O=CC(=O)CC1CN1,8,-6.6967,-2.8191,3.8776,1.8375,62.45,27.855
QM9_02887,C#Cc1cnoc(=O)c1,9,-7.4042,-2.8545,4.547,5.4693,74.45,27.144
QM9_02888,CC(=O)C(C)CC1CC1,9,-6.4518,-0.2041,6.2477,2.5891,86.31,38.48
QM9_02889,C#Cc1nc(O)[nH]c1N,9,-5.0205,0.4544,5.4749,3.0083,74.82,31.872
QM9_02890,C1CC2(CN2)COCO1,9,-6.7838,1.8857,8.6695,2.5271,74.82,31.211
QM9_02891,CC12C3CN1CC32O,8,-5.8586,1.9864,7.845,1.9989,68.1,28.266
QM9_02892,CC(C#N)C1(C#N)CN1,9,-7.8478,-0.234,7.6137,1.5233,73.16,32.154
QM9_02893,N=C1NC23CCC12OC3,9,-6.3865,0.664,7.0477,4.2982,73.49,29.379
QM9_02894,C1OC(C2CO2)C2NC12,9,-6.6233,1.9402,8.5607,2.3208,72.05,28.994
QM9_02895,CC1OC(CO)C1C#N,9,-7.2328,0.3483,7.5811,3.2759,72.09,33.275
QM9_02896,Cc1nnn(C=O)c1C,9,-7.0586,-1.7715,5.2872,5.9014,75.25,30.76
QM9_02897,CC1C=CC(=O)NC1,8,-6.4926,-0.8626,5.63,4.2592,71.28,28.297
QM9_02898,CC12CC3C(OCO1)C32,9,-6.4137,2.381,8.7947,1.6796,73.59,29.83
QM9_02899,CC1Cn2nc(O)cc21,9,-5.7089,0.8027,6.5117,2.75,76.17,29.865
QM9_02900,OC12CCOCOC1C2,9,-6.5008,2.0191,8.5199,2.0652,71.19,31.714
QM9_02901,CC12NC1(C)C1(C)OC21,9,-6.5416,2.0191,8.558,1.2677,78.47,35.125
QM9_02902,C#CC1CC(COC)C1,9,-6.8872,1.3578,8.2451,1.3886,87.08,36.12
QM9_02903,C1C2C3CC3C3OC3C12,9,-6.8273,1.9075,8.7321,1.8415,76.79,28.453
QM9_02904,O=CC1=CCC(CO)C1,9,-6.7267,-1.4259,5.3008,2.8904,80.38,32.803
QM9_02905,C#CC1C2OCC12C,8,-6.2668,1.3007,7.5675,2.1259,71.38,29.217
QM9_02906,CC1(C=O)OC1(C)CO,9,-7.0505,-1.1347,5.913,1.3897,73.09,36.843
QM9_02907,C#CC1=CC2CC1(C)O2,9,-6.1171,-0.9388,5.1783,1.5397,82.99,31.623
QM9_02908,O=COCc1ncno1,9,-7.9675,-1.3687,6.596,3.148,60.73,25.849
QM9_02909,OCC1=CC2C3OC2C13,9,-6.0273,0.0707,6.0981,2.6474,73.31,29.085
QM9_02910,CNC(=O)NC=O,7,-6.8328,-0.1986,6.6341,6.333,53.67,26.01
QM9_02911,COc1ccnc(=O)[nH]1,9,-6.1171,-1.0531,5.064,6.5074,72.61,28.551
QM9_02912,COC1(C2(C)CN2)CC1,9,-6.3403,1.9946,8.3348,2.1369,81.82,37.283
QM9_02913,N=C1NCC(=O)N1C=O,9,-6.9688,-1.1701,5.7987,5.413,66.11,28.356
QM9_02914,CN1CC2CC13COC23,9,-5.4913,1.5429,7.0341,2.3764,79.58,30.405
QM9_02915,CCOC1(C)CC1(C)C,9,-6.5498,2.2613,8.811,0.9265,90.62,42.111
QM9_02916,CC1(C)CC2COCC21,9,-6.7348,2.1633,8.9008,1.4195,84.52,34.453
QM9_02917,OCC1C2CC3NC3C12,9,-6.3321,1.8803,8.2097,2.3133,77.88,31.673
QM9_02918,CCC1=C(C)CNC1=O,9,-6.4573,-0.3891,6.0681,4.1133,83.61,35.075
QM9_02919,N#CC1(O)CC(O)C1=O,9,-6.9362,-1.7715,5.1647,4.0433,63.75,31.866
QM9_02920,CC1(C(=O)C=O)CCC1,9,-6.6722,-2.5225,4.1497,1.2775,76.06,33.986
QM9_02921,N#CC1CC1COC=N,9,-7.3389,0.381,7.7199,2.0935,76.7,31.945
QM9_02922,CC12CC(C1)C1C(O)C12,9,-6.4818,1.9674,8.4491,1.4187,82.05,32.608
QM9_02923,CC1=CC(=N)OC1(C)C,9,-6.4192,-0.5361,5.8831,4.0277,84.89,35.567
QM9_02924,[NH3+]C1CC=C(C(=O)[O-])C1,9,-6.7865,-1.1266,5.66,4.4448,74.93,32.285
QM9_02925,CC1CC2(C)C(=O)CN12,9,-6.1117,-0.6531,5.4586,2.3106,79.16,33.988
QM9_02926,CC12CC1C(O)C(=O)N2,9,-6.577,0.3483,6.9253,3.5932,72.04,32.142
QM9_02927,CC(O)c1cc(O)n[nH]1,9,-5.9239,0.6014,6.5226,1.8107,70.87,32.782
QM9_02928,N#CC1(O)C2C=CC1O2,9,-7.094,-0.6912,6.4056,1.226,65.83,28.357
QM9_02929,CC1CCC2CC2C1,8,-7.0205,2.2014,9.2219,0.2033,80.98,31.089
QM9_02930,N#Cc1c[nH]nc1O,8,-6.8137,-0.6123,6.2015,5.641,59.33,23.68
QM9_02931,C1OC2C3OC4C(C13)C24,9,-6.0627,2.498,8.5607,1.3529,68.01,24.141
QM9_02932,CC1CC2CC12C(N)=O,9,-6.5117,0.7184,7.2301,3.4374,79.73,34.79
QM9_02933,CCC(O)C1CCOC1,9,-6.9552,1.9347,8.89,2.2125,81.17,35.916
QM9_02934,C#CC1N=COC1CO,9,-7.0015,0.1497,7.1512,0.359,70.26,31.126
QM9_02935,N=c1cc(F)[nH]cc1F,9,-5.5919,-0.4408,5.1511,5.1628,66.49,27.874
QM9_02936,CN=COCCCCO,9,-6.6858,0.7429,7.4287,2.004,85.54,38.591
QM9_02937,CC#CC1NCC1=NO,9,-6.3838,0.0272,6.411,0.8034,82.49,33.909
QM9_02938,C#CCC(O)C(N)=O,8,-7.1947,0.351,7.543,3.6617,63.1,31.412
QM9_02939,CC12OC3(C)C1NC23,8,-6.294,1.9592,8.2532,1.2704,68.55,28.63
QM9_02940,COC(C)C(C)C1CC1,9,-6.6994,2.4082,9.1077,1.0528,89.7,40.605
QM9_02941,OCC1CC2CCCC12,9,-7.075,2.098,9.173,1.2974,84.43,33.861
QM9_02942,CCCC12CC1CC2C,9,-6.5416,2.2259,8.7675,0.2848,93.24,38.275
QM9_02943,Cc1cc2[nH]cnc2[nH]1,9,-4.8518,0.6803,5.5348,2.0004,79.98,28.896
QM9_02944,N#CC12COC1CCO2,9,-7.4831,0.2204,7.7035,3.6562,68.53,27.994
QM9_02945,CC1C=CC(C#N)C1C,9,-7.1892,-0.0517,7.1375,3.9897,83.34,33.944
QM9_02946,CC12CN1C=NC2CO,9,-6.6831,-0.2204,6.46,2.3201,75.31,32.194
QM9_02947,OC1C2C3C1C2C31CO1,9,-6.9552,2.0381,8.9934,2.9716,73.08,28.77
QM9_02948,CC1C2CC3(C)C(O2)C13,9,-6.1307,2.5905,8.7212,1.4595,80.88,31.883
QM9_02949,OC12C=CC3C4C1C2N34,9,-6.1743,0.1605,6.3375,0.898,71.86,27.541
QM9_02950,CCc1cncc(N)c1,9,-5.6845,-0.302,5.3797,3.1066,87.47,32.844
QM9_02951,Cc1c(F)cncc1F,9,-6.9743,-0.9007,6.0763,1.638,67.27,27.878
QM9_02952,O=C1CC2(C=CN1)CO2,9,-6.0899,-0.5252,5.5647,2.8811,72.61,29.04
QM9_02953,N=C1OC2CN3C1CC23,9,-6.3484,0.3265,6.6777,2.8205,72.65,26.115
QM9_02954,O=C1CC2=CCN3C1C23,9,-6.2994,-1.0422,5.26,2.4241,75.09,26.387
QM9_02955,COC1=NC(C)C(=O)N1,9,-6.6477,0.0707,6.7158,3.0744,70.76,31.912
QM9_02956,CCC1CCC12CO2,8,-6.9171,2.0545,8.9716,1.7961,75.0,31.259
QM9_02957,CCc1cc(=N)ocn1,9,-6.3321,-1.3796,4.9525,1.7443,80.93,30.329
QM9_02958,O=C1CC(CC2CO2)O1,9,-7.4859,0.1605,7.6464,3.6923,69.09,29.857
QM9_02959,CC1(O)C=CN(C=O)C1,9,-6.1226,-0.3891,5.7334,2.2739,78.02,33.185
QM9_02960,CCN1C(C=O)C1(C)C,9,-6.1851,-0.8844,5.3008,1.7471,85.73,38.567
QM9_02961,Cc1c(N)c[nH]c1N,8,-4.6042,1.6817,6.2858,1.0247,71.9,32.521
QM9_02962,CCC(=NCCO)OC,9,-6.6015,0.2966,6.8981,3.1297,82.84,38.705
QM9_02963,N#CC1CC1(N)C(N)=O,9,-6.6886,0.1415,6.8301,7.2294,71.12,33.556
QM9_02964,OC1(C2CO2)CC=CC1,9,-6.8246,0.4163,7.2409,2.4869,76.0,32.296
QM9_02965,CCC12CC3C1OC32,8,-6.2287,2.1307,8.3593,1.8514,71.26,27.802
QM9_02966,CC1CC2=CCOC2C1,9,-6.1198,0.4735,6.5933,1.7133,85.08,31.805
QM9_02967,Oc1[nH]cnc1N1CC1,9,-5.1919,1.0912,6.2831,1.5586,72.56,29.507
QM9_02968,O=CC1(CCO)CN1,8,-6.8573,-0.7973,6.0627,2.3393,65.12,30.824
QM9_02969,CC(O)C1CN1C1CC1,9,-5.7579,1.9293,7.6872,1.5347,83.19,37.002
QM9_02970,N=COC1C(O)C1CO,9,-6.9688,0.1088,7.0777,3.3622,70.14,34.012
QM9_02971,O=CC1=CC2C3CC1C23,9,-6.4981,-1.4449,5.0532,3.7473,80.7,27.356
QM9_02972,CC1C=C2C(C)CC2O1,9,-6.1362,0.302,6.4382,1.4846,86.04,33.623
QM9_02973,N=c1ncnc(CO)o1,9,-7.3199,-2.264,5.0559,1.523,68.04,27.904
QM9_02974,O=C1C2C3C4CN1C4C23,9,-6.4926,0.0,6.4926,4.3839,70.54,24.63
QM9_02975,N#CCNC(=O)CCO,9,-7.328,0.098,7.4287,3.6983,71.1,34.406
QM9_02976,C#CC(C=O)CC,7,-6.8654,-0.868,5.9947,2.3015,63.86,28.658
QM9_02977,CCC(C#N)C1(C)CN1,9,-6.879,0.6748,7.5539,3.3009,82.42,36.832
QM9_02978,Cc1nc(O)cc(=N)o1,9,-5.9348,-1.1293,4.8055,3.9197,74.33,29.823
QM9_02979,CC1(C(O)C2CN2)CN1,9,-6.4301,1.8558,8.2831,2.9276,78.13,34.907
QM9_02980,N=c1cnc(=N)onn1,9,-7.7389,-3.4939,4.2477,2.6046,71.27,26.738
QM9_02981,c1cc(C2COC2)c[nH]1,9,-5.6192,0.9959,6.6151,3.1084,77.98,29.313
QM9_02982,CC#CC1(C)C2CCC21,9,-6.1226,1.6708,7.7933,0.0801,92.24,35.712
QM9_02983,C1C2CC2C2C3OC1C32,9,-6.1307,2.2123,8.343,1.6611,76.5,27.596
QM9_02984,O=C1CCC2CC3C2N13,9,-6.5144,0.0707,6.5824,3.9243,74.07,27.561
QM9_02985,N#CC1(CO)C=CCO1,9,-7.2573,-0.5388,6.7185,5.4599,70.6,30.846
QM9_02986,CC1(O)Cn2nncc21,9,-6.9335,0.166,7.0995,5.3369,71.19,29.382
QM9_02987,C#CC1(C=O)COC1=O,9,-7.358,-1.6408,5.7198,3.3503,65.49,29.397
QM9_02988,N#CC1(CN)CN=CO1,9,-7.0178,-0.0626,6.958,4.384,69.2,30.617
QM9_02989,CCC1(C)C(=O)CC1O,9,-6.3511,-0.4898,5.8641,2.8389,78.79,37.822
QM9_02990,Cc1nc(N)[nH]c1C#N,9,-5.8178,-0.4082,5.4123,5.0021,78.61,31.271
QM9_02991,CC1=CCCC2(C)NC12,9,-5.8777,0.6585,6.5362,1.5047,88.66,34.977
QM9_02992,O=C1C(CO)C2CC12O,9,-6.7702,-0.7293,6.0409,2.8157,69.34,32.531
QM9_02993,C#Cc1n[nH]nc1O,8,-6.3348,-0.6803,5.6545,1.6677,61.62,24.822
QM9_02994,O=CC1C2OCC12CO,9,-6.5688,-0.7891,5.7797,2.5186,69.78,31.402
QM9_02995,CN(C)C1CC(O)C1=O,9,-5.6083,-0.7782,4.83,1.9428,76.41,36.047
QM9_02996,CC1CC2OC3C(C1)C23,9,-6.1443,2.1932,8.3376,1.689,80.22,30.77
QM9_02997,C#CC1(C)OC1(C)CO,9,-7.0178,0.5987,7.6165,1.8578,78.4,38.045
QM9_02998,C#CC1(O)C(O)C1(C)O,9,-6.2232,0.5388,6.762,0.6145,72.49,37.889
QM9_02999,O=CC1CC12C=CCC2,9,-6.2967,-0.5633,5.7362,3.4284,84.59,31.454
QM9_03000,CC12CC(C1)C1(C)CN21,9,-6.1198,2.6313,8.7512,1.279,85.68,33.611
QM9_03001,CC1C2CCC=CC12O,9,-6.2368,0.4653,6.7022,1.1832,83.71,34.562
QM9_03002,OCC12OCC3C1NC32,9,-6.4681,2.0953,8.5607,3.3489,71.18,29.02
QM9_03003,CC12CC1CC21CC1,8,-6.3947,2.5633,8.958,0.3442,79.13,30.772
QM9_03004,CC12OCC3CC1OC32,9,-6.6042,2.2939,8.8981,1.0271,73.23,28.722
QM9_03005,CC1CC2C(O1)C2(C)O,9,-6.0409,2.0191,8.06,0.5111,78.12,35.511
QM9_03006,CNC1CC2NC12C#N,9,-6.1906,0.2721,6.4627,4.1307,78.98,32.022
QM9_03007,O=C([O-])CC1C[NH+]2CC12,9,-7.1076,0.4762,7.5838,5.28,71.36,29.681
QM9_03008,CCN=c1ocno1,8,-6.7457,-0.4463,6.2994,1.2227,62.01,25.817
QM9_03009,NC(=O)C1(CCO)CC1,9,-6.6722,0.7946,7.4641,2.703,75.62,36.734
QM9_03010,CN=C1C(=O)CC2CN12,9,-6.1498,-1.9919,4.1579,2.5741,77.44,30.393
QM9_03011,NC12C(=O)OCC1C2O,9,-6.7185,-0.068,6.6505,2.9598,64.1,30.694
QM9_03012,C#CC(C)C#CCC#N,9,-7.3226,0.2939,7.6165,3.4184,83.48,34.801
QM9_03013,CC1CNC(=O)O1,7,-7.0858,1.4613,8.5471,4.9124,53.69,23.489
QM9_03014,C#CC(O)C([NH3+])C(=O)[O-],9,-7.0559,-0.166,6.8899,4.6131,66.55,33.819
QM9_03015,C1CC2CC3OC3C2C1,9,-6.9226,2.2477,9.1702,1.7309,80.22,29.45
QM9_03016,CCCCCN=COC,9,-6.5634,0.7674,7.3307,2.9101,91.14,39.97
QM9_03017,CC(O)C1(C)CN1,7,-6.3375,1.7361,8.0736,2.6786,63.57,30.426
QM9_03018,CC1OCCC12CCO2,9,-6.577,2.1279,8.7049,2.0197,77.82,32.701
QM9_03019,CC#CC1(O)C(C)C1O,9,-6.3022,0.8218,7.1239,2.377,81.67,38.447
QM9_03020,C#CCC(C#N)OCC,9,-7.4859,0.283,7.7716,3.0101,79.09,35.963
QM9_03021,C1C2C3N2C1C31CN1,8,-6.4273,1.9783,8.4083,2.5485,67.69,24.296
QM9_03022,OCC1NC12CC=CC2,9,-6.5144,0.6095,7.1239,2.3369,80.16,32.736
QM9_03023,CC12CC3CC1C2C3O,9,-6.7539,2.0164,8.7702,1.707,80.5,32.086
QM9_03024,CCC1=CCCOCC1,9,-6.1008,0.5905,6.6886,1.117,88.94,35.355
QM9_03025,CC1(C)C(O)CC2CN21,9,-6.0654,1.8613,7.9267,2.3565,80.86,36.014
QM9_03026,C#CC(CO)CC#CC,9,-6.7756,0.9905,7.7661,1.3437,87.28,38.073
QM9_03027,C1CC2C(=N1)N1CC21,8,-6.4137,-0.0163,6.3974,3.2961,68.4,24.17
QM9_03028,Oc1ccncc1,7,-6.8301,-0.2558,6.577,2.6912,58.03,20.501
QM9_03029,N#CC1CCC2CC12,8,-7.8151,1.0912,8.9063,4.3,71.35,26.648
QM9_03030,C#CC1C(C)OC1C,8,-6.7593,1.1075,7.8668,1.1937,73.55,32.105
QM9_03031,C#CC1NC1C#CC#N,9,-7.3063,-1.3551,5.9484,5.73,84.07,30.229
QM9_03032,CC1CCC2(CCC2)O1,9,-6.3729,2.117,8.49,1.2715,85.55,34.43
QM9_03033,CC1C=CC(C)OC=N1,9,-6.3838,-0.098,6.2858,2.1255,81.98,33.724
QM9_03034,CCOC1CC1C1CC1,9,-6.528,2.4055,8.9362,0.9977,88.22,36.774
QM9_03035,C1OC1C1OC12COC2,9,-7.0042,1.5102,8.5144,1.6695,69.4,29.619
QM9_03036,CC1(C(N)=O)CNC1=O,9,-6.6831,0.2857,6.9688,1.6779,68.99,33.261
QM9_03037,CC1NC2(C#N)CC12C,9,-6.2913,0.2449,6.5362,4.1887,82.22,34.107
QM9_03038,CCN=C(CC)NC=O,9,-6.694,-0.4163,6.2777,1.7235,86.9,37.043
QM9_03039,CNC(=N)c1cn[nH]n1,9,-5.9919,-0.732,5.26,2.8408,73.66,30.193
QM9_03040,CCC1(C#CC=O)CO1,9,-7.3716,-1.8857,5.4858,2.8582,82.08,33.612
QM9_03041,N#CC1C(N)C1(N)C#N,9,-7.0341,-0.4191,6.6151,3.8963,72.36,32.87
QM9_03042,CN(C=O)c1ncno1,9,-7.143,-1.034,6.109,0.6843,66.77,27.404
QM9_03043,CC12CC3CN3C1CO2,9,-6.177,2.2123,8.3893,0.8884,76.91,30.679
QM9_03044,N#CCC1NCCC1=O,9,-6.5634,-1.1592,5.4042,4.6267,72.71,30.824
QM9_03045,CCN1CC2(CC2)C1=O,9,-6.4709,0.9714,7.4396,3.5314,83.11,33.692
QM9_03046,CN=C1COC(=N)N1C,9,-6.1933,0.2585,6.4491,2.444,79.8,32.617
QM9_03047,CC1NC=NC1(C)C#N,9,-6.6015,0.0844,6.6858,5.7949,76.29,33.057
QM9_03048,OCC12CC1C1(O)CC12,9,-5.8015,1.7116,7.5131,1.9321,75.19,34.061
QM9_03049,C1=CC23C=CCC2(C1)C3,9,-5.8885,0.3347,6.2232,0.2719,83.99,28.781
QM9_03050,COC1(C)C2C3OC2C31,9,-6.2505,1.9864,8.2396,2.3731,74.5,31.968
QM9_03051,OC1C2C3C1C1C2N31,8,-6.4192,1.717,8.1362,0.4408,61.47,23.04
QM9_03052,N=CN(C=[NH2+])CC(=O)[O-],9,-6.7539,-1.0912,5.6627,4.6928,70.61,30.892
QM9_03053,CC(C=O)C(=O)OC=N,9,-7.1756,-1.3061,5.8722,2.4119,70.11,32.773
QM9_03054,N#CC(N)CC1CCO1,9,-6.8709,0.7619,7.6328,3.5842,76.7,33.481
QM9_03055,OCC1OC1C1CO1,8,-7.1484,1.8259,8.9743,2.6655,61.05,28.421
QM9_03056,CC1CN1C1CC1CO,9,-6.0654,2.2531,8.3185,1.7049,84.44,36.801
QM9_03057,CN=CNC=O,6,-6.5525,-0.468,6.0845,4.5664,52.58,22.098
QM9_03058,C#CCc1cccn1C,9,-5.426,1.0095,6.4355,1.7236,84.68,33.157
QM9_03059,CC12C(=O)OCC1C2O,9,-6.9824,0.0136,6.996,3.8421,67.73,31.151
QM9_03060,CC12C3COC14CC2C34,9,-6.1253,2.4654,8.5934,1.465,78.62,29.062
QM9_03061,CC1N2CC1(CC=O)C2,9,-6.313,-0.7293,5.5838,2.2273,80.76,32.906
QM9_03062,CC1(C)C2CC1(C#N)N2,9,-6.996,0.264,7.2573,4.4975,80.84,33.345
QM9_03063,COC1CC1COC=N,9,-6.8845,0.7347,7.6192,3.5283,79.75,35.068
QM9_03064,CC1CC2CCC=CC12,9,-6.294,0.7728,7.0668,0.2152,90.36,33.534
QM9_03065,C#CC(C)C12CC1CO2,9,-6.3756,1.298,7.6736,1.1461,80.73,34.052
QM9_03066,C#CC12CC3C(=O)C1N32,9,-6.9443,-0.7701,6.1743,2.7462,74.13,27.693
QM9_03067,N=C1OC2CC2O1,7,-6.7974,1.3932,8.1906,4.1001,50.79,20.29
QM9_03068,N=C1OC2CCOC2O1,9,-6.9879,1.4912,8.4791,3.7215,65.03,26.338
QM9_03069,CCC1C(N)C1(N)C#N,9,-6.226,0.7619,6.9852,4.9492,81.38,37.529
QM9_03070,CC1(C#N)NC12CCC2,9,-7.0695,0.4354,7.5049,3.1721,81.01,33.406
QM9_03071,N#CC1CN2CC2C1N,9,-6.6423,0.6204,7.2654,2.534,74.59,30.876
QM9_03072,N=c1cnc(CO)n[nH]1,9,-6.2368,-2.2531,3.9837,1.5382,74.34,29.067
QM9_03073,O=CC1CC(=O)C(=O)C1,9,-6.6913,-2.8055,3.8858,3.037,66.64,29.524
QM9_03074,N#CC1(CN2CC2)CO1,9,-6.7811,0.0871,6.8682,4.0889,73.53,31.209
QM9_03075,NC(=O)C12CC(C1)C2O,9,-6.8382,0.3973,7.2355,4.3847,72.67,32.286
QM9_03076,C#CC(CO)OCC=O,9,-7.192,-1.0558,6.1389,2.0582,72.02,35.276
QM9_03077,COCC1C2C=CCN21,9,-5.8885,0.2803,6.1688,2.037,80.52,31.977
QM9_03078,CC(O)C#CC#CC#N,9,-7.3661,-2.2041,5.162,5.2084,100.75,32.72
QM9_03079,CC(CO)OC1(C)CC1,9,-6.6777,2.0626,8.7403,2.3789,82.31,39.348
QM9_03080,Cc1onnc1N(C)C,9,-6.3947,-0.849,5.5457,3.5895,75.56,33.367
QM9_03081,CC(O)CCOC(N)=O,9,-7.1239,1.6164,8.7403,3.8058,72.87,38.066
QM9_03082,CC12OC1CC2C=O,8,-6.5253,-0.683,5.8423,3.2542,65.5,28.274
QM9_03083,C#CC(COC)N1CC1,9,-6.5144,1.132,7.6464,0.9729,82.16,36.127
QM9_03084,O=c1cc[nH]c(F)c1,8,-6.1008,-0.517,5.5838,5.8522,59.52,23.815
QM9_03085,CC(=O)Oc1ccon1,9,-7.2709,-0.6504,6.6178,1.7526,64.98,27.947
QM9_03086,O=C1NC2CC(O)C12O,9,-6.6532,0.2993,6.9525,2.6616,64.98,31.48
QM9_03087,CC1C=C2C3C1C1C2N31,9,-5.6355,-1.2572,4.3783,2.2229,80.26,27.895
QM9_03088,N#CCOC(=O)CN,8,-7.0777,-0.2748,6.8028,3.3692,58.83,28.88
QM9_03089,CC#CC1(C)CC1,7,-6.1226,1.7225,7.845,0.0587,74.05,29.648
QM9_03090,CCC1CC(CO)C1,8,-7.0913,2.1062,9.1974,1.2217,79.08,34.332
QM9_03091,C#CC1CC(C)(C#N)O1,9,-7.5512,-0.2585,7.2927,4.1334,75.47,32.778
QM9_03092,CC1NC(C#N)CC1O,9,-6.694,0.7728,7.4695,2.8579,75.66,33.774
QM9_03093,CC(O)C1C(CO)N1C,9,-6.1307,1.7388,7.8695,1.2121,78.88,39.487
QM9_03094,C1OCC23CC1C2CO3,9,-6.4409,1.1783,7.6219,2.0582,75.12,28.529
QM9_03095,ON=C1CC2OC2C1,8,-6.7022,0.1742,6.8736,1.7673,63.46,26.308
QM9_03096,CC1CC(=O)C2CC12C,9,-6.2994,-0.1551,6.1443,3.3864,82.67,34.529
QM9_03097,C1=CC2OCCOC2C1,9,-6.2586,0.3102,6.5688,0.152,76.37,28.658
QM9_03098,C#CC1OCC1C#CC,9,-6.7593,0.5225,7.2845,2.1412,82.3,33.719
QM9_03099,COC12CCC(C1)C2=O,9,-5.9593,-0.1714,5.7906,2.4524,74.89,31.501
QM9_03100,N=c1[nH]c(=O)[nH]nc1N,9,-5.8368,-1.0286,4.8055,2.0077,69.66,29.486
QM9_03101,CC#CC#CCC(C)=O,9,-6.2151,-0.4435,5.7688,2.2743,97.93,35.898
QM9_03102,C#CC(O)C(C)OC,8,-7.0423,1.1075,8.1498,2.4103,69.8,34.662
QM9_03103,CC1CC(C#CC=O)O1,9,-7.2409,-1.7415,5.4994,3.5879,82.43,32.323
QM9_03104,CC(C#N)C(O)C1CN1,9,-7.1702,0.9306,8.1008,3.9988,75.9,35.296
QM9_03105,COCC(=O)NCC=O,9,-6.8382,-0.898,5.9402,3.5365,71.08,34.484
QM9_03106,C#CC1NC1C#CCO,9,-6.7212,0.2422,6.9661,1.9933,81.47,33.871
QM9_03107,O=C1NC2C3CN1C32,8,-6.2804,0.6367,6.9171,4.8033,59.8,22.892
QM9_03108,C#CCC(O)(C#C)C=O,9,-6.9933,-1.1701,5.8232,2.9096,73.86,35.89
QM9_03109,CCc1[nH]nnc1OC,9,-5.8368,0.0735,5.9103,3.2903,75.94,32.247
QM9_03110,N#CC12OCC1(N)C2N,9,-6.2532,-0.1524,6.1008,4.8258,72.35,32.273
QM9_03111,CCCCOC(=O)C=O,9,-7.1784,-2.2613,4.9198,2.1374,74.7,35.093
QM9_03112,C1=CC2(CCOC2)OC1,9,-6.3375,0.3129,6.6505,2.3611,77.12,29.735
QM9_03113,COC=NCC(C)(C)O,9,-6.6178,0.2803,6.8981,4.5047,84.55,39.971
QM9_03114,COC1C2CC(CO)C21,9,-6.5661,1.9511,8.5172,2.7385,78.57,34.818
QM9_03115,C#CCOC1CC(O)C1,9,-6.9035,0.8762,7.7797,2.2497,78.76,35.088
QM9_03116,C#CCC(N)C(F)(F)F,9,-7.0396,1.317,8.3566,0.5405,59.52,33.555
QM9_03117,O=c1cconc1O,8,-6.9525,-1.7388,5.2164,2.8034,56.23,22.975
QM9_03118,CCCCC(=O)CC#N,9,-7.3471,-0.9116,6.4355,5.7699,81.28,36.531
QM9_03119,C#CC1(O)CC(C#N)C1,9,-7.5294,0.2449,7.7743,4.2605,76.41,33.057
QM9_03120,CC12CC(=O)C1C2O,8,-6.4464,-0.1605,6.2886,3.2171,66.01,29.243
QM9_03121,C[NH+]1C=C(C(=O)[O-])CC1,9,-4.6504,-0.4708,4.1797,15.1179,75.41,31.66
QM9_03122,COC12CC1CCC2O,9,-6.4437,1.9021,8.3457,1.5648,77.76,34.654
QM9_03123,C#CC1N=COC1OC,9,-7.0314,0.3238,7.3552,2.547,71.36,30.956
QM9_03124,Oc1ccncc1O,8,-6.2532,-0.1986,6.0545,2.4716,62.71,25.11
QM9_03125,N#CC12C3C4C3C1(O)C42,9,-6.7566,0.2966,7.0532,5.6649,71.1,27.716
QM9_03126,CC#CCC(C#N)C=O,9,-7.0641,-1.4993,5.5674,2.7426,78.45,33.833
QM9_03127,C#CC1(CCCO)CN1,9,-6.6396,1.1783,7.8178,3.1274,81.99,37.012
QM9_03128,OC12CC3NC3C1C2,8,-6.3375,2.0136,8.3512,0.8945,66.79,27.276
QM9_03129,C1CC2(CC23CCO3)O1,9,-5.7416,1.4749,7.2137,0.4477,76.25,30.957
QM9_03130,CC1C(O)c2cncn21,9,-6.1253,0.683,6.8083,3.0857,75.19,29.682
QM9_03131,O=C(CO)COCCO,9,-6.5362,-0.8653,5.6736,4.6142,70.44,35.806
QM9_03132,CC1C(C)C23CN(C2)C13,9,-5.5185,1.6028,7.1185,2.1663,87.45,33.865
QM9_03133,Cc1[nH]c(N)cc1O,8,-4.4953,1.5048,6.0001,1.9917,69.3,31.713
QM9_03134,O=C1CC=C2C3CN3C12,9,-6.6069,-0.6993,5.9103,3.1275,74.76,27.426
QM9_03135,CC1(O)CCOC1C#N,9,-7.4097,0.4898,7.8995,3.6184,71.37,33.459
QM9_03136,CC(O)C1=CCC(=O)N1,9,-5.9647,-0.1605,5.8042,2.4826,74.92,34.015
QM9_03137,Cc1nc2oncn2n1,9,-7.4124,-1.0885,6.3239,2.2184,65.88,24.514
QM9_03138,OC1C2CC3C1N23,7,-6.7212,1.6817,8.4029,1.6581,55.92,21.639
QM9_03139,CC1C2NC3(C)C1OC23,9,-6.128,1.9647,8.0927,1.2451,77.8,31.356
QM9_03140,NC(=O)c1ncon1,8,-7.3226,-1.5837,5.7389,2.8504,52.41,23.418
QM9_03141,O=C1COCC(CO)C1,9,-6.3076,-0.5578,5.7498,3.7467,72.17,32.858
QM9_03142,CC1C2C(C)(O)CC12C,9,-6.4083,2.1388,8.5471,1.13,86.7,39.074
QM9_03143,O=CC12COC1(CO)C2,9,-6.8709,-0.9905,5.8804,2.7807,70.94,31.781
QM9_03144,O=C1C=CC=CC2CN12,9,-6.4409,-1.6708,4.7674,3.7411,78.64,27.82
QM9_03145,C1=C2CN3CC3C2OC1,9,-6.3783,0.1442,6.5226,1.7016,76.69,27.408
QM9_03146,CCN=C1OCC1NC,9,-6.1933,0.7265,6.9199,2.3695,83.34,35.476
QM9_03147,O=CN(C1CC1)C1CC1,9,-6.196,0.7293,6.928,3.7954,80.84,33.248
QM9_03148,N=C1C=CC2OC2CO1,9,-6.7049,-1.2272,5.4777,3.9183,74.13,27.812
QM9_03149,CC12OC1CC2(O)C#N,9,-7.3226,0.1034,7.426,1.8648,69.05,32.331
QM9_03150,O=C1NC2C(O)C(O)C12,9,-6.596,0.5524,7.1457,3.7968,64.37,30.247
QM9_03151,OC12CC3(O)C1CCC23,9,-6.8192,1.8667,8.6859,1.0329,74.51,31.776
QM9_03152,C#CC(C)(C)C(C)(C)O,9,-6.9988,1.5102,8.509,1.2475,86.85,43.847
QM9_03153,O=C1CCCC12CC2O,9,-6.4056,-0.3456,6.06,2.4046,76.43,32.588
QM9_03154,C1=NC2C(CO1)C1OC21,9,-6.7185,0.5905,7.309,2.6839,67.7,25.804
QM9_03155,C#CCN1C2C3OC2C31,9,-6.3375,0.8708,7.2083,1.1444,73.99,29.074
QM9_03156,CC#CC(N)(C#N)C#N,9,-7.6954,-0.8544,6.8409,6.0614,75.73,33.87
QM9_03157,CC1OC12CC1OCC12,9,-6.7729,1.6789,8.4519,0.7551,75.14,31.154
QM9_03158,CC(C#N)C1NC1C=O,9,-7.1593,-1.1293,6.0273,5.1796,74.13,32.824
QM9_03159,O=C(C#CCO)C1CN1,9,-7.1049,-1.766,5.3362,2.8967,79.28,32.295
QM9_03160,CC#Cc1ccc(N)[nH]1,9,-4.6531,0.4572,5.1076,1.9906,95.21,33.643
QM9_03161,NC1CC=CCOC1=O,9,-6.4382,-0.2966,6.1416,2.0632,72.99,31.594
QM9_03162,C#CC(C)(CC#N)OC,9,-7.4859,0.5034,7.9893,4.7031,77.78,37.006
QM9_03163,Cc1cc(N)c(C)n1C,9,-4.5334,1.3959,5.9294,1.5733,88.98,37.749
QM9_03164,CC12OC3C(=O)C1NC32,9,-6.0763,-0.615,5.4613,4.1622,67.71,27.969
QM9_03165,C#CC1C=C2COC2C1,9,-6.6858,-0.1361,6.5498,1.2207,81.35,30.118
QM9_03166,CC12NC1(C)C1CC2O1,9,-6.5988,2.1007,8.6968,2.1382,77.39,32.073
QM9_03167,CC1(C#N)OC1C1CC1,9,-7.6927,0.2231,7.9158,4.4921,78.37,33.276
QM9_03168,N#CC1CC2C(C=O)N12,9,-7.2682,-1.5102,5.7579,4.3106,69.3,28.556
QM9_03169,O=C1CN2C1C2C1CC1,9,-6.5389,-0.6422,5.8967,2.6075,77.21,30.146
QM9_03170,O=C1OCC(CO)CO1,9,-7.5403,1.132,8.6723,6.9453,65.4,30.645
QM9_03171,OC12COC1C1OC12,8,-6.626,1.1864,7.8124,3.2598,56.0,24.975
QM9_03172,OCCC12C3C4C1N4C32,9,-5.7552,1.7905,7.5457,1.0491,74.24,30.259
QM9_03173,CC1=CC(=O)C(CO)C1,9,-6.6314,-1.366,5.2654,5.1463,80.06,32.972
QM9_03174,COC1CCC=CC1O,9,-6.6831,0.4762,7.1593,2.1654,80.29,34.388
QM9_03175,CCC1COC(=O)CO1,9,-6.8736,0.2313,7.1049,3.9652,72.51,32.358
QM9_03176,CC1C(C)C2OCC12,8,-6.4763,1.9674,8.441,1.7303,73.68,30.317
QM9_03177,CC1(C)C2OCCOC21,9,-6.0355,2.2694,8.3049,0.7474,78.92,34.184
QM9_03178,C1OCC1OCC1CO1,9,-6.792,1.7796,8.5716,2.7005,72.96,31.468
QM9_03179,CC1C2(C#N)CNC12C,9,-6.3212,0.4653,6.7838,3.7544,82.29,33.998
QM9_03180,CCc1oc(O)nc1N,9,-5.0532,0.9932,6.0464,1.5902,72.37,33.018
QM9_03181,CN=C1OCC2CC1C2,9,-6.5117,0.9225,7.4342,3.0407,82.08,31.0
QM9_03182,CC12CC1OCC21CC1,9,-6.0436,2.2422,8.2859,1.4481,81.44,33.154
QM9_03183,N#CC1OC2=NCCC21,9,-7.3852,-0.5279,6.8573,4.4295,69.85,26.926
QM9_03184,O=c1[nH]nc2n1CCN2,9,-5.4967,1.3198,6.8165,4.4383,66.56,26.926
QM9_03185,O=Cc1cccc(O)c1,9,-6.4192,-1.649,4.7702,4.0824,79.04,28.529
QM9_03186,OC12COC1C1(O)CC21,9,-6.4954,1.551,8.0464,0.7056,67.36,31.348
QM9_03187,O=C1CC(C2CC2)C1,8,-6.4736,-0.4435,6.0273,2.942,72.86,29.226
QM9_03188,CC1=C(N)COC1=N,8,-5.6572,0.0707,5.728,4.7764,72.02,29.424
QM9_03189,CC1C2(C)CC3C2C31C,9,-6.4137,2.4735,8.8872,0.261,89.56,36.366
QM9_03190,Cn1ccoc1=N,7,-5.1402,0.7701,5.9103,3.115,56.61,23.322
QM9_03191,CC(CO)C1(C)CN1C,9,-5.962,2.0327,7.9947,0.9956,85.87,40.947
QM9_03192,O=C1COCC12CC2,8,-6.5797,-0.6422,5.9375,2.1211,65.29,26.572
QM9_03193,CC1CCC(C)(O)C1C,9,-6.9525,1.8449,8.7974,1.3522,87.58,40.308
QM9_03194,C#CC1CC12COC=N2,9,-6.3239,0.2313,6.5552,1.115,77.18,29.847
QM9_03195,C#CC(=O)C#CC(C)C,9,-7.1811,-2.0817,5.1021,3.9403,89.25,35.798
QM9_03196,N#CC(N)CCNC=O,9,-6.7756,0.0762,6.8518,6.3715,73.58,34.464
QM9_03197,OC1COC12C1CC2C1,9,-6.4763,1.6517,8.128,2.2673,75.79,30.496
QM9_03198,C1#CCOCCCCC1,9,-6.6505,0.6884,7.3389,1.4082,84.82,33.361
QM9_03199,CC1CCOC(C=O)C1,9,-6.4437,-0.6694,5.7715,2.747,78.73,33.789
QM9_03200,O=CC12CC(=O)CC1N2,9,-6.9988,-1.0803,5.9212,2.4088,69.81,29.201
QM9_03201,CC12CCC3CC3C1O2,9,-6.7838,2.2803,9.0641,1.7626,81.37,32.341
QM9_03202,N#Cc1ncccc1F,9,-7.5974,-2.0653,5.5348,5.8897,71.19,25.028
QM9_03203,CC1CC2(C=O)OCC12,9,-6.6396,-1.0177,5.6219,2.8378,76.02,32.111
QM9_03204,CNC(=O)NCC#N,8,-7.0858,0.5469,7.6328,4.6866,64.29,30.576
QM9_03205,C#CC(C(=O)[O-])[NH+](C)C,9,-6.8518,0.2449,7.0967,4.8634,73.86,35.498
QM9_03206,C1=C2CN3CC23COC1,9,-6.0219,0.4354,6.4573,1.0678,79.67,28.475
QM9_03207,N=C1CC2(CCO1)CC2,9,-6.9062,0.6912,7.5974,3.1552,80.52,31.736
QM9_03208,N#CC1CC(O)C1=NO,9,-7.475,-0.8272,6.645,4.0419,69.55,31.673
QM9_03209,COCCC(=O)NC=O,9,-6.8709,-0.849,6.0246,4.5731,72.27,34.344
QM9_03210,CCC1(C#N)C2COC21,9,-6.9933,0.5415,7.5321,3.4059,76.63,31.841
QM9_03211,CC1C2C(=N)OC12C=O,9,-7.1484,-1.2463,5.9049,3.527,73.59,30.55
QM9_03212,C#CC1(C2OC2C)CN1,9,-6.7403,0.8871,7.6246,1.6403,77.94,33.912
QM9_03213,C#CC1(C#C)COC1C,9,-6.9906,0.5197,7.5076,1.02,80.41,34.864
QM9_03214,O=c1occ2n1C1CC21,9,-5.8423,0.2122,6.0545,5.3745,67.87,25.261
QM9_03215,C1C2C1C1OC2C2CC21,9,-6.8028,2.4953,9.2981,1.5238,75.95,26.946
QM9_03216,CC(C=O)NCCC#N,9,-6.8491,-0.9442,5.9076,1.645,78.0,35.63
QM9_03217,CCOCC1CC=CC1,9,-6.3266,0.8735,7.2001,0.8032,88.04,35.48
QM9_03218,O=C1OC2C=CCC12,8,-7.3335,-0.3184,7.0151,4.244,61.38,23.057
QM9_03219,O=C1C(=NO)CC2NC12,9,-6.3022,-1.7388,4.5633,3.2683,70.32,28.796
QM9_03220,C#Cc1n[nH]c(=O)n1C,9,-6.0763,-0.9687,5.1076,2.6824,73.48,29.992
QM9_03221,NC1=C(C(=O)[O-])C[NH2+]C1,9,-4.7185,-0.5823,4.1389,14.5266,75.88,30.679
QM9_03222,N=C1OC2CNC1C2O,9,-6.6178,0.5225,7.1403,2.1516,68.63,28.184
QM9_03223,OC1CC23COC12CN3,9,-6.0328,1.0123,7.045,2.0601,70.06,30.238
QM9_03224,O=CC1C2CCC3C1N23,9,-6.3593,-0.7429,5.6164,1.3828,73.84,28.095
QM9_03225,C1=CC2OCC1C21CN1,9,-6.2613,0.1197,6.3783,0.2658,75.09,28.122
QM9_03226,N#CC1(N)C(N)C1CO,9,-6.6886,0.498,7.1838,3.313,74.51,35.215
QM9_03227,N#CC1C=CC2CCC12,9,-7.0967,-0.0381,7.0586,4.1681,80.47,29.085
QM9_03228,CC1CC1OCC=O,8,-6.8736,-0.7755,6.0981,2.7489,69.26,31.394
QM9_03229,C1=CC2C3CC24C1OC34,9,-5.7226,-0.8953,4.8273,1.6591,82.44,28.202
QM9_03230,CC1C2(C)CC1(C)C2O,9,-6.6015,1.9728,8.5716,1.5427,86.45,38.835
QM9_03231,Cc1ncnn1CCO,9,-6.8273,0.2694,7.0995,2.3001,73.76,31.937
QM9_03232,CNC(C#N)=NCC=O,9,-6.6287,-1.3878,5.2409,5.1645,76.45,34.045
QM9_03233,CCC1CCC(C)C1,8,-8.0682,2.2123,10.2805,0.1158,85.29,34.744
QM9_03234,NC(=O)NCC(O)CO,9,-6.7348,1.3796,8.1144,2.8656,69.47,37.062
QM9_03235,O=CC1=CC2CCC2C1,9,-6.7212,-1.4721,5.2491,3.4453,84.31,29.908
QM9_03236,Cc1noccc1=N,8,-6.4954,-1.2817,5.211,2.3238,68.65,25.791
QM9_03237,C#Cc1ccncc1F,9,-7.0097,-1.5891,5.4205,1.8521,77.35,27.113
QM9_03238,CC1(C)C2C=CC1OC2,9,-6.4083,0.2558,6.6613,1.4392,81.29,32.759
QM9_03239,CN=C(C=O)N1CC1,8,-6.4382,-1.981,4.4572,2.1825,70.78,29.392
QM9_03240,CC1C2C(O)C3C2C13O,9,-6.5362,1.9429,8.4763,1.009,74.41,33.373
QM9_03241,N#CC(O)(C=O)C1CN1,9,-7.3688,-2.0599,5.3089,1.7443,66.49,31.267
QM9_03242,N=C1N2CC2C1(O)CO,9,-6.6287,-0.2259,6.4001,2.6091,69.26,31.679
QM9_03243,CNC1(C#N)CCC1C,9,-6.4437,0.8354,7.2818,4.4209,83.3,36.489
QM9_03244,CC1CC2OC2C1(C)O,9,-6.9117,1.7878,8.6968,1.919,76.83,35.551
QM9_03245,CCC1NC(=O)C1(C)C,9,-6.4818,1.0803,7.562,3.6807,83.27,38.2
QM9_03246,CN=C(N)c1ncno1,9,-6.7566,-1.5266,5.23,3.8292,72.34,29.618
QM9_03247,O=C1CC2OC(CO)C12,9,-6.8954,-0.9796,5.9158,2.6689,68.42,30.405
QM9_03248,CCC12CCC(C1)C2C,9,-7.4722,2.2803,9.7526,0.1527,91.95,36.462
QM9_03249,CN1C2C3OC4C3C2C41,9,-5.1838,1.2653,6.4464,1.2398,73.95,26.916
QM9_03250,CC1C2OC(=O)C(O)C12,9,-7.2763,-0.1143,7.162,3.0366,67.16,30.503
QM9_03251,CC12COC1C2C(N)=O,9,-6.3266,0.7891,7.1158,3.1327,72.64,32.553
QM9_03252,CCc1c[nH]c(C#N)c1,9,-6.1933,-0.5742,5.6192,4.5947,85.56,31.362
QM9_03253,CC1C2C(=O)CC12O,8,-6.4192,-0.2014,6.2205,4.1135,66.11,29.578
QM9_03254,C#CC1=CC2(CC2)OC1,9,-5.7661,-0.6857,5.0804,0.9995,89.21,31.696
QM9_03255,CCC12OC1CC2O,8,-6.6913,2.0381,8.7294,1.8903,67.35,30.329
QM9_03256,CC1(O)C2=NCC3C1N23,9,-6.4736,-1.2681,5.2055,2.2124,73.3,30.163
QM9_03257,CC1C2C3OC3(C#N)C12,9,-7.4831,-0.117,7.3661,4.5952,73.18,29.364
QM9_03258,CN1CC(=O)CC12CC2,9,-5.7443,-0.4245,5.3198,2.8066,79.42,33.31
QM9_03259,CNc1occ(O)c1C,9,-4.6069,1.3143,5.9212,2.7652,76.92,35.016
QM9_03260,CCC1COC1C(C)=O,9,-6.3702,-0.5143,5.8559,3.6024,78.65,35.749
QM9_03261,O=C1C2CCC2C2NC12,9,-6.1661,-0.5769,5.5892,3.4079,74.7,28.326
QM9_03262,CCC1C(O)C12CCO2,9,-5.8559,1.6136,7.4695,1.7077,79.36,35.631
QM9_03263,C#CC1(CC#N)CC1,8,-7.0477,0.6612,7.709,4.076,71.16,29.655
QM9_03264,CCOC1(C(C)O)CC1,9,-6.5552,1.9211,8.4763,0.5348,82.21,39.874
QM9_03265,O=c1cc[nH]c(O)n1,8,-6.3566,-0.6476,5.7117,6.2163,58.58,23.741
QM9_03266,CC1C=CC=CC(=O)O1,9,-6.743,-1.932,4.8083,4.696,77.99,30.226
QM9_03267,C#CC1=CCC=CCC1,9,-6.0627,-0.468,5.5974,0.7213,91.86,33.052
QM9_03268,C#CCc1[nH]nnc1C,9,-6.5688,0.1687,6.7375,4.4631,76.35,31.293
QM9_03269,C#CC1=CCCC2NC12,9,-6.0954,-0.4925,5.6055,1.8181,87.33,31.279
QM9_03270,C1OCC2CC3C1CC23,9,-6.5852,2.0409,8.626,1.2565,80.66,29.019
QM9_03271,CCOc1onnc1N,9,-6.2858,-0.5225,5.7634,3.095,70.21,32.414
QM9_03272,CN(C=O)C1CCOC1,9,-6.3974,0.7265,7.1239,4.602,75.88,32.647
QM9_03273,CCCn1cnc(C)n1,9,-6.7022,0.4898,7.192,2.8276,82.42,33.344
QM9_03274,CC#CCC1CC1C,8,-6.4818,1.766,8.2451,0.1426,84.47,34.18
QM9_03275,O=C1CC(CO)C=CN1,9,-5.8641,-0.068,5.796,3.1001,75.44,32.161
QM9_03276,CCC(O)(C#N)CC=O,9,-7.0069,-0.9225,6.0845,4.8086,72.72,36.402
QM9_03277,CC1(C#N)CC(CO)C1,9,-7.4995,1.0531,8.5553,5.1456,79.95,35.677
QM9_03278,CCC12CC3C1CN32,8,-6.1416,2.5579,8.6995,1.594,75.58,28.301
QM9_03279,CC1C(=O)NC2CC21,8,-6.4409,0.7238,7.1648,3.5171,67.53,27.751
QM9_03280,O=CC1(CO)CO1,7,-7.1512,-1.4232,5.7307,3.1179,50.97,24.752
QM9_03281,O=CCOC1C=CCO1,9,-6.9062,-0.6884,6.2178,3.77,71.38,30.477
QM9_03282,CCC1=CCCOC1,8,-6.3647,0.7157,7.0804,1.2337,77.81,30.648
QM9_03283,N#CCC1(O)CC2NC21,9,-6.9362,0.9442,7.8804,5.999,71.95,31.176
QM9_03284,CC(O)C(O)CC(N)=O,9,-6.3947,0.9388,7.3307,4.0967,72.05,38.833
QM9_03285,CCC1(CCC#N)CN1,9,-7.0097,1.1429,8.1525,5.3548,83.34,36.069
QM9_03286,COC(C=O)CCC#N,9,-7.0886,-1.298,5.7879,4.6792,74.46,34.681
QM9_03287,OC1C2CN3C1C(O)C23,9,-6.1443,1.6572,7.8015,2.2394,70.48,29.622
QM9_03288,OCC1C2C3CC3N12,8,-5.9947,1.6272,7.6219,1.3959,67.13,27.85
QM9_03289,C#CC1C=CC(=NO)C1,9,-6.1688,-0.9252,5.2436,0.7302,83.6,31.884
QM9_03290,CC(=O)OC1(CO)CC1,9,-7.1049,0.1932,7.2981,2.0057,71.83,35.709
QM9_03291,OCC#CCC(O)CO,9,-6.9389,0.6993,7.6382,2.5866,77.3,37.616
QM9_03292,CCn1cc(O)nn1,8,-6.128,0.0354,6.1634,3.1899,63.84,27.144
QM9_03293,N=C1CC2CCC2O1,8,-6.8682,0.8572,7.7253,3.19,68.75,25.858
QM9_03294,O=C([O-])C12CC(C[NH2+]1)C2,9,-5.4205,0.6884,6.109,9.6664,72.14,29.087
QM9_03295,CC1(C)C2OC1C21CC1,9,-6.3076,2.2694,8.577,1.8246,83.66,34.747
QM9_03296,O=C1CC2C3CCN2C13,9,-6.3647,-0.3429,6.0246,3.5908,75.39,26.999
QM9_03297,CN1C(C[NH3+])C1C(=O)[O-],9,-6.2749,0.5034,6.7784,7.019,73.21,33.804
QM9_03298,O=c1[nH]cc(O)cc1F,9,-5.6001,-1.1102,4.4926,5.5089,65.68,28.156
QM9_03299,CCCC1(C)CO1,7,-7.0369,2.3892,9.426,1.7103,67.57,30.425
QM9_03300,C#CC1(O)CCC2OC21,9,-6.9688,0.6177,7.5865,2.8385,72.74,32.168
QM9_03301,CCC1=C(C)C(O)CC1,9,-6.0001,0.8299,6.8273,1.2414,89.84,38.077
QM9_03302,CC(C#N)CCOC=N,9,-7.4124,0.3211,7.7335,5.5698,79.82,35.285
QM9_03303,CC1CC1CC1CO1,8,-7.0233,2.5388,9.5594,1.6974,75.9,31.675
QM9_03304,CC(O)CCC1CCC1,9,-7.0804,1.9973,9.0804,1.4159,90.07,39.181
QM9_03305,CC1OC12CCCCC2,9,-6.8301,2.2585,9.0859,1.6397,85.85,34.841
QM9_03306,CN1C2COC3C2C31C,9,-5.2382,2.5497,7.7852,0.8388,78.12,31.68
QM9_03307,O=C1NCc2cnoc21,9,-7.2763,-1.4313,5.845,5.7563,65.44,24.641
QM9_03308,NC(=O)C(=O)C1CN1,8,-6.7865,-2.0164,4.7702,2.5265,60.33,27.864
QM9_03309,O=CCC1C2C(=O)CN12,9,-6.8437,-1.1456,5.6981,3.0349,69.78,29.464
QM9_03310,CC1C2(C)CC(O)C12O,9,-6.4654,2.0,8.4655,0.8498,79.37,37.849
QM9_03311,O=C1NCC1C#CCO,9,-6.626,0.4572,7.0831,2.949,76.33,32.249
QM9_03312,CC(C)C1C2CC(O)C21,9,-6.7593,1.9238,8.6859,1.5976,85.5,37.196
QM9_03313,COCC1NCC1=NO,9,-6.1715,-0.0408,6.1307,1.3574,76.93,34.611
QM9_03314,CC1C(=NO)C(O)C1C,9,-6.8056,-0.0544,6.7484,1.0154,78.21,37.044
QM9_03315,N=c1ccc(=O)cn[nH]1,9,-6.8192,-2.4517,4.3674,2.4973,78.49,27.295
QM9_03316,CCCc1nc(O)n[nH]1,9,-6.2368,0.4572,6.694,3.5142,74.41,32.201
QM9_03317,CC(O)C(=O)C1CC1O,9,-6.8545,-0.9769,5.8777,2.9524,73.92,35.302
QM9_03318,C#CC12C3OC1C2C3=O,9,-6.5416,-0.5823,5.9593,3.1696,70.95,27.238
QM9_03319,Cc1cnc(N)c(=O)o1,9,-5.7171,-1.3361,4.3783,1.7919,75.64,30.548
QM9_03320,CCC(N)(C#N)C(C)C,9,-7.0178,0.8136,7.8287,4.1389,85.65,41.443
QM9_03321,COCC1C2OCOC12,9,-6.6967,2.4055,9.1022,0.7327,71.93,31.179
QM9_03322,CC(O)CC1(O)CC1O,9,-6.3158,1.8014,8.1172,1.8777,75.37,38.623
QM9_03323,CC12CC1C1CCC1O2,9,-6.1117,2.0245,8.1389,1.2475,81.14,31.943
QM9_03324,CCC1CC(C)C=C1C,9,-6.0954,0.9225,7.0178,0.3056,96.18,39.028
QM9_03325,CC12CCC=C1C(O)C2,9,-6.3158,-0.0299,6.2858,1.695,84.89,34.485
QM9_03326,CC1(C)CC2COC1O2,9,-6.8028,2.2096,9.0124,1.6789,76.21,32.34
QM9_03327,CCC1CC2(CC2C)O1,9,-5.9702,2.2667,8.2369,1.475,87.11,37.085
QM9_03328,C#CCC(O)C1NC1C,9,-6.6668,1.3769,8.0464,2.6146,81.95,37.737
QM9_03329,O=CC12CC3C(C1)N32,8,-6.9661,-1.1102,5.8532,2.7984,64.79,24.464
QM9_03330,CCC1(O)CC2CC21,8,-6.5852,1.9266,8.5117,1.1713,74.21,32.296
QM9_03331,C#CC1(C)CN1C,7,-6.2477,1.249,7.4967,1.5588,68.07,29.369
QM9_03332,NC(C1CO1)C(F)(F)F,9,-7.0777,1.6844,8.7621,3.6377,53.86,31.099
QM9_03333,COCC1(N)COC1=N,9,-6.694,0.5197,7.211,0.8905,72.83,34.402
QM9_03334,NC(=O)N1CC1,6,-6.6913,1.015,7.7035,3.0016,47.01,21.345
QM9_03335,NC=[NH+]CC(CO)=N[O-],9,-4.1062,-1.9238,2.1796,9.0007,85.35,34.457
QM9_03336,CC1=CC(O)C(O)CC1,9,-6.743,0.1932,6.9362,3.048,81.12,35.5
QM9_03337,C#CC1(C)C=CC2CC21,9,-6.3675,0.2776,6.645,0.6633,86.25,33.468
QM9_03338,O=CC1CCC12CC2,8,-6.6477,-0.6476,6.0001,2.8697,72.69,29.181
QM9_03339,CCC1C2CC1(O)CO2,9,-6.4464,1.63,8.0736,1.3954,77.94,34.073
QM9_03340,NC(=O)C1(O)C2CC1O2,9,-6.7947,0.3265,7.1212,1.8249,65.13,30.641
QM9_03341,O=COc1cc(O)no1,9,-7.1403,-0.9796,6.1607,2.5776,60.03,26.781
QM9_03342,N#CCC12NCC1C2O,9,-6.4981,0.5497,7.045,4.9552,72.36,31.12
QM9_03343,CN(C=O)C(=N)C1CC1,9,-6.6668,-0.4163,6.2505,4.9301,79.3,33.796
QM9_03344,COCC1=CCOC1C,9,-6.1389,0.6776,6.8137,2.1015,82.56,35.025
QM9_03345,CC1C2=CCC3N1C23C,9,-5.5566,-0.8272,4.7293,0.5709,86.17,32.744
QM9_03346,CCC12CC3C1CC32C,9,-7.2954,2.5252,9.8206,0.2908,90.34,35.241
QM9_03347,CC1CCC=CC1=O,8,-6.343,-1.2817,5.0586,3.5533,74.0,28.817
QM9_03348,CC#CC1(CO)NC1C,9,-6.5144,1.1157,7.6274,1.8957,85.55,37.736
QM9_03349,C1=C2CCC3C(OC1)C23,9,-6.3294,-0.0218,6.3076,1.1045,79.97,28.007
QM9_03350,CC(C(O)C=O)C1CC1,9,-7.1457,-1.0313,6.1117,2.2645,79.97,36.578
QM9_03351,O=C1C=Cc2cnoc21,9,-6.7729,-3.0885,3.6844,4.3255,67.25,23.628
QM9_03352,COC1CC=CCCC1,9,-6.3375,0.5442,6.8818,0.8363,87.9,35.356
QM9_03353,N#CC1(CN)CCCN1,9,-6.7158,0.7946,7.5103,4.1769,78.23,34.051
QM9_03354,CC12NC1CCC2=NO,9,-6.2232,0.3483,6.5715,1.7222,79.32,33.127
QM9_03355,NC1=NCc2oncc21,9,-6.3403,-0.5442,5.796,2.8632,69.27,26.254
QM9_03356,COC1OC(C)C=C1C,9,-6.6042,0.4762,7.0804,0.8161,82.1,35.852
QM9_03357,CN=C1OC2CC1C2O,9,-6.4954,0.8599,7.3552,2.8456,75.46,31.06
QM9_03358,CC#CC(C#N)NC,8,-6.8246,0.2857,7.1103,3.2729,74.57,32.076
QM9_03359,O=CC1N=COCC1O,9,-6.9144,-1.1402,5.7743,2.4677,65.54,29.091
QM9_03360,CCC(C)CC(C)=O,8,-6.5797,-0.2204,6.3593,2.4778,78.98,36.875
QM9_03361,NC(=O)C1OC2COC21,9,-6.5852,0.1333,6.7185,4.2615,64.57,28.91
QM9_03362,OC1CC1C1CC2CN21,9,-6.1226,1.913,8.0328,3.1197,78.01,31.862
QM9_03363,Oc1cnc[nH]1,6,-5.5021,1.2191,6.7212,2.938,43.45,18.316
QM9_03364,Cc1cnc2n1C1CC21,9,-5.6845,0.2313,5.9185,3.6135,78.81,28.045
QM9_03365,Cc1cn(C=O)nc1O,9,-6.6069,-1.0313,5.5756,3.754,73.94,29.803
QM9_03366,CC12CC1C1C2N1C=O,9,-6.1743,0.1333,6.3076,3.9043,79.14,31.309
QM9_03367,CC1OC(=N)CC(=N)O1,9,-7.4314,0.0816,7.5103,3.8813,72.27,30.817
QM9_03368,O=C(CCO)NC1CC1,9,-6.5525,0.8463,7.3988,2.0957,76.98,35.964
QM9_03369,OCc1nc2n(n1)CC2,9,-6.8137,0.351,7.162,5.003,72.18,28.029
QM9_03370,CC(C)C(N)(C#N)CO,9,-6.9988,0.7538,7.7525,3.6191,78.26,39.682
QM9_03371,C#CC1(O)CC2OC21C,9,-6.6722,0.6449,7.3171,2.7603,74.24,34.391
QM9_03372,CC1(O)C2CC(=O)C21,8,-6.4681,-0.2993,6.1715,2.5659,65.96,29.32
QM9_03373,CC12C3C1C1(O)C3C21C,9,-5.6627,1.9293,7.5893,1.5932,79.39,33.809
QM9_03374,NC(=O)Cn1nccn1,9,-6.8464,-0.0163,6.8273,3.5931,67.71,28.997
QM9_03375,CC(O)C1CC1CCO,9,-6.9716,2.0789,9.0505,2.5474,82.89,39.711
QM9_03376,CC12C=CC3C(C1O)C32,9,-6.1552,0.2259,6.3811,1.5522,78.48,31.261
QM9_03377,C#CCC(C)C(N)=O,8,-6.6858,0.7102,7.3933,3.4474,70.56,33.913
QM9_03378,CC12COC(=O)C1N2,8,-7.2546,-0.1578,7.0995,3.9447,61.18,25.935
QM9_03379,C1OC2C3C1C1(CC1)C23,9,-6.0382,2.5388,8.5743,1.5438,78.18,28.649
QM9_03380,CC1CCC(=O)C1=O,8,-6.2559,-2.3647,3.8912,4.4675,64.97,28.278
QM9_03381,OCC12CC3CC3C1N2,9,-6.3321,1.9619,8.294,2.3184,77.02,31.677
QM9_03382,C#CC12C3C4N1C2C43C,9,-5.845,0.4327,6.2777,2.2962,80.96,30.189
QM9_03383,C#CCCOC(=O)CC,9,-7.3335,0.4,7.7335,1.796,79.14,36.452
QM9_03384,C#CC1(C)CC1(C)OC,9,-6.4736,1.4177,7.8913,1.428,86.61,39.519
QM9_03385,C#CC(O)CC(=O)NC,9,-6.5144,0.3728,6.8872,3.4266,76.56,36.524
QM9_03386,CC1C(CC=O)C1(C)C,9,-6.5743,-0.4653,6.109,2.6874,87.27,39.483
QM9_03387,C#CC(=O)COC=O,8,-7.6518,-2.2422,5.4123,6.0333,59.8,27.406
QM9_03388,CC12C(=O)CN3C1CC32,9,-6.0436,-0.4708,5.5729,2.1722,75.82,29.349
QM9_03389,C1OCc2n[nH]nc2O1,9,-6.5144,-0.2694,6.245,1.5513,62.4,24.53
QM9_03390,CC12NC3C(C1=O)C32O,9,-6.0518,0.1388,6.1906,4.8823,68.88,30.681
QM9_03391,CC(=O)N1CC(C)(O)C1,9,-6.343,0.9225,7.2654,3.819,77.67,36.467
QM9_03392,C#CC(C)(CO)NC=O,9,-6.8165,0.5742,7.3906,2.0768,74.62,37.48
QM9_03393,CC(C)(O)C1CC1,7,-6.9797,2.1579,9.1376,1.4185,66.74,31.651
QM9_03394,C#Cc1occc1OC,9,-5.3906,-0.3401,5.0504,2.6702,81.28,30.798
QM9_03395,O=c1cnonc1,7,-7.2954,-2.7429,4.5552,0.2386,48.24,18.514
QM9_03396,COCC(C)OC=O,8,-7.3607,0.2177,7.5811,3.7885,67.14,32.392
QM9_03397,N#CC1(O)CNC12CC2,9,-6.3484,0.166,6.5144,1.6632,72.87,32.511
QM9_03398,N=COC(=O)NC=O,8,-7.5294,-1.151,6.3783,2.4783,56.69,26.03
QM9_03399,CCC12CC3C(CO1)C32,9,-6.3783,2.4191,8.7974,1.4056,81.04,31.853
QM9_03400,CC(=O)C(C=O)CCO,9,-6.9035,-1.4803,5.4232,2.4744,74.06,36.675
QM9_03401,CC1C2CC(CO)C12O,9,-6.1933,1.7524,7.9457,2.5583,78.53,36.437
QM9_03402,C#CCCC(C)CC,8,-6.9797,1.6191,8.5988,0.8848,85.01,37.291
QM9_03403,CC(C)(C)C(=O)C1CN1,9,-6.8491,-0.6204,6.2314,2.5092,83.25,38.119
QM9_03404,O=CC(O)C1C2CCC21,9,-6.9362,-0.917,6.0192,2.6849,76.32,32.064
QM9_03405,CC#CC(CC)C(N)=O,9,-6.3892,0.9415,7.3307,3.9029,84.86,38.735
QM9_03406,C1COC2COCC2C1,9,-6.6369,2.2749,8.9117,2.3503,77.91,30.235
QM9_03407,COc1cncnc1O,9,-6.3294,-0.6095,5.7198,1.8726,71.53,28.207
QM9_03408,CN1CC12C1C3OC1C32,9,-6.1334,2.2096,8.3403,1.806,76.11,29.411
QM9_03409,COC1C2N(C)CC12O,9,-5.3089,1.9347,7.2464,1.9733,76.21,35.428
QM9_03410,CC1CCC12CC1CC12,9,-6.5988,2.4545,9.0559,0.1848,89.08,34.208
QM9_03411,C1OC23CN4CC(C12)C43,9,-5.7688,1.9429,7.7117,2.0877,74.15,26.468
QM9_03412,Cc1nn(C)c(=O)o1,8,-6.3729,0.1415,6.5144,2.9418,60.8,26.637
QM9_03413,CC1CN(C(C)C=O)C1,9,-6.1144,-0.6095,5.5076,2.8776,84.1,36.485
QM9_03414,CC1C2C(C)C1C2O,8,-6.7403,2.0272,8.7675,1.629,75.42,32.256
QM9_03415,C#CC1C=CCCC1,8,-6.577,0.5442,7.1212,0.9277,79.35,29.5
QM9_03416,NC=[NH+]CC(=O)C(=O)[O-],9,-4.694,-2.2422,2.4517,18.2804,70.14,32.508
QM9_03417,O=C1OCCCC2OC12,9,-7.2818,-0.4708,6.811,4.7733,68.92,28.736
QM9_03418,O=C1NCC=C2CNC12,9,-5.9729,0.0599,6.0355,4.1631,75.43,28.78
QM9_03419,C#CCC12CC(C1)C2O,9,-6.7729,1.4966,8.2695,1.0364,81.04,33.653
QM9_03420,ON=C1CC2COCC12,9,-6.6015,0.0599,6.6586,1.5603,75.59,30.16
QM9_03421,CCCC1CNC1C#N,9,-6.7811,0.4354,7.2165,4.5349,83.35,34.95
QM9_03422,COc1ncc(=O)on1,9,-7.3226,-2.9116,4.411,3.0547,64.39,27.164
QM9_03423,CC1(OC=N)CC1C=O,9,-7.026,-0.8816,6.1443,2.1348,76.79,34.105
QM9_03424,CC1(CO)OCCC1O,9,-6.675,1.6327,8.3076,3.6178,74.05,36.142
QM9_03425,CC(C)(C)CCO,7,-7.0995,1.9892,9.0886,1.3499,70.67,34.638
QM9_03426,CCCC(=NO)C1CC1,9,-6.2477,0.4952,6.743,0.7368,86.81,37.786
QM9_03427,CCC1C(CO)C1CO,9,-6.626,1.6327,8.2587,3.1039,82.17,38.343
QM9_03428,CC1NC2(C#N)CCC12,9,-6.6124,0.3728,6.9852,3.5917,80.76,32.236
QM9_03429,CC1CCC12CC1NC12,9,-6.0491,2.2939,8.343,1.5487,85.84,33.459
QM9_03430,CCC1OCOCC1C,9,-6.9471,2.2803,9.2247,1.6492,81.51,35.637
QM9_03431,O=CC1C=CC2CC1C2,9,-6.4545,-0.8163,5.6355,3.0041,80.71,29.62
QM9_03432,COC(C(N)=O)C1CC1,9,-6.2858,0.8436,7.1294,2.746,75.85,36.394
QM9_03433,c1c[nH]c2nccc-2n1,9,-5.8613,-1.9048,3.9565,3.5876,81.01,23.929
QM9_03434,OC12CC1C1NC12,7,-5.679,1.9864,7.6654,1.0454,56.37,23.626
QM9_03435,CC1C=CC(=NO)C1,8,-5.9348,-0.6939,5.2409,1.3624,76.6,29.562
QM9_03436,CCC(C#N)(C#N)CO,9,-8.2913,-0.1959,8.0954,5.5631,72.81,35.467
QM9_03437,CC1NC12CC1OCC12,9,-6.5552,1.8477,8.4029,1.7976,78.93,31.817
QM9_03438,O=c1oc2c(o1)OCO2,9,-5.894,-0.5823,5.3117,4.0546,52.77,23.661
QM9_03439,CCCCC(=N)NC=O,9,-6.8083,-0.5034,6.3049,4.503,82.52,36.617
QM9_03440,C#CC1(C)C2CC(=O)C21,9,-6.6341,-0.6123,6.0219,2.7567,80.84,32.813
QM9_03441,CC12CC3CC(O)(C1)C32,9,-6.5525,2.1824,8.7349,1.1693,81.9,33.432
QM9_03442,CCc1cn[nH]c1N,8,-5.4967,0.9687,6.4654,3.2065,70.48,30.013
QM9_03443,O=CC#CC12CCC1O2,9,-7.1131,-1.9347,5.1783,3.3881,83.11,29.508
QM9_03444,CC(C)Nc1ccno1,9,-5.5511,0.5116,6.0627,3.9512,80.16,33.567
QM9_03445,N=C1OC2C3CN(C3)C12,9,-6.626,0.3238,6.9498,3.4748,72.35,26.028
QM9_03446,CC(N)C(N)C#N,7,-6.479,0.5578,7.0396,4.0257,60.87,30.065
QM9_03447,N=C1OC2CNC2C1=O,9,-6.5035,-1.8504,4.6531,5.4165,67.61,27.186
QM9_03448,COC1C2NC1C2C#N,9,-7.045,0.3429,7.3879,2.3144,74.37,30.134
QM9_03449,CC1NC(=O)CC2NC12,9,-6.3729,1.0776,7.4505,4.9095,76.16,31.467
QM9_03450,CN(C)C1CCOC1=O,9,-6.1879,0.1687,6.3566,4.0592,75.33,33.221
QM9_03451,CC(O)C1(C)C2COC21,9,-6.46,1.8177,8.2777,2.3793,78.07,35.227
QM9_03452,C#CC12CC(C)C1(C)O2,9,-6.4409,0.6095,7.0532,1.8961,84.13,35.506
QM9_03453,O=C1CCC1C1(O)CC1,9,-6.5525,-0.5987,5.9539,1.8525,75.38,34.047
QM9_03454,C1C2CC3(C2)C2CC13O2,9,-6.2532,2.498,8.7512,1.9146,78.99,27.641
QM9_03455,C#CC1COCC1CO,9,-6.8709,1.2735,8.1471,2.0885,76.71,33.918
QM9_03456,O=CCCOC1COC1,9,-6.9226,-0.8436,6.0763,1.1413,73.82,32.685
QM9_03457,CCC(C)(C)CNC=O,9,-6.7974,0.8517,7.6491,3.5269,86.67,40.988
QM9_03458,CC1C=Cc2occc21,9,-5.211,-0.3891,4.8246,1.0161,81.76,28.471
QM9_03459,CCCC#CC1(C)CO1,9,-6.6124,0.9987,7.611,2.0907,90.29,37.637
QM9_03460,CC(C#N)c1cn[nH]c1,9,-6.9634,0.1551,7.1212,5.2764,74.41,29.821
QM9_03461,O=C1CC2(C1)CC1CC12,9,-6.4818,-0.4952,5.9865,3.0017,79.46,31.02
QM9_03462,C1OC2CN3C1C23,7,-6.3593,2.283,8.6451,0.5751,55.2,19.753
QM9_03463,C1OCC2C3CN2C13,8,-6.2423,2.2613,8.5036,2.3585,67.95,23.895
QM9_03464,C#CCC(C#N)NCC,9,-6.6886,0.4,7.0886,3.9818,82.74,36.662
QM9_03465,OC1CC(O)C2CC1C2,9,-6.958,1.6545,8.6124,1.6771,76.7,33.171
QM9_03466,CN1C=CC(C)(O)C1=O,9,-5.9103,-0.5061,5.4042,4.0396,74.97,34.422
QM9_03467,CC1(C#N)OC1CC=O,9,-7.2899,-1.2109,6.079,3.2498,71.98,32.704
QM9_03468,C#CC1CCC1,6,-6.9226,1.3633,8.2859,0.7819,59.52,22.582
QM9_03469,COCC(CO)C(N)=O,9,-6.4627,0.9687,7.4314,3.594,72.23,37.612
QM9_03470,Cc1c[nH]c(=O)oc1=N,9,-6.3947,-1.0286,5.3661,4.1204,72.95,29.449
QM9_03471,CC12CC3C(O1)C(=O)C32,9,-6.1471,-0.4653,5.6817,3.3239,72.05,28.592
QM9_03472,O=C1CC2C1C1CCN12,9,-5.9457,-0.7674,5.1783,1.4046,74.46,28.355
QM9_03473,O=C1CCC2(CC2)C1=O,9,-6.226,-2.2885,3.9402,4.826,73.9,30.178
QM9_03474,COCCC(C)(N)C#N,9,-6.9906,0.8789,7.8695,3.7139,80.61,38.822
QM9_03475,C#Cc1cccnc1C,9,-6.4872,-1.0939,5.3933,1.5203,88.64,30.446
QM9_03476,CC1(C)CN2C(C#N)C21,9,-6.9253,0.2204,7.1484,3.4033,79.44,33.293
QM9_03477,COCCn1ncnn1,9,-7.4205,-0.6939,6.7267,3.0254,71.09,29.374
QM9_03478,C#CCN(C)C(C)C=O,9,-6.1797,-0.7646,5.4151,2.2389,82.17,38.013
QM9_03479,CC1OC2C(C)C12O,8,-6.1579,2.0055,8.1634,2.1624,67.7,31.465
QM9_03480,CCn1nc(O)[nH]c1=O,9,-5.6736,1.2109,6.8845,2.9788,67.39,31.295
QM9_03481,Oc1ccc(O)[nH]1,7,-4.4545,1.9755,6.4301,0.4363,51.65,25.03
QM9_03482,C#CC12OC1CC1NC12,9,-6.6722,0.4952,7.1675,3.1755,75.22,29.216
QM9_03483,CC(COC=N)NC=O,9,-6.9008,0.2612,7.162,2.9808,76.61,35.157
QM9_03484,C#CCNCC(N)C#N,9,-6.9035,0.5197,7.4205,4.3038,79.87,35.974
QM9_03485,COC1C2C=CCC21C,9,-5.8613,0.6884,6.5525,0.8332,84.11,34.212
QM9_03486,OCC1CCCOCC1,9,-6.5389,2.0844,8.6233,1.7268,82.04,35.558
QM9_03487,CCC1COC(C)C1O,9,-6.4518,1.7579,8.2124,1.7588,81.93,37.442
QM9_03488,ON=C1CCC1N1CC1,9,-6.1661,-0.0327,6.1334,0.741,79.64,32.931
QM9_03489,COc1coc(C#N)n1,9,-6.577,-1.7878,4.7892,4.1564,70.87,27.379
QM9_03490,COC(=O)C(=O)C1CN1,9,-7.0777,-2.1905,4.8872,2.0479,68.59,31.302
QM9_03491,CC1CC2NC(C#N)C12,9,-6.6695,0.4163,7.0858,4.5403,79.08,31.599
QM9_03492,C1=C2C(COC1)C1NC21,9,-6.1634,0.3347,6.4981,2.2316,78.63,28.213
QM9_03493,CNc1cccc(N)c1,9,-4.9389,0.5823,5.5239,1.4893,90.23,33.915
QM9_03494,CC12CCC1C(=O)OC2,9,-7.0341,0.3129,7.3444,4.4647,74.26,30.828
QM9_03495,C#CC1C2C=CC1(C)C2,9,-6.2015,0.2122,6.4137,0.6663,85.71,32.968
QM9_03496,CC(O)CCC(=O)C=O,9,-6.7974,-2.5225,4.2749,1.7403,73.57,36.551
QM9_03497,CC1C2OC3CC2(C)C31,9,-6.4001,2.5171,8.9172,1.6282,81.94,32.095
QM9_03498,CC(O)C(O)C(C)(C)O,9,-6.6913,1.6164,8.3049,1.9025,77.74,42.566
QM9_03499,CCC1=CC=CCC=C1,9,-5.6709,-0.664,5.0069,0.2337,95.53,33.631
QM9_03500,COCc1cc(N)no1,9,-6.1471,0.2286,6.3756,2.8901,72.87,32.021
QM9_03501,O=C1C2CC3CN1C32,8,-6.3294,-0.1878,6.1416,4.0337,63.95,22.889
QM9_03502,CC(C)c1cc(O)n[nH]1,9,-5.8314,0.849,6.6804,2.4818,78.19,34.383
QM9_03503,CCC1N=COC12CC2,9,-6.3783,0.615,6.9933,1.5456,79.63,32.704
QM9_03504,c1n[nH]c2c1N1CC2C1,9,-5.8096,0.6041,6.4137,3.6188,74.14,24.802
QM9_03505,CC12CCC1CNC2=O,9,-6.3702,0.9524,7.3226,3.5836,78.34,32.154
QM9_03506,CC1(C(=O)[O-])NC1C[NH3+],9,-6.6668,0.5551,7.2219,6.3804,71.9,34.837
QM9_03507,C#CC(O)C1CC(=O)C1,9,-6.5797,-0.498,6.0817,3.1868,74.77,34.024
QM9_03508,C#CC(=O)C=O,6,-7.2709,-3.2137,4.0572,4.3138,43.98,19.716
QM9_03509,OCCNc1cnon1,9,-6.3022,-0.7755,5.5239,6.0582,68.41,30.048
QM9_03510,C#CC1C2OC(C)C12,8,-6.294,1.2544,7.5484,1.7731,70.62,28.892
QM9_03511,CC(=O)C1(O)CC1(C)C,9,-6.3838,-0.3891,5.9947,2.1217,80.51,39.279
QM9_03512,CC12CC3OC1CC32,8,-6.4273,2.6096,9.0369,1.6855,70.75,26.333
QM9_03513,c1nnc2onnn12,8,-7.8314,-2.5551,5.2763,2.9343,49.7,18.246
QM9_03514,O=C1CC(O)C1,6,-6.5852,-0.5606,6.0246,3.0457,46.78,21.395
QM9_03515,N=C(OC=O)C1CN1,8,-7.2981,-0.9714,6.3239,2.8092,61.56,26.69
QM9_03516,CNC(C)(C#N)CCO,9,-6.577,0.8163,7.3933,3.415,79.1,39.346
QM9_03517,CCn1c(N)coc1=O,9,-5.3334,1.1864,6.5198,5.6215,70.35,32.379
QM9_03518,c1nnoc1C1CC1,8,-6.9389,-0.9225,6.0164,4.2985,65.42,24.367
QM9_03519,OCCCC#CC1CN1,9,-6.2205,1.1211,7.3416,2.6042,87.06,35.928
QM9_03520,OC12C=CC3(COC13)C2,9,-6.1824,0.0163,6.1988,2.573,73.1,29.759
QM9_03521,NC1=NCCC1=O,7,-6.5035,-1.4449,5.0586,0.6706,56.55,23.681
QM9_03522,CC1C[NH2+]C1(C)C(=O)[O-],9,-6.6124,0.5687,7.1811,4.9906,74.32,34.656
QM9_03523,C1CC2C3OC1C1C2C31,9,-6.3375,2.43,8.7675,1.4862,75.5,25.995
QM9_03524,COC1C2C3CC2(C)C31,9,-6.5988,2.5688,9.1675,1.1729,84.0,33.107
QM9_03525,CC(C)OC(C)C,7,-6.5824,2.1905,8.773,1.0249,71.72,34.217
QM9_03526,Cc1cc(N)ccc1N,9,-4.6232,0.3946,5.0178,2.1043,89.71,34.837
QM9_03527,COCC12C=CC(C1)O2,9,-6.3403,0.117,6.4545,1.1414,76.15,31.464
QM9_03528,C1NC1C1OC2CCC21,9,-6.4981,1.7715,8.2668,1.5903,78.96,30.54
QM9_03529,C1COCC2(C1)CCO2,9,-6.2858,2.0572,8.343,2.4508,78.14,31.433
QM9_03530,CC12OCC3C1C=CC32,9,-6.0056,0.302,6.3076,1.013,79.25,29.379
QM9_03531,C#CCC1CC(C)C1=O,9,-6.4056,-0.517,5.8913,2.9524,82.25,35.158
QM9_03532,COc1cccoc1=O,9,-5.9049,-1.1728,4.7321,5.0459,73.15,28.651
QM9_03533,CC1=C(C)C(=O)NC1=N,9,-7.0369,-1.7796,5.2572,1.0655,80.67,32.813
QM9_03534,O=C1OCCC2CC1N2,9,-6.4491,0.2122,6.6613,4.7521,71.17,28.604
QM9_03535,C#CCNC(=O)NCC,9,-6.6314,1.0095,7.641,3.5283,80.38,37.267
QM9_03536,CCC1OC12CC1NC12,9,-6.3375,1.9592,8.294,1.2359,79.98,32.929
QM9_03537,CC1COC1C1NC1C,9,-6.5552,1.8857,8.441,1.4906,82.88,35.374
QM9_03538,CC1(OC=N)CN2CC21,9,-6.5906,0.5034,7.094,3.8806,77.67,32.784
QM9_03539,CCC1C=CC2C(O)C12,9,-6.03,0.1932,6.2232,1.4889,83.06,33.957
QM9_03540,CC1=CC(O)C(C)(C)C1,9,-6.528,0.4435,6.9716,2.0033,87.51,38.777
QM9_03541,CC1C2OC1(C)C2O,8,-6.3783,1.8449,8.2233,1.5392,68.34,31.317
QM9_03542,O=CC1CC(O)(C=O)C1,9,-7.0423,-1.4123,5.63,0.6355,70.74,32.459
QM9_03543,CC1(C2CC3CC32)CO1,9,-6.6613,2.3756,9.0396,1.7996,81.14,33.221
QM9_03544,COCC1C2COC12,8,-6.4273,2.1551,8.5825,1.762,68.52,28.743
QM9_03545,CCC1CC(C)C12CC2,9,-7.026,2.3483,9.3743,0.1357,93.21,38.566
QM9_03546,CC12OC3(C#N)C1NC23,9,-7.1212,-0.4463,6.6777,3.6074,71.29,28.775
QM9_03547,OC1CC1n1ncnn1,9,-7.0042,-0.9905,6.0137,2.6679,68.47,26.946
QM9_03548,C#CC1OC1(C)CCC,9,-6.9716,0.615,7.5838,1.6934,86.07,38.355
QM9_03549,OC1C2CC3(CN3)C12,8,-6.5933,1.9456,8.5389,1.9928,67.58,27.88
QM9_03550,CC1CC2(C1)OC1CC12,9,-6.2287,2.0,8.2287,1.5,82.05,32.915
QM9_03551,CC#CC12CCC1CO2,9,-6.3947,0.7619,7.1566,1.8222,86.04,32.74
QM9_03552,CN(C=N)C(=O)CCO,9,-6.7811,-0.3918,6.3865,1.1183,76.59,35.896
QM9_03553,CCC(CC)C(F)(F)F,9,-8.9253,2.3075,11.2329,1.976,68.19,36.561
QM9_03554,O=CCC#CC(=O)CO,9,-7.426,-1.9755,5.4504,2.6026,75.86,32.906
QM9_03555,CC1OC2C(=N)NC12C,9,-6.2967,0.5578,6.8545,4.279,77.65,33.49
QM9_03556,CN=c1ccocc1N,9,-5.2164,-0.5633,4.6531,1.4973,84.04,31.63
QM9_03557,CC12COC1CC(=O)N2,9,-6.5906,0.8381,7.4287,3.9831,72.03,30.736
QM9_03558,C#CC1(O)CC1(C)C=O,9,-6.6858,-0.615,6.0709,3.6666,76.81,35.986
QM9_03559,CC1CC1OCC(N)=O,9,-6.6151,1.015,7.6301,3.5306,76.68,36.405
QM9_03560,CC1C2CC(C#N)C1C2,9,-8.1716,0.9606,9.1321,4.381,83.06,31.353
QM9_03561,CCC1NC1(C#N)C=O,9,-7.4586,-1.3932,6.0654,5.095,75.75,33.252
QM9_03562,C1C2NC2C2N3CC12C3,9,-5.845,1.9402,7.7825,2.9594,79.24,27.505
QM9_03563,CC12CN3C(=O)C1C32C,9,-6.4763,0.1306,6.6069,4.7002,76.67,31.634
QM9_03564,N#CC1COC(=N)CN1,9,-6.9797,-0.1415,6.8382,1.6241,71.56,29.411
QM9_03565,C1CC2CC1C2,6,-8.0464,2.5089,10.5553,0.047,59.48,19.641
QM9_03566,CC12N=COC13CC2C3,9,-6.7729,0.2041,6.977,1.4506,74.91,28.68
QM9_03567,C#CC12C(=O)C3NC1C32,9,-6.2804,-0.1605,6.1226,4.2467,74.02,28.12
QM9_03568,Cc1[nH]cc(CO)c1O,9,-4.8681,1.4749,6.343,1.7607,76.53,35.607
QM9_03569,C#CC1CC(=O)C(C)N1,9,-6.5715,-0.5714,6.0001,2.5254,77.6,33.442
QM9_03570,CC1CC2(C#N)CC2O1,9,-6.8926,0.751,7.6437,3.83,76.82,31.306
QM9_03571,CCC1C2N1CC21CO1,9,-6.3675,2.0653,8.4328,2.3975,80.34,32.785
QM9_03572,COc1onnc1CO,9,-6.6015,-0.7919,5.8124,2.8725,66.16,30.994
QM9_03573,N#CC(N)CC(F)(F)F,9,-7.4831,0.3755,7.8586,2.744,54.95,31.403
QM9_03574,N=C1CC(C=O)=CCO1,9,-7.1131,-1.883,5.2327,4.8064,75.7,29.393
QM9_03575,O=C1C=C2CN3C1C23,8,-6.5144,-2.2858,4.2314,3.165,66.55,22.491
QM9_03576,O=COC1C2C=CCC21,9,-6.5933,-0.1279,6.4654,3.8615,73.38,28.889
QM9_03577,C#CC1(O)CC2C(O)C21,9,-6.8872,0.6912,7.5784,1.0665,73.68,33.877
QM9_03578,FC(F)(F)c1c[nH]cn1,9,-6.8382,0.2558,7.0913,5.5238,52.56,25.847
QM9_03579,Cc1nc(=O)onc1N,9,-6.8736,-2.4871,4.3865,7.1083,68.12,29.688
QM9_03580,CNC1(C#N)CC1C=O,9,-6.879,-1.4613,5.4178,4.4949,75.88,33.658
QM9_03581,CCOc1cc(N)[nH]n1,9,-5.4232,1.2517,6.675,2.5742,76.69,33.813
QM9_03582,CC1C=CC(C)C(=O)N1,9,-6.4681,0.3102,6.7784,3.5682,82.41,33.941
QM9_03583,O=CC12CN1CC21CN1,9,-6.5389,-1.3089,5.23,3.2734,74.16,30.006
QM9_03584,C#CCOCC1CCO1,9,-6.713,0.7565,7.4695,1.3653,77.72,33.653
QM9_03585,C1C2OC1c1onnc12,9,-6.4273,-1.8776,4.5497,3.5397,72.47,25.606
QM9_03586,C1CC23OCC12C1OC13,9,-6.5198,1.3578,7.875,1.2715,69.7,27.35
QM9_03587,C#CC(O)c1nnon1,9,-8.0464,-2.1987,5.8477,2.1331,61.03,28.02
QM9_03588,CN1C=NC2CC1C2=O,9,-5.728,-0.5306,5.1947,4.3403,73.97,28.992
QM9_03589,C#CC12CC1CCC2=O,9,-6.4926,-0.4218,6.0681,3.4245,79.59,31.191
QM9_03590,CC1(C)C2CC3CC1N32,9,-5.9239,2.1769,8.1036,1.6998,84.16,32.839
QM9_03591,O=C1C2C(O)C1C21CO1,9,-6.7566,0.1143,6.8709,4.8928,65.94,29.103
QM9_03592,CCC1(OCCO)CC1,9,-6.8954,2.098,8.9934,2.0382,82.52,38.49
QM9_03593,CCC1COC(C)C1,8,-6.4437,2.2667,8.7131,1.608,78.48,33.204
QM9_03594,CC(C)CNC(=O)C=O,9,-6.811,-2.049,4.762,2.3604,78.05,36.634
QM9_03595,CCOC(C)C#CC=O,9,-7.2273,-1.6463,5.5811,3.9853,85.74,36.649
QM9_03596,O=CC1COC(=O)C1O,9,-7.426,-1.2408,6.1851,1.5437,61.76,29.366
QM9_03597,C1C2CC3C4CC3(O2)C14,9,-6.7375,2.2068,8.9444,1.447,77.78,26.226
QM9_03598,CC1CC1n1ccnn1,9,-6.9171,0.0136,6.9335,4.4205,77.16,29.852
QM9_03599,C#CC1C2CCC1C2=O,9,-6.4627,-0.2694,6.1933,2.4725,77.98,29.973
QM9_03600,C#CC(C#N)(C#N)C=O,9,-8.324,-2.3293,5.9947,4.5851,66.85,30.468
QM9_03601,O=C1CC(O)C(=O)CN1,9,-6.9525,-1.2789,5.6736,2.9488,65.56,30.353
QM9_03602,CC12CCC3C1N3CC2,9,-5.9675,2.1769,8.1444,1.585,83.49,31.452
QM9_03603,O=CC12CC3CC1C32O,9,-6.5198,-0.4054,6.1144,4.6343,74.56,30.054
QM9_03604,N=c1cnocnc1=O,9,-7.377,-2.5252,4.8518,3.5678,65.83,25.948
QM9_03605,CNc1ccc(C)cn1,9,-5.2981,-0.2041,5.094,1.7002,90.27,32.929
QM9_03606,CC(O)C1(CO)CCC1,9,-6.9008,1.8749,8.7757,2.6212,81.09,38.971
QM9_03607,N#CCC(CO)OC=N,9,-7.4913,0.1986,7.6927,3.6377,71.33,33.677
QM9_03608,CCOC(=N)COC=O,9,-7.5049,-0.1578,7.3471,3.9497,71.91,34.009
QM9_03609,CC#Cc1c[nH]c(C)n1,9,-5.4151,0.4463,5.8613,3.3667,90.57,32.705
QM9_03610,CC(O)C(O)CN1CC1,9,-6.4464,2.0327,8.4791,1.1432,79.38,38.458
QM9_03611,C1=CC2CCCC2C1,8,-6.3593,0.8517,7.211,0.1489,78.43,27.163
QM9_03612,C1C2C3CC1N1CC1C23,9,-5.8205,2.4109,8.2314,1.4199,80.15,27.329
QM9_03613,CC1CC1C(O)C1CC1,9,-6.8763,2.0,8.8764,1.4609,85.88,37.993
QM9_03614,COC(C)C1(C)CC1O,9,-5.9511,2.0327,7.9838,2.8021,82.45,39.724
QM9_03615,CC1=CC(O)C(C)OC1,9,-6.5035,0.3674,6.8709,2.0973,81.64,35.738
QM9_03616,CC1(O)CC(=O)C12CC2,9,-6.3783,-0.4762,5.9021,3.3548,76.93,34.913
QM9_03617,CC1C2N=COC12CO,9,-6.6314,0.283,6.9171,1.8819,70.96,31.682
QM9_03618,COCCC(C=O)C=O,9,-6.9852,-1.5919,5.3933,2.8103,75.49,35.523
QM9_03619,CC1N2C(CO)CC12C,9,-6.2423,1.9783,8.2206,2.8831,82.53,36.805
QM9_03620,O=C1NC=C2CC3C1C23,9,-5.8722,-0.6585,5.2137,2.4792,76.09,26.742
QM9_03621,COC(C)CC(C)C,8,-6.7484,2.1715,8.9226,1.0119,82.46,38.804
QM9_03622,Cn1ccc2occc21,9,-5.0151,0.4816,5.4994,2.6197,78.33,27.947
QM9_03623,C#CC(O)C(C)CCC,9,-7.1539,0.8898,8.0437,1.3349,88.7,41.53
QM9_03624,CC(O)C1C2OCOC21,9,-6.6695,1.9728,8.6423,2.2738,70.83,32.429
QM9_03625,CC(C)C#CCC(C)C,9,-6.5198,1.5946,8.1117,0.1384,99.35,42.595
QM9_03626,CN=COC(C)(C)C,8,-6.5498,0.9007,7.4478,3.1018,79.95,36.931
QM9_03627,N#CC1C(O)CC1O,8,-7.4967,0.3456,7.8423,2.5346,60.68,28.829
QM9_03628,O=c1nccccn1,8,-6.9797,-2.6504,4.3293,5.6824,63.09,22.28
QM9_03629,N#C[C-](C#N)C(N)=[NH2+],8,-6.3375,-0.868,5.4695,7.6934,66.86,28.883
QM9_03630,N#CCN(C=N)C=N,8,-6.909,-0.7347,6.1743,3.1734,67.33,27.889
QM9_03631,OCC1CC2C3OC3C12,9,-6.7811,1.7851,8.5661,2.5696,73.63,30.882
QM9_03632,C1C2NC2C23CC(C2)N13,9,-5.6491,1.9619,7.611,1.1794,79.25,27.749
QM9_03633,CC1OC2CN3C1CC23,9,-5.8532,2.264,8.1172,0.4002,77.31,29.351
QM9_03634,COC12CC1CC1CC12,9,-6.3593,2.117,8.4763,1.3202,80.97,32.65
QM9_03635,C#CC(C#N)(C#N)CO,9,-8.4736,-0.4599,8.0138,5.6371,68.47,32.976
QM9_03636,COC1C2COCC21,8,-6.3049,2.049,8.3539,2.2316,67.72,27.925
QM9_03637,C1OC1C1CC2CC21,8,-6.8056,2.3837,9.1893,1.8051,71.49,27.36
QM9_03638,CC1C2CC3N1C23C,8,-6.2314,2.6395,8.8709,1.6097,75.01,29.194
QM9_03639,N=C1NC(=O)CC1CO,9,-6.9743,-0.4952,6.4818,1.5225,71.46,30.558
QM9_03640,CC1C2C3C(O)C2(C)C13,9,-6.7375,1.9973,8.7349,1.5787,82.98,34.418
QM9_03641,C#CC1CCC2CC12O,9,-6.8246,1.3388,8.1634,0.831,80.5,33.604
QM9_03642,O=CC1(O)C(=O)C2NC21,9,-6.5933,-1.7334,4.8572,4.8297,64.28,29.168
QM9_03643,O=C1NC2CCOC12,8,-6.4056,0.566,6.9688,4.4706,60.66,24.602
QM9_03644,CC1=CC(C)C2OCC12,9,-6.3266,0.6395,6.9661,1.7663,84.57,33.04
QM9_03645,CN=c1[nH]ncnc1F,9,-6.2641,-1.7987,4.4654,2.7511,70.49,27.911
QM9_03646,N=c1nn[nH]nc1N,8,-5.9892,-1.2925,4.6994,3.2007,63.56,24.899
QM9_03647,CC1=C(C)CC=CC=C1,9,-5.5865,-0.6422,4.9443,0.6146,95.49,34.567
QM9_03648,OC1CC23CC(O2)C13,8,-6.5035,1.6191,8.1226,2.649,65.44,25.739
QM9_03649,C1CC23OC4CC12CC43,9,-5.9076,2.2395,8.1444,1.4508,77.81,27.701
QM9_03650,CCC1=CC2OC3C1C23,9,-6.0355,0.1524,6.1879,1.6627,80.42,30.296
QM9_03651,O=C1CC2CC3(CN3)C12,9,-6.2668,-0.4871,5.7797,4.2598,76.63,29.923
QM9_03652,COC1OCCC1(C)O,9,-6.909,1.8939,8.8029,1.742,74.75,36.369
QM9_03653,N#CC12OC(=N)C1C2O,9,-7.7144,-0.9959,6.7185,1.8702,66.68,28.422
QM9_03654,NC1=C(C=O)C2OC2C1,9,-5.9266,-1.0177,4.9089,6.2545,75.24,30.609
QM9_03655,CC(=O)CC1C2CN1C2,9,-6.1988,-0.381,5.8178,1.8878,80.05,32.383
QM9_03656,OC1C2C3C=CCN2C13,9,-5.8641,0.3973,6.2586,1.0436,76.73,28.842
QM9_03657,COC1CC2(O)C(C)C12,9,-6.5117,2.1007,8.6124,1.2471,79.5,36.231
QM9_03658,CCCC1(C(C)=O)CC1,9,-6.5144,-0.2177,6.2967,2.7308,86.51,38.61
QM9_03659,CC12CN(CC1=NO)C2,9,-6.1824,0.4544,6.6369,1.1395,78.87,32.166
QM9_03660,N#CC1(O)C=CCOC1,9,-7.4314,-0.4789,6.9552,4.1044,71.08,30.844
QM9_03661,CN1CC2(O)C(O)CC12,9,-6.0681,1.9565,8.0246,1.0208,75.67,34.505
QM9_03662,COC(C(C)C)C1CC1,9,-6.694,2.1252,8.8192,1.043,88.84,40.498
QM9_03663,Cc1ccc(F)c(F)c1,9,-6.4491,-0.3102,6.1389,2.4546,71.89,29.138
QM9_03664,C1=NCc2oncc2O1,9,-6.5443,-0.7048,5.8368,1.8161,63.99,23.591
QM9_03665,C#CC1OC(=O)C1(C)C,9,-7.3171,0.1279,7.445,3.9901,74.64,33.985
QM9_03666,O=C1COc2cc[nH]c21,9,-5.9103,-0.9197,4.9906,3.19,72.23,25.862
QM9_03667,CC1(C)C=CCOC1=O,9,-7.0641,0.1415,7.2056,3.9525,77.59,33.396
QM9_03668,CC1=CC2(CC2)OC1,8,-5.5811,0.6177,6.1988,1.645,77.09,29.504
QM9_03669,CC12C=CC(C1)C2C#N,9,-6.6695,-0.2395,6.4301,4.145,80.26,30.815
QM9_03670,N#CC#CC1=CCCC1,9,-6.7511,-1.8123,4.9389,5.9754,98.84,29.77
QM9_03671,CC1(O)CC(O)C1,7,-6.8001,2.0817,8.8818,0.459,60.22,29.349
QM9_03672,C1=CC2(C3CN3)NC2C1,9,-6.0028,0.4952,6.4981,2.6551,80.63,30.03
QM9_03673,OCC1CC2OCOC12,9,-6.9008,1.9592,8.8627,1.0779,70.21,30.743
QM9_03674,C1CN=C2OCOC2C1,9,-6.6668,0.5497,7.2165,2.4714,72.42,27.939
QM9_03675,OCC12CC3C1CCC32,9,-7.1457,2.0028,9.1485,1.3957,82.3,31.522
QM9_03676,CCN=COCC,7,-6.5906,0.8844,7.475,2.8623,68.65,30.067
QM9_03677,O=C1NCC(O)C1CO,9,-6.7267,0.6504,7.3797,6.1123,68.32,32.516
QM9_03678,O=C1NC2C=CCOC12,9,-6.5906,-0.1116,6.479,4.8319,70.78,27.987
QM9_03679,NC(N)=Nc1ncno1,9,-6.1715,-0.6177,5.5566,5.4881,71.69,29.009
QM9_03680,Cc1cc(=N)nc(O)[nH]1,9,-5.5892,-0.1633,5.426,5.2416,77.37,30.797
QM9_03681,CCc1c(O)n[nH]c1O,9,-5.6926,1.2354,6.928,1.7729,70.79,33.763
QM9_03682,CC1=CCC2C(O)CC12,9,-6.3158,0.6259,6.9389,1.7477,83.61,33.176
QM9_03683,C1=CC2OC3C1C=CC23,9,-6.2069,-0.2095,5.9974,1.7695,75.18,25.684
QM9_03684,OC12CC=CC1C=CC2,9,-6.4083,0.4816,6.8899,1.3465,80.06,30.765
QM9_03685,C#CC(C)(C)CC1CO1,9,-7.0586,1.5293,8.5879,1.5217,84.9,38.185
QM9_03686,CC12CC3CC1OCC32,9,-6.362,2.4218,8.7838,1.5245,80.57,30.038
QM9_03687,CC(C)C1C2OC1C2C,9,-6.3539,2.3266,8.6804,1.8125,86.17,36.79
QM9_03688,C#CC1(CO)CN=CO1,9,-7.0586,0.2449,7.3035,0.2424,70.6,31.552
QM9_03689,OC1CCC12CN2,7,-6.5307,1.9674,8.4981,1.4489,60.66,25.769
QM9_03690,Cc1coc(=O)c(O)n1,9,-6.46,-1.8477,4.6123,2.4392,69.06,28.355
QM9_03691,CC(C)C(O)C1CC1O,9,-6.8409,1.6327,8.4736,2.7254,81.77,39.555
QM9_03692,c1nnnnc1C1CO1,9,-7.1158,-2.5824,4.5334,4.5566,66.57,25.321
QM9_03693,CC1C(CO)C2NC12C,9,-6.0056,1.7878,7.7961,2.6955,82.01,37.137
QM9_03694,C#CC(C)C1C2COC21,9,-6.5035,1.5483,8.0518,1.9482,80.89,33.548
QM9_03695,C#CCC1CC1CCC,9,-6.9362,1.5891,8.5226,0.8943,93.07,38.897
QM9_03696,COCc1cc(C)[nH]n1,9,-6.2695,0.7129,6.9824,1.8971,80.47,33.358
QM9_03697,CCC1C(CO)N2CC12,9,-6.4818,1.8422,8.324,2.6402,81.05,35.547
QM9_03698,CC1(C(=O)[O-])CC[NH2+]C1,9,-6.7375,0.8299,7.5675,5.7378,74.05,32.665
QM9_03699,N#CC12C3CC4C3C1N42,9,-6.9933,0.2014,7.1947,5.2214,73.33,25.168
QM9_03700,CC1OC2(C)C(O)C12,8,-6.2396,2.0653,8.3049,1.7643,67.84,31.016
QM9_03701,CCc1ccc(N)cc1,9,-5.2654,0.2422,5.5076,1.4832,92.56,33.928
QM9_03702,CC1(O)CCOC=NC1,9,-6.4709,0.5279,6.9988,1.8301,76.08,34.411
QM9_03703,CC1C=CNC(=O)C1C,9,-5.8831,-0.0789,5.8042,2.8924,80.84,34.069
QM9_03704,COC1(CO)COC1=N,9,-6.7049,0.1605,6.8654,1.594,68.99,33.422
QM9_03705,C#CCCOCC(C)C,9,-6.9824,1.4966,8.4818,0.9494,89.88,40.363
QM9_03706,CC(C#N)CC1(C)CC1,9,-7.5974,1.064,8.6587,4.2082,86.62,37.614
QM9_03707,CCOc1nc(N)n[nH]1,9,-5.4532,1.2817,6.7348,2.1455,71.57,32.356
QM9_03708,CC12OC1C1CN1C2=O,9,-6.7158,-0.7265,5.9892,3.596,68.32,28.71
QM9_03709,N=C1OC2C=CCC1C2,9,-6.7566,-0.0544,6.7022,2.9733,76.37,27.816
QM9_03710,CC1CC(C=O)(CO)C1,9,-6.8981,-0.8599,6.0382,3.2017,79.45,35.934
QM9_03711,COC1CCOC(=N)C1,9,-6.9498,0.5333,7.4831,2.4688,77.57,32.989
QM9_03712,CC1(C2CO2)OC1CO,9,-7.0913,1.8531,8.9444,3.0035,71.89,34.55
QM9_03713,C#CCC(O)C(C)C,8,-6.9335,1.3687,8.3022,1.7579,77.36,36.737
QM9_03714,CC1C(=O)C=CC2CC21,9,-6.3647,-1.3034,5.0613,3.5869,82.0,31.251
QM9_03715,CCC1OC1(C)C(C)=O,9,-6.5607,-0.5225,6.0409,2.1331,80.33,38.155
QM9_03716,CC1CCCCC(=O)C1,9,-6.3484,-0.2313,6.1171,2.9167,85.51,35.309
QM9_03717,N#CC1C2COC(=N)C12,9,-7.3416,-0.0789,7.2627,5.1074,70.73,27.423
QM9_03718,CCC1OC1C(O)C=O,9,-7.3688,-1.1483,6.2232,1.847,73.57,34.851
QM9_03719,CC#CCCCOC=N,9,-6.7457,0.5959,7.3416,3.2959,88.4,36.937
QM9_03720,CCOc1ccnn1C,9,-5.6817,1.1402,6.8192,3.1311,78.82,32.923
QM9_03721,CC12CC(C1)C(O)C2=O,9,-6.3511,-0.4109,5.9402,2.2265,75.03,32.291
QM9_03722,CC1Cn2nccc2N1,9,-5.3525,1.1374,6.4899,3.6732,78.11,28.877
QM9_03723,COC1CCCCC1=O,9,-6.1906,-0.3973,5.7933,2.9275,79.29,33.835
QM9_03724,C1=CC2OC3CCC1C23,9,-6.4246,0.2177,6.6423,1.8567,77.64,27.008
QM9_03725,Nc1noc2c1CCN2,9,-5.3688,0.8245,6.1933,4.1929,72.08,28.599
QM9_03726,CC1(C#N)NC2CC1C2,9,-6.6015,0.7265,7.3253,3.4632,79.01,31.141
QM9_03727,N#CC#Cc1c[nH]cn1,9,-6.6151,-1.4476,5.1674,8.6804,87.07,26.111
QM9_03728,CC12OCC3OC1C32,8,-5.8178,2.1143,7.9321,2.0771,63.31,25.398
QM9_03729,CC1OCC12NC2(C)C,9,-6.4518,1.7415,8.1933,2.0079,82.61,37.127
QM9_03730,CC1C2CC1C(O)C2O,9,-6.9443,1.7007,8.6451,2.0987,77.27,33.716
QM9_03731,C#CC1CCC1(O)CO,9,-6.8137,1.2572,8.0709,2.127,77.57,36.207
QM9_03732,O=CN1C=NC2(CC2)C1,9,-6.3185,-0.6231,5.6926,3.6069,78.84,29.384
QM9_03733,C#CC#CC(=N)OC=O,9,-7.494,-2.2939,5.2001,4.5234,84.57,30.363
QM9_03734,C#CCc1cnn(C)n1,9,-6.8246,-0.117,6.7076,0.8265,77.14,30.717
QM9_03735,C1C2CC3(CO3)CN12,8,-6.3593,2.098,8.4573,2.0196,66.7,26.064
QM9_03736,CC12COC1(C)C2C=O,9,-6.4899,-0.5987,5.894,3.4926,78.74,34.186
QM9_03737,CC1CC=CC2(CC2)C1,9,-5.9947,0.8463,6.8409,0.2503,92.83,34.895
QM9_03738,CC(C)c1ocnc1O,9,-5.728,0.1633,5.8913,0.5016,74.78,32.99
QM9_03739,COC1CC12CC1CN12,9,-6.2804,2.1932,8.4763,1.0606,80.32,32.683
QM9_03740,N#CC1CC1C1CCO1,9,-7.0559,0.9361,7.992,5.6602,76.48,30.627
QM9_03741,CC1=CC(=O)C2COC12,9,-6.5335,-1.347,5.1865,2.7265,75.72,29.175
QM9_03742,CC1C=CCC2(C)CC12,9,-6.3811,0.7864,7.1675,0.2646,91.17,35.512
QM9_03743,CC1(C)CCCC2OC21,9,-6.9634,2.1279,9.0913,1.706,84.28,35.478
QM9_03744,Nc1cc(F)nc(=O)[nH]1,9,-6.2641,-0.8027,5.4613,8.0522,64.99,28.213
QM9_03745,O=C1NC=CCOC1=O,9,-6.5988,-1.6817,4.9171,5.2525,66.05,27.822
QM9_03746,CC(C)(C#N)C(O)C=O,9,-7.9348,-1.6545,6.2804,4.4051,72.67,36.103
QM9_03747,Oc1noc2c1OCC2,9,-5.8994,-0.0816,5.8151,2.2774,64.06,26.383
QM9_03748,N=c1[nH]c2c(o1)OCC2,9,-4.977,1.0177,5.9947,3.6827,68.85,27.15
QM9_03749,N=C1OCC2C3NC3C12,9,-6.4137,0.868,7.2818,4.0949,72.09,27.203
QM9_03750,OC1CC2CCCOC12,9,-6.2042,1.717,7.9212,2.2797,77.23,32.303
QM9_03751,CC1COC(=N)C1=O,8,-6.9716,-1.8585,5.113,4.4351,63.6,27.072
QM9_03752,COC1(C)CCCO1,8,-6.9552,2.3347,9.2927,0.5004,70.53,31.82
QM9_03753,CC12CCC1CN2C=O,9,-6.4001,0.7619,7.162,4.3844,80.77,32.58
QM9_03754,O=CC12CCN1C1CC12,9,-6.1607,-0.8055,5.3525,3.0783,75.29,29.449
QM9_03755,N=C(CO)N(C=O)C=O,9,-7.2709,-1.4068,5.8668,3.7269,66.02,32.36
QM9_03756,OC1CC2C=CC1C=C2,9,-6.2096,0.264,6.4736,1.4878,78.0,30.006
QM9_03757,CCC1CC2OCC1O2,9,-6.7675,2.2313,8.9988,1.9108,76.47,31.209
QM9_03758,CC(O)C1NC(=O)C1O,9,-6.8301,0.4599,7.2899,1.3529,68.41,35.388
QM9_03759,CC1CCC1C1(O)CC1,9,-6.3729,1.7089,8.0791,1.3981,85.52,37.422
QM9_03760,C#CC(CO)C1CCC1,9,-6.9824,1.2245,8.207,1.577,84.74,36.314
QM9_03761,CCCC1CC(=O)O1,8,-7.4287,0.3565,7.7852,4.1133,68.83,29.93
QM9_03762,N=C(CC=O)OC1CC1,9,-6.7403,-0.4354,6.3022,4.8145,74.43,33.074
QM9_03763,C1=CC23C(C1)C1C2OC13,9,-6.1443,0.1252,6.2668,2.0365,77.0,26.326
QM9_03764,CC1(C#N)COC(=N)C1,9,-7.4314,0.1714,7.6001,4.5908,73.68,31.358
QM9_03765,O=CCC1OCC12CC2,9,-6.6423,-0.5959,6.0464,3.7351,76.83,32.424
QM9_03766,OC1CCC2CN3C1C23,9,-6.1198,1.8449,7.9648,3.149,77.14,30.246
QM9_03767,C#CC(=O)N1CCC1=N,9,-7.075,-1.5211,5.5538,1.0012,76.37,30.526
QM9_03768,C#Cc1coc(OC)c1,9,-5.4804,-0.0517,5.4314,1.7544,78.89,31.034
QM9_03769,C#CCC1OCOC1=O,9,-7.3797,-0.185,7.1947,2.4367,67.03,29.666
QM9_03770,CC1N(C)C12CC1OC12,9,-6.0355,2.2313,8.2668,1.9142,79.44,33.694
QM9_03771,N#CC(=O)c1cn[nH]c1,9,-7.7471,-2.5225,5.2246,5.3919,68.43,25.639
QM9_03772,C#Cc1c[nH]cc1C#C,9,-5.8205,0.0653,5.8831,3.2265,86.35,31.2
QM9_03773,CC1C(=O)C2(O)CC12O,9,-6.2641,-0.3102,5.9539,3.63,70.12,34.394
QM9_03774,c1ccn2nncc2c1,9,-6.0573,-1.2817,4.7756,4.6983,78.04,23.555
QM9_03775,O=C1CN=C2C=CCN12,9,-6.4818,-1.3116,5.1702,3.7171,74.19,25.827
QM9_03776,CN=C(C)OCC(C)=O,9,-6.6124,-0.3048,6.3076,2.0992,79.43,37.848
QM9_03777,Nc1ncoc1CCO,9,-5.4015,0.2993,5.7008,0.8832,71.74,32.288
QM9_03778,Cc1nc[nH]c1C1CC1,9,-5.4232,0.9551,6.3783,3.5141,83.94,32.098
QM9_03779,N=c1oc(=O)occ1O,9,-6.7784,-1.3687,5.4096,3.7316,61.23,27.122
QM9_03780,CC(=O)C1CC2(O)CC12,9,-6.3076,-0.2776,6.03,1.4089,75.67,34.152
QM9_03781,C1CC23C4C5C(C2N54)N13,9,-5.8967,1.7551,7.6491,1.5383,73.51,25.035
QM9_03782,CC1(C2CN2)CCCO1,9,-6.3974,2.0708,8.4655,2.8998,80.77,34.203
QM9_03783,O=CC12CC1(O)C(=O)O2,9,-7.4233,-1.6844,5.7389,2.9237,61.39,28.908
QM9_03784,CCC(C)(CO)C(C)C,9,-7.1811,1.8803,9.0641,1.2593,91.51,44.881
QM9_03785,CC1C2CC13OCC3O2,9,-6.5198,1.4449,7.9621,0.8682,74.59,29.745
QM9_03786,CC1C2C3CC3C12CO,9,-5.6572,1.8313,7.4886,1.5029,82.03,34.662
QM9_03787,N=C(C=O)NCC(N)=O,9,-6.4518,-2.2912,4.1579,1.8787,70.29,33.194
QM9_03788,N=c1occ(N2CC2)o1,9,-5.8831,0.4735,6.3566,2.74,70.52,27.893
QM9_03789,CCCCCCC#N,8,-8.49,1.0395,9.5294,4.2679,80.61,34.431
QM9_03790,OCC1C2CCCOC12,9,-6.1933,1.8857,8.0763,0.9605,77.94,33.016
QM9_03791,CC(=NC(C)C)NC=O,9,-6.6967,-0.3265,6.3702,1.7819,87.98,38.043
QM9_03792,CCCCc1ncno1,9,-7.6981,-0.5714,7.1267,2.1808,77.87,31.62
QM9_03793,CC(=O)C1(O)C2CCC21,9,-6.2178,-0.3646,5.8504,2.194,76.44,33.963
QM9_03794,CC(O)CCC1CC1O,9,-6.811,2.0517,8.8627,2.4395,82.99,39.55
QM9_03795,O=CCc1cncnn1,9,-6.7375,-2.3075,4.43,1.9074,71.09,26.606
QM9_03796,C1COC(C2CC2)OC1,9,-7.0069,2.4681,9.475,1.6795,79.06,31.902
QM9_03797,CC(C)C1CC1C1CC1,9,-6.6205,2.3619,8.9852,0.0614,94.01,39.015
QM9_03798,N#CC(N)c1ccco1,9,-6.5035,-0.2476,6.2532,3.085,72.35,29.323
QM9_03799,CC12CCOC1C2C=O,9,-6.411,-0.5143,5.8967,3.8712,76.93,32.159
QM9_03800,C#CC1C2CC1C1OC21,9,-6.8328,1.2544,8.0845,1.8958,77.11,28.669
QM9_03801,O=C1C=CC(O)CC1O,9,-6.9906,-1.7551,5.2355,4.1978,71.73,31.64
QM9_03802,CN=C1CN=C(CN)N1,9,-6.1226,-0.0054,6.1144,2.2969,80.57,34.442
QM9_03803,CC1=CC(=N)NC(=O)C1,9,-6.8301,-1.0776,5.7552,1.9248,81.05,30.998
QM9_03804,C#CC1(O)CC1N1CC1,9,-6.1307,1.1157,7.2464,3.3352,81.05,34.229
QM9_03805,CCC1(O)C2CN3C2C31,9,-6.3702,1.7116,8.0818,3.1686,77.48,32.742
QM9_03806,CCC1C2CC3C1C23C,9,-6.3103,2.4028,8.7131,0.4379,89.69,34.822
QM9_03807,Cc1conc1C(=N)N,9,-6.5933,-0.8272,5.7661,0.7434,73.46,31.263
QM9_03808,CC(C=O)OCCCO,9,-6.9062,-0.7347,6.1715,3.8108,77.06,38.206
QM9_03809,C#CC(=N)OC(C)C=O,9,-7.0804,-1.0776,6.0028,3.268,75.07,34.055
QM9_03810,C#CC1OC(CO)C1=O,9,-6.9688,-1.3007,5.6681,1.3349,68.72,31.784
QM9_03811,CNC(=N)c1nn[nH]n1,9,-6.1226,-1.2191,4.9035,2.2845,69.84,29.132
QM9_03812,OCCC1COC12CC2,9,-6.1117,2.0272,8.1389,2.2742,79.12,35.047
QM9_03813,CCN=c1[nH]c(O)no1,9,-5.8722,0.8218,6.694,2.8972,70.49,31.614
QM9_03814,COC1(C)COC2CC21,9,-6.2586,2.3102,8.5689,1.156,77.38,34.43
QM9_03815,C#CC#CCCC(C)=O,9,-6.5389,-0.5823,5.9566,2.4422,92.22,35.845
QM9_03816,OC1C=CC(O)C2CC12,9,-6.9307,0.3374,7.2682,2.6084,76.52,32.877
QM9_03817,N=COC1C=CC2NC21,9,-6.5117,-0.185,6.3239,4.814,76.47,29.298
QM9_03818,CCC1(O)C2C3CN3C21,9,-6.0056,1.5973,7.6029,1.5341,78.21,33.991
QM9_03819,CCC1=CNC(=O)C1=O,9,-6.4899,-2.4953,3.9919,5.4996,73.67,31.237
QM9_03820,Cc1ccc(=N)on1,8,-6.4491,-1.9375,4.5116,3.665,69.87,26.116
QM9_03821,O=CC1(O)CNC(=O)C1,9,-6.8682,-1.3524,5.5157,2.4637,65.82,30.906
QM9_03822,N=C1Cc2nc[nH]c2O1,9,-5.6164,0.1333,5.7525,3.7277,68.99,25.938
QM9_03823,CC1(C)C(C=O)C1CO,9,-6.694,-0.585,6.109,3.2421,81.25,38.044
QM9_03824,C#CC1C2N=CN3C1C23,9,-6.6423,-0.4952,6.1471,1.4228,74.3,26.847
QM9_03825,CC1(C)C2OC3CN1C32,9,-5.7171,1.8776,7.5947,0.5271,77.58,31.327
QM9_03826,C#CC12C(=O)C3CC1C32,9,-6.5198,-0.0408,6.479,3.5198,77.7,28.724
QM9_03827,OCCOC=NC1CC1,9,-6.3729,0.4735,6.8464,2.5215,84.22,35.161
QM9_03828,CC12CCC3C1C3(C)C2,9,-6.5852,2.4327,9.0151,0.1764,89.09,34.51
QM9_03829,C[NH2+]C1(C(=O)[O-])CC1C,9,-6.5443,0.6313,7.1756,5.3469,75.54,35.622
QM9_03830,COc1c[nH]c(N)c1O,9,-4.9117,1.6191,6.5335,1.5538,72.36,34.925
QM9_03831,CC1=CCn2cccc21,9,-4.9661,-0.0789,4.8899,1.6783,87.42,29.539
QM9_03832,CCC(=O)N1CC1(C)C,9,-6.5144,0.4435,6.958,3.0582,84.59,38.498
QM9_03833,C#CC1CC(C)=CC1C,9,-6.3294,0.7075,7.0369,0.8505,91.25,36.464
QM9_03834,CC1OCC1NC(N)=O,9,-6.7511,1.3524,8.1036,3.5371,73.04,34.797
QM9_03835,N#Cc1ncncc1N,9,-6.7076,-2.1361,4.5715,4.279,75.28,27.35
QM9_03836,OCC1CC2C(O)CC12,9,-6.7511,1.8776,8.6287,0.8195,78.2,34.401
QM9_03837,CC(C)CCC(=O)C#N,9,-8.0246,-2.2722,5.7525,3.8253,81.53,36.979
QM9_03838,Nc1n[nH]c2c1NCC2,9,-5.0123,0.9851,5.9974,2.2144,75.48,29.742
QM9_03839,C#CC1CCC1(C)C#C,9,-6.7675,0.8327,7.5974,0.7156,88.33,36.524
QM9_03840,CC1CCC(=O)OC=N1,9,-7.045,-0.5959,6.4491,3.0649,74.78,31.215
QM9_03841,C#CC(CC#N)C1CN1,9,-6.9199,0.3946,7.3144,4.1822,78.71,33.246
QM9_03842,N#CCC1OC1CO,8,-7.6763,0.5959,8.2723,3.4906,62.18,28.823
QM9_03843,Cc1nc(N)nc(N)n1,9,-6.3484,-0.1034,6.245,1.5925,75.92,32.136
QM9_03844,CC1CC=CCCC1,8,-6.343,0.6504,6.9933,0.2534,83.32,32.064
QM9_03845,O=C1C2NC3CN1C32,8,-6.3675,-0.4544,5.913,4.6226,60.43,22.492
QM9_03846,C#CC1=CC2CCC1C2,9,-6.0001,-0.4844,5.5157,0.8572,89.93,30.428
QM9_03847,CC12C3CC4=CC3C1C42,9,-5.1212,-1.8939,3.2273,1.4394,83.85,29.12
QM9_03848,O=C1CNCCOCO1,9,-6.245,0.0408,6.2886,3.3434,68.14,30.433
QM9_03849,CC1OC2CC(O)CC12,9,-6.8491,2.0409,8.89,2.5098,77.13,32.278
QM9_03850,OCC1(O)CC12CCO2,9,-6.1062,1.5402,7.6464,3.4609,72.61,34.619
QM9_03851,CC1(C(C#N)C=O)CC1,9,-7.3552,-1.4068,5.9484,3.0316,76.53,34.112
QM9_03852,O=CC12OCC3C1CC32,9,-6.7838,-0.9932,5.7906,2.8497,72.34,27.548
QM9_03853,CC1=C(C)C2CC1C2,8,-5.494,0.8762,6.3702,0.1656,81.55,30.182
QM9_03854,CCC1C=CCC1C=O,9,-6.4246,-0.5197,5.9049,2.715,84.34,34.349
QM9_03855,CC1C(C)(O)C1(C)O,8,-6.3511,1.9211,8.275,1.7253,71.85,37.203
QM9_03856,CN1CC=CC(O)C1=O,9,-6.626,0.1796,6.8028,4.0991,74.41,31.891
QM9_03857,Cc1cc(=O)cnn1C,9,-5.9457,-0.868,5.0776,6.2015,81.06,30.955
QM9_03858,O=CCNc1conn1,9,-6.3865,-1.3715,5.0151,3.4855,64.22,28.136
QM9_03859,C1CC2(CO2)C2OCC12,9,-6.694,1.6218,8.3158,1.5123,74.23,29.322
QM9_03860,O=Cc1cccoc1=O,9,-6.8981,-2.5171,4.381,6.6486,72.08,26.473
QM9_03861,OCC1C2CC(O)CC12,9,-6.6641,1.7361,8.4002,3.038,77.32,34.281
QM9_03862,COCC(=O)C(=N)N,8,-6.762,-1.4395,5.3225,2.196,64.47,31.699
QM9_03863,O=C1Cn2nncc2O1,9,-7.1892,-1.3415,5.8477,1.677,60.86,23.1
QM9_03864,CC(C)CC(O)C=O,8,-7.4042,-0.9714,6.4328,2.1541,72.88,34.776
QM9_03865,N#CC1OC1C1COC1,9,-7.1321,-0.2803,6.8491,2.4916,69.38,29.064
QM9_03866,Cn1cc(N)cnc1=O,9,-5.4668,-1.3715,4.0953,6.5146,77.26,30.791
QM9_03867,CC#CC1C2CCC12C,9,-6.0926,1.5755,7.6682,0.2636,93.18,35.772
QM9_03868,CC12CC1OCCCO2,9,-6.3783,2.2694,8.6478,1.8189,78.91,33.282
QM9_03869,C#CC12CC3(C)C1CN32,9,-6.2994,0.6667,6.9661,1.7735,84.67,31.958
QM9_03870,NC(=O)C(=O)C#CC=O,9,-7.2573,-2.9143,4.3429,3.544,69.06,30.723
QM9_03871,N#CC12C3C4C1C4(O)C32,9,-6.7239,0.2395,6.9634,3.5662,70.92,27.65
QM9_03872,O=C1CC2CN3CC2C13,9,-6.4192,-0.8136,5.6028,3.6552,74.64,26.553
QM9_03873,C1CC2COCC2CO1,9,-6.6124,2.3919,9.0042,1.1028,77.9,30.129
QM9_03874,CCc1c[nH]cc1N,8,-4.7593,1.5374,6.2967,1.7951,74.86,31.768
QM9_03875,CC1C(=O)C(C)N1C,8,-5.7906,-0.5578,5.2327,2.5512,71.84,32.88
QM9_03876,C#CC1(N)C(=O)NC1C,9,-6.6505,0.3728,7.0205,3.0677,76.12,35.17
QM9_03877,N=C1OCC2C(CO)C12,9,-7.1076,0.4463,7.5539,3.5852,72.5,30.463
QM9_03878,CC(C)N1CC(=O)C1,8,-6.2423,-0.6014,5.6409,2.7158,73.21,31.861
QM9_03879,CCCC(C#N)C1CO1,9,-7.641,0.8327,8.4736,3.994,79.57,35.011
QM9_03880,CC(C=O)n1nccn1,9,-7.0777,-1.034,6.0409,2.0721,71.5,29.082
QM9_03881,O=CCc1cc(O)no1,9,-6.8981,-1.1374,5.7607,1.6416,66.03,28.592
QM9_03882,C#CC1C(C)CC1C=O,9,-6.5688,-0.6776,5.8913,2.9944,82.25,34.873
QM9_03883,CN=c1onnoc1=O,9,-8.0546,-2.3837,5.6709,2.9091,63.43,27.709
QM9_03884,OCC12CCC3C1N3C2,9,-6.0001,1.8313,7.8314,2.3367,77.24,31.054
QM9_03885,CC1=CCOC1C1CC1,9,-6.1198,0.6748,6.7947,1.6067,85.64,33.645
QM9_03886,CC(O)C1C2C=CCC21,9,-6.1525,0.585,6.7375,1.5781,82.75,34.169
QM9_03887,CC1OC2=NCCC21,8,-6.6532,0.5932,7.2464,3.7724,68.45,26.688
QM9_03888,CC12CC3C(C#N)C1N32,9,-7.1566,0.4463,7.6056,2.5524,75.71,29.24
QM9_03889,C#CC(C#C)CCC#N,9,-7.5512,0.2993,7.8505,3.7209,81.23,34.724
QM9_03890,COCC(O)C1(O)CC1,9,-6.8845,1.6762,8.5607,0.8101,75.3,38.058
QM9_03891,CC12OC(C1=O)C2C#N,9,-7.5457,-0.9415,6.6042,2.1534,67.53,29.265
QM9_03892,CN=C(C)N(C)C(N)=O,9,-6.2178,0.2313,6.4464,2.4842,81.54,38.028
QM9_03893,C#CC12CC(CO)N1C2,9,-6.5715,0.3129,6.8845,2.1199,80.27,33.363
QM9_03894,CC1(C(N)=O)C2CC1O2,9,-6.5062,0.585,7.0913,2.6534,72.33,32.15
QM9_03895,CCCC#CC(C)=O,8,-6.8464,-1.1755,5.6709,3.5253,80.43,33.454
QM9_03896,C#Cc1[nH]c(O)nc1O,9,-5.094,0.2966,5.3933,2.2133,72.62,30.848
QM9_03897,CCC1(C#N)C2CCC21,9,-7.5267,0.9524,8.4791,4.3122,83.5,33.382
QM9_03898,CC12COC3CN1C32C,9,-6.1525,2.2803,8.4328,0.8696,77.99,32.247
QM9_03899,C1C2OC1C13CN(C1)C23,9,-5.9511,1.5592,7.5131,1.8997,75.49,26.101
QM9_03900,CN1CC12CCOC2=N,9,-6.3865,0.5306,6.9171,3.8253,77.79,31.735
QM9_03901,Oc1cn[nH]c1C1CO1,9,-5.8423,0.2122,6.0545,3.4865,68.76,28.973
QM9_03902,CCC(C#N)C#N,7,-9.2138,-0.2776,8.9362,4.366,58.34,25.66
QM9_03903,Cc1nc(O)c(C)n1C,9,-4.9117,1.0041,5.9158,3.0463,80.43,35.299
QM9_03904,CC(O)C(=O)C1CN1,8,-7.2083,-1.064,6.1443,1.7852,66.29,30.519
QM9_03905,CC1OC23CN4C2CC143,9,-5.9321,0.7456,6.6777,0.6992,76.55,29.524
QM9_03906,N=c1ccnc[nH]c1=N,9,-6.294,-1.6735,4.6205,2.9527,81.86,27.892
QM9_03907,CC1CN2C(C)C(=O)C12,9,-6.1879,-0.6993,5.4858,1.6455,78.69,33.39
QM9_03908,CCC(OC)C(=O)NC,9,-6.4301,0.8055,7.2355,3.8012,80.92,39.366
QM9_03909,OCc1onnc1O,8,-6.762,-1.2136,5.5484,2.5445,52.98,25.741
QM9_03910,O=C1C2OC3CC1(O)C32,9,-6.5688,-0.9497,5.6192,2.2607,64.63,27.35
QM9_03911,Cc1n[nH]c2ncoc12,9,-6.3593,-0.5143,5.845,0.7203,69.3,25.95
QM9_03912,c1nocc1CN1CC1,9,-6.6804,-0.2367,6.4437,3.8651,74.28,28.46
QM9_03913,O=C1C=CNCC2CC12,9,-5.8314,-0.6231,5.2083,5.5626,80.19,29.956
QM9_03914,O=c1nc(O)c(O)c[nH]1,9,-5.8913,-1.2109,4.6804,3.848,64.57,28.115
QM9_03915,CCCC12COC1(C)C2,9,-6.0736,2.166,8.2396,1.8035,86.68,37.137
QM9_03916,C#CC([NH3+])C(=O)[O-],7,-7.0341,0.2095,7.2464,4.9929,52.08,25.588
QM9_03917,CCC12NC1C1(C)OC21,9,-5.8069,1.7306,7.5376,3.3791,79.41,34.359
QM9_03918,CC1(C)CC2CCC1C2,9,-7.6355,2.0545,9.69,0.0743,90.53,35.212
QM9_03919,CCC1CC1(O)CC#N,9,-7.3661,0.6912,8.0573,3.2241,80.41,36.565
QM9_03920,OCC1C(=NO)CC1O,9,-6.7212,-0.1742,6.5498,3.2216,72.31,34.933
QM9_03921,C1COCC(N2CC2)C1,9,-6.4164,2.3375,8.7539,1.3183,82.88,32.644
QM9_03922,c1cc2onnc2o1,8,-6.8899,-1.6871,5.2001,4.1422,55.14,19.82
QM9_03923,CC1CC=CC2OCC12,9,-6.4137,0.3157,6.7294,2.0908,82.44,31.796
QM9_03924,N=c1cnn(C=O)cn1,9,-7.0641,-2.0817,4.9824,2.9085,75.55,25.812
QM9_03925,COC12COC(C1)C2C,9,-6.5144,2.1443,8.6587,1.3871,77.93,33.561
QM9_03926,CC1CC2COC12,7,-6.5198,2.0191,8.5389,1.6825,63.36,24.72
QM9_03927,CC1(CCO)CC2CC21,9,-6.8382,2.1851,9.0233,1.1459,85.42,36.97
QM9_03928,CCC(=O)C1CC1CO,9,-6.5824,-0.3293,6.2505,1.925,80.72,37.077
QM9_03929,C1OCC2(C3CO3)NC12,9,-6.8219,2.1497,8.9716,0.4871,71.27,29.052
QM9_03930,Cc1cocc1C,7,-5.7987,0.8136,6.6124,1.0697,62.57,25.392
QM9_03931,C#CCN1C2CCC21,8,-6.4872,1.3198,7.8097,1.4482,73.69,28.666
QM9_03932,Cn1c(N)ccc1CO,9,-4.9198,1.0449,5.9647,2.0531,81.2,34.815
QM9_03933,C#CC(O)C1CCC1O,9,-6.7947,0.5714,7.3661,2.5683,76.78,35.267
QM9_03934,OCC1CC2(CC2O)O1,9,-6.3239,1.6055,7.9321,2.9746,72.4,34.066
QM9_03935,CN(C)c1ncn(C)n1,9,-5.1702,0.6367,5.8042,1.8766,81.12,33.145
QM9_03936,COC1C=CNC(=O)C1,9,-6.128,-0.351,5.777,3.8361,75.78,31.636
QM9_03937,CC1NC(=O)N2C(C)C12,9,-6.7212,0.9415,7.6627,4.8744,75.35,32.578
QM9_03938,C#CC(C)C(=O)CCO,9,-6.6396,-0.5306,6.109,0.9121,77.81,37.803
QM9_03939,CCCC12OCC1C2C,9,-6.1906,2.1225,8.3131,1.4034,86.55,36.699
QM9_03940,C#CC12OC3C1NC32C,9,-6.5117,0.098,6.6124,1.5618,76.27,30.673
QM9_03941,NC(=O)CC1(CO)CN1,9,-6.6532,0.6068,7.26,2.2176,71.33,34.634
QM9_03942,O=C1CC2OC3CNC132,9,-6.245,-0.8544,5.3879,2.6932,69.59,27.62
QM9_03943,CC12COCC1NC2=O,9,-6.675,0.8191,7.4913,3.7496,71.58,30.614
QM9_03944,OC1C2C3C4=CCC13C42,9,-5.6926,-1.5783,4.1144,0.8087,78.23,29.182
QM9_03945,C1=CC23CCC(O2)C3C1,9,-6.46,0.1578,6.6178,1.9673,78.98,28.037
QM9_03946,N=C1OC(=O)C2CC12,8,-7.5566,-0.7048,6.8518,2.8373,60.07,23.403
QM9_03947,OC12C3CCC1CC2C3,9,-6.3892,1.9538,8.343,1.3108,80.15,31.47
QM9_03948,CCC1CC1CC,7,-7.1484,2.5606,9.709,0.1171,75.28,31.674
QM9_03949,CC1CC2OCC12,7,-6.4709,2.1443,8.6124,1.8353,63.16,24.781
QM9_03950,CC(C)CC1CC(C)O1,9,-6.5579,2.3756,8.9362,1.5725,90.13,39.451
QM9_03951,Cc1ncoc(=O)c1N,9,-5.8368,-1.2925,4.5443,2.8314,73.23,30.101
QM9_03952,O=C1CC(=O)C2OC12,8,-7.143,-1.3715,5.7715,1.2277,54.99,23.449
QM9_03953,N#CCC1(C=O)CCO1,9,-7.1756,-1.3905,5.7851,6.0557,69.03,30.936
QM9_03954,C#CCC1C2CC1C2C,9,-6.9743,1.6164,8.5906,0.7822,89.29,34.537
QM9_03955,CC(O)C12OC1C1NC12,9,-6.1334,1.1701,7.3035,4.3656,70.96,32.729
QM9_03956,N=C1C=CC2NC2CO1,9,-6.4028,-0.8953,5.5049,4.733,78.21,28.602
QM9_03957,CCC(C=O)CC=O,8,-7.0097,-1.0504,5.9593,3.3274,69.77,32.438
QM9_03958,N#CC1CC2(O)CC12O,9,-6.6858,0.7538,7.4396,3.2266,69.76,32.432
QM9_03959,CC1(C)C=CC2(CN2)C1,9,-6.1198,0.5551,6.6777,1.6758,88.72,35.543
QM9_03960,CC(C=O)C1(C)CC1C,9,-6.5525,-0.6204,5.9321,2.3936,86.05,39.474
QM9_03961,CN1CC2(CC(=N)O2)C1,9,-6.0981,0.7401,6.8382,2.9822,79.08,32.025
QM9_03962,OC1CC(C2CO2)C1O,9,-6.8001,1.8667,8.6668,3.2704,70.4,32.121
QM9_03963,CCNC(=O)C(C)(C)O,9,-6.2886,1.0014,7.2899,2.5994,80.05,40.392
QM9_03964,CCC1OC(=N)C(C)O1,9,-7.2301,0.6585,7.8859,1.9666,77.29,34.218
QM9_03965,OC1CC2C(O)C2C1,8,-5.9756,1.5647,7.5403,3.0075,66.41,28.381
QM9_03966,N=COc1conn1,8,-7.1593,-1.551,5.6083,1.2604,56.19,22.729
QM9_03967,COC1CC2CC1(C)O2,9,-6.5062,2.4028,8.909,1.5361,78.39,33.634
QM9_03968,O=CC1CC23CC(O2)C13,9,-6.4437,-0.2503,6.1933,3.8499,74.45,28.605
QM9_03969,Oc1cc2cn[nH]c2[nH]1,9,-4.9334,1.0449,5.9783,3.5276,69.39,28.327
QM9_03970,CC12C(=O)C3C(O)C1C32,9,-6.4355,0.1388,6.5743,3.5702,72.58,30.942
QM9_03971,CC1=C(C)C(C)COC1,9,-6.0954,0.7728,6.8682,1.4063,89.31,37.214
QM9_03972,CC1C=CC(C#N)CO1,9,-7.3607,-0.2095,7.1512,3.7907,79.0,31.517
QM9_03973,CCC1OCC(C)C1O,9,-6.4681,1.7796,8.2505,1.642,82.13,37.491
QM9_03974,CC1C(=O)CC12COC2,9,-6.6015,-0.6966,5.9049,1.1903,75.32,32.413
QM9_03975,O=C([O-])CC1[NH2+]C2CC12,9,-6.6913,0.7374,7.4287,6.1636,71.93,29.986
QM9_03976,CCN1CC1CO,7,-5.8831,1.7878,7.6709,2.2059,65.09,29.447
QM9_03977,CC12OC3C(N)=NC1C32,9,-5.7008,0.4272,6.128,1.7143,73.7,30.073
QM9_03978,C#CC1CCC2OCC12,9,-6.7049,1.4123,8.1172,1.4913,80.07,31.023
QM9_03979,CCC1C2N=C(N)OC12,9,-5.8613,1.4476,7.309,1.4496,75.56,32.463
QM9_03980,COC(C)(C)C(C)(C)C,9,-6.6886,2.03,8.7185,1.078,91.75,45.772
QM9_03981,OC1C2C3C1C1C2C31,8,-6.3811,2.166,8.5471,1.6766,65.69,24.116
QM9_03982,C#CC1(C=O)CC1C=O,9,-6.86,-1.6109,5.2491,3.4368,75.46,32.391
QM9_03983,C[NH2+]Cc1nonc1[O-],9,-7.0341,-0.9061,6.128,6.2407,67.7,29.523
QM9_03984,CC1OC12COCC2=O,9,-6.5797,-1.1456,5.4314,2.3546,69.57,30.782
QM9_03985,CC12OC=NC1C2C=O,9,-6.6722,-0.7102,5.962,3.3249,69.99,29.38
QM9_03986,CCC(C)(C)C1CO1,8,-7.094,2.1279,9.2192,1.6293,77.63,35.842
QM9_03987,CC1NC12C1C3OC1C32,9,-6.2613,2.0409,8.3022,2.0134,75.93,29.606
QM9_03988,O=C1CC2(O)CCOC12,9,-6.2668,-0.9714,5.2953,4.0653,67.31,30.481
QM9_03989,CC1CC2C(C)C2C1O,9,-6.879,1.6708,8.5525,1.4131,84.7,36.158
QM9_03990,O=Cn1nc(O)oc1=O,9,-7.2246,-1.23,5.9947,3.9519,55.65,25.894
QM9_03991,C#CC(C)(C=O)OC=O,9,-7.4668,-1.7415,5.7253,2.7734,70.55,33.991
QM9_03992,C#CC1=CC(=O)NC1C,9,-6.7103,-1.5592,5.1538,4.2644,82.51,32.099
QM9_03993,C1c2nnoc2N2CC12,9,-6.479,-1.883,4.596,4.692,74.69,26.794
QM9_03994,OCC1(O)C(O)C2OC21,9,-6.694,1.4259,8.1199,1.146,62.74,32.287
QM9_03995,OCC1OCOC1CO,9,-7.0314,2.1062,9.1376,1.4518,67.23,33.149
QM9_03996,CC(C)(O)CN1CC1,8,-6.6096,2.196,8.8083,2.6354,75.47,34.915
QM9_03997,COC(C)C#CC1CO1,9,-6.8165,0.4871,7.3035,1.7548,83.97,35.471
QM9_03998,N#CCCC#CC1CN1,9,-6.6777,0.3456,7.0233,2.867,85.16,32.491
QM9_03999,CCC1OCC2CC21O,9,-6.8028,1.9075,8.7104,1.2492,78.3,34.755
QM9_04000,COc1cn(C)nc1C,9,-5.4423,0.8408,6.2831,2.9035,81.16,34.142
QM9_04001,CC1C(O)C12CCC2=O,9,-6.3158,-0.4218,5.8913,2.9702,78.0,34.316
QM9_04002,CN1C2C3OC3C21C=O,9,-6.3756,-0.9878,5.3879,2.4569,70.57,29.989
QM9_04003,O=C1CN2C3C(O)C1C32,9,-6.479,-0.6014,5.8777,1.515,67.87,27.917
QM9_04004,CC12CCC1CC2O,8,-6.7321,2.0354,8.7675,1.2742,74.35,31.497
QM9_04005,NC(=O)Cc1nnon1,9,-7.1947,-2.3184,4.8763,2.1776,60.66,27.644
QM9_04006,OC1C2C=CC1C21CC1,9,-6.3511,0.0653,6.4164,1.4817,79.75,30.836
QM9_04007,COC1OC(C)CC1C,9,-6.8654,2.3483,9.2138,0.5591,82.14,37.035
QM9_04008,CC1C2C(=O)OCC12O,9,-7.0124,0.1878,7.2001,3.4935,68.33,31.158
QM9_04009,C1COCC2CC(C1)O2,9,-6.46,1.8749,8.3348,2.3593,77.51,30.933
QM9_04010,O=CN1CC2COC2C1,9,-6.645,0.6993,7.3471,4.8415,72.76,28.483
QM9_04011,CC1(O)CCC1C(N)=O,9,-6.5035,0.8408,7.3471,3.3576,75.1,36.797
QM9_04012,C1CC2(C1)OC1CCC12,9,-6.3566,2.03,8.3893,1.5117,81.9,31.17
QM9_04013,CCC1OC12CCC2O,9,-6.8028,1.6408,8.4437,1.9152,79.88,35.845
QM9_04014,ON=C1CC2COC1C2,9,-6.5171,0.1932,6.7076,1.969,74.89,29.327
QM9_04015,CCCC(C#N)CC,8,-8.4519,0.966,9.4179,3.826,79.36,35.122
QM9_04016,C1CC(C2C3CC2C3)O1,9,-6.4926,2.196,8.6886,1.604,83.51,30.102
QM9_04017,CC(O)CC1CC(=O)C1,9,-6.313,-0.2558,6.0573,4.4965,80.1,36.601
QM9_04018,CCn1cncc1C,8,-5.7144,0.966,6.6804,4.115,73.83,29.499
QM9_04019,CC1(CC=O)CCC1,8,-6.6477,-0.5388,6.109,2.8207,75.2,32.212
QM9_04020,Nc1[nH]nnc1N1CC1,9,-5.7307,0.2803,6.011,3.6692,73.08,29.517
QM9_04021,CC1CCCC12CC2O,9,-6.8382,2.1361,8.9743,1.1333,85.38,36.15
QM9_04022,O=C1NC2C(O)C2C1=O,9,-6.6069,-1.9375,4.6695,5.7114,63.24,28.521
QM9_04023,CC1(C)OCCN2CC21,9,-5.9457,2.3184,8.2641,0.5201,81.47,34.761
QM9_04024,CC12C=CCC1C1NC12,9,-6.0219,0.9225,6.9443,1.5314,83.02,31.039
QM9_04025,NC1(C(F)(F)F)CCC1,9,-6.9117,2.264,9.1784,0.9147,60.48,32.519
QM9_04026,CC1C(=O)C=CC12CC2,9,-6.3375,-1.1429,5.1947,3.6986,83.65,32.04
QM9_04027,CC(=O)CC(O)CC=O,9,-6.6913,-0.8871,5.8069,2.698,73.59,36.593
QM9_04028,COC(=O)CNC(N)=O,9,-6.8328,0.1361,6.9688,2.61,66.93,34.402
QM9_04029,CC12CC=CC1(O)CO2,9,-6.6287,0.1497,6.7784,2.3106,75.66,32.658
QM9_04030,CCc1n[nH]cc1OC,9,-5.6164,0.8245,6.4409,3.026,78.81,33.626
QM9_04031,O=C([O-])C12CCC1C[NH2+]2,9,-6.6423,0.1714,6.8165,5.0397,71.1,29.847
QM9_04032,CCCOc1cn[nH]c1,9,-5.6355,0.6912,6.3266,1.3588,78.66,32.474
QM9_04033,CC1OC2C(O)C12C#N,9,-7.1539,0.0925,7.2491,3.2399,70.44,31.125
QM9_04034,CC(O)CC#CCC=O,9,-6.6369,-0.6667,5.9702,3.4895,82.46,37.249
QM9_04035,CCCC1OCOC1=O,9,-7.3879,0.0762,7.4641,2.9048,71.84,32.315
QM9_04036,NC(=O)C[NH2+]CC(=O)[O-],9,-6.7348,0.1986,6.9335,5.2745,65.91,33.595
QM9_04037,CN1CC2OC(C1)C2O,9,-5.2872,1.6844,6.9716,2.3732,74.95,32.078
QM9_04038,CC(=O)C(O)C1(C)CC1,9,-7.0069,-0.7211,6.2831,2.8099,78.53,37.607
QM9_04039,C#CCC1OC1CC,8,-7.0341,1.4014,8.4355,2.0208,74.73,32.443
QM9_04040,C1CC23C4C5C(N42)C53O1,9,-5.6627,1.4068,7.0695,1.275,70.94,25.619
QM9_04041,Cn1nc(N)cc1O,8,-5.1919,1.4504,6.6423,2.3926,64.91,29.419
QM9_04042,CCN1CC1(CO)CO,9,-6.1715,1.4776,7.6464,2.1874,79.92,38.426
QM9_04043,CC1NC1(C#N)CC=O,9,-7.0151,-1.0123,6.0028,4.829,74.84,33.389
QM9_04044,CC#CC1(C)CC(=O)N1,9,-6.6369,0.7891,7.426,4.1485,82.51,35.201
QM9_04045,CC1C2N1CC21NC1C,9,-5.9049,1.9402,7.845,2.4432,82.87,34.221
QM9_04046,O=c1occ2n1CCN2,9,-5.2572,1.2272,6.4845,6.0652,67.13,26.575
QM9_04047,CC12COC(C1)C1CN12,9,-6.4164,2.3347,8.7512,1.8894,77.06,30.07
QM9_04048,COC(=O)N1C=CCC1,9,-5.5484,0.449,5.9974,1.8586,77.99,31.509
QM9_04049,N#CCC1C(O)C1C=O,9,-7.0722,-1.0748,5.9974,2.8292,71.4,32.192
QM9_04050,CC#CCc1cnno1,9,-7.2137,-0.9932,6.2205,4.5421,75.05,30.034
QM9_04051,C#CCOC(=N)COC,9,-6.9852,0.5388,7.5239,2.2987,77.7,35.537
QM9_04052,C1CC23CC4C2N1C43,8,-5.8858,2.2803,8.1661,1.541,71.33,23.444
QM9_04053,N#CC(CO)CO,7,-7.6301,0.4218,8.0518,2.2865,53.65,27.444
QM9_04054,CNc1oc(=N)[nH]c1C,9,-5.0042,0.9823,5.9865,3.2936,78.26,34.343
QM9_04055,Cc1ccc(N)nc1,8,-5.5729,-0.264,5.3089,1.8469,76.65,28.005
QM9_04056,CC1CC(O)C2CC1O2,9,-6.5579,1.9347,8.4927,2.4839,76.49,32.404
QM9_04057,CC12CC3(C#N)CC1N32,9,-7.192,-0.0327,7.1593,4.9441,77.63,29.758
QM9_04058,CCC12COC3C(C1)C32,9,-6.0981,2.2096,8.3104,1.722,80.52,31.708
QM9_04059,CN=c1[nH]cnn1C=O,9,-5.9974,-0.8381,5.162,6.3163,73.38,29.699
QM9_04060,CCC1CC2(CN2)C1=O,9,-6.2913,-0.7265,5.5647,3.9425,81.55,33.935
QM9_04061,C#CC12OC1C(O)C2C,9,-6.7811,0.3456,7.1267,1.6409,75.64,33.282
QM9_04062,CC1C=CC2NC2C1C,9,-6.1552,0.4789,6.6341,1.4518,86.84,34.129
QM9_04063,Cc1cc(O)c2n1CC2,9,-4.7429,1.4041,6.1471,1.6424,81.83,32.002
QM9_04064,O=C1CC(O)(CCO)C1,9,-6.3403,-0.4054,5.9348,4.4251,72.13,35.114
QM9_04065,CC(COC1CC1)=NO,9,-6.645,0.2014,6.8464,0.6645,78.57,36.258
QM9_04066,CC(C)CCN(C)C=O,9,-6.4845,0.9116,7.3961,4.0247,88.3,40.077
QM9_04067,C#CCOc1ccc[nH]1,9,-4.9878,0.7102,5.6981,1.1095,76.39,31.348
QM9_04068,COC(C=O)(C=O)CO,9,-6.5471,-1.2163,5.3307,3.3381,65.44,35.711
QM9_04069,CC12CN1CC=C2C=O,9,-6.3294,-1.7225,4.6042,2.8351,80.05,31.144
QM9_04070,CC12NC1CNCC2=O,9,-5.8477,-0.4463,5.4015,3.2137,75.51,31.852
QM9_04071,Oc1cc2n(n1)CCN2,9,-5.2926,1.2327,6.5226,3.3451,72.16,27.735
QM9_04072,O=C1CCc2cc[nH]c21,9,-6.1171,-0.7755,5.3416,3.1046,79.32,27.235
QM9_04073,C#CC(=O)C1CCCC1,9,-7.0722,-1.4667,5.6055,2.8095,82.4,32.87
QM9_04074,OCC1(C2(O)CC2)CC1,9,-6.5307,1.8286,8.3593,2.3277,78.51,37.003
QM9_04075,OC1CCC2(O)CC1C2,9,-6.977,1.8368,8.8138,1.8216,77.12,33.782
QM9_04076,COC1CCCCCC1,9,-6.6314,2.1089,8.7403,1.0923,88.82,36.78
QM9_04077,CCC(C)C1(C#N)CN1,9,-7.3335,0.6748,8.0083,4.9739,82.99,36.768
QM9_04078,CCC1CC(O)C(C)O1,9,-6.4545,1.7905,8.2423,2.5275,82.03,37.53
QM9_04079,N#CC(C#CCO)C=O,9,-7.592,-1.7687,5.8232,2.3753,72.98,32.416
QM9_04080,OC12C=CC3C(C1)C32O,9,-6.2695,0.283,6.5525,0.209,72.01,30.698
QM9_04081,CNc1cc[nH]c1O,8,-4.8028,1.7089,6.5117,0.3097,67.39,29.403
QM9_04082,CC12CC3C(CN3C1)O2,9,-5.6028,2.332,7.9348,0.8367,77.26,29.263
QM9_04083,OCC1C2CC1O2,7,-6.3974,1.8177,8.2151,3.053,57.17,24.006
QM9_04084,CC1=C(C)CC(=O)NC1,9,-6.3974,0.5388,6.9335,3.9742,83.47,34.633
QM9_04085,COC1CC(C)(O)C1C,9,-6.6369,1.981,8.6178,2.3121,82.62,39.082
QM9_04086,OC12COC3CN(C1)C32,9,-5.9021,1.5538,7.4532,1.4981,69.92,28.933
QM9_04087,CN1CC12CC1NC12,8,-6.0545,2.1606,8.2151,2.0674,72.63,28.514
QM9_04088,N=C1NC(=O)C=C1N,8,-6.1471,-1.4476,4.6994,3.192,66.03,26.969
QM9_04089,c1onc2c1COCC2,9,-6.9362,-0.3592,6.577,2.3851,69.8,26.239
QM9_04090,CC(O)C([NH3+])CC(=O)[O-],9,-6.5933,0.9197,7.5131,7.8417,72.21,37.074
QM9_04091,OCC1COCC2OC12,9,-6.7675,1.8585,8.626,1.5476,70.84,31.443
QM9_04092,CC1CC2OCC=C12,8,-6.1307,0.2993,6.4328,1.6209,74.54,27.814
QM9_04093,CC#CCCOC(C)C,9,-6.5852,1.698,8.2831,1.1103,92.77,40.713
QM9_04094,N#CC(N)c1cnn[nH]1,9,-7.3416,-0.8136,6.5307,4.5754,67.49,28.42
QM9_04095,C1CC2C3COC(=N1)C23,9,-6.6314,-0.1061,6.5253,3.4647,74.74,26.998
QM9_04096,CC1=NC23CCC2(C3)O1,9,-5.9348,0.4435,6.3783,0.9415,75.62,29.841
QM9_04097,C#CC(=O)C1(C)COC1,9,-6.9062,-1.7932,5.113,3.337,74.85,33.149
QM9_04098,CC#CCC1NC1C=O,9,-6.7865,-0.8191,5.9675,3.4437,83.82,34.38
QM9_04099,C#CC(C)OCC1CC1,9,-6.8219,1.1184,7.943,1.2271,86.33,37.34
QM9_04100,c1cc2n(n1)CC21CO1,9,-6.6341,0.3946,7.0287,2.4631,73.23,25.856
QM9_04101,O=C1OCC1C1COC1,9,-6.996,0.0599,7.0559,3.4075,67.73,28.569
QM9_04102,CC1OC2CC3C1C23,8,-6.3783,2.4463,8.8247,1.5362,70.01,26.372
QM9_04103,C1CC2(O1)C1C3CN3C12,9,-6.0654,1.9864,8.0518,1.1216,76.18,28.448
QM9_04104,C1=CC2C3OC(C1)OC23,9,-6.0763,0.5061,6.5797,0.7878,72.21,26.239
QM9_04105,CC1COC2CCC1O2,9,-6.7457,2.03,8.7757,2.059,75.97,30.796
QM9_04106,CC12OC3CC1CC32O,9,-6.4273,1.9538,8.3811,2.2547,74.17,31.434
QM9_04107,O=CNCCCOC=O,9,-7.1185,0.1442,7.2627,4.6194,71.62,33.576
QM9_04108,C#CC1(C)CC1C#N,8,-7.1947,0.1279,7.3253,3.7186,73.55,30.298
QM9_04109,C1=C(C2CC2)CC2NC12,9,-5.7824,0.5415,6.3239,1.325,86.64,30.998
QM9_04110,CC1OCC(=O)NC1=N,9,-7.0505,-0.5524,6.4981,1.0048,72.3,30.914
QM9_04111,C1=CCn2ncnc2C1,9,-6.7811,0.1143,6.8981,3.4207,74.58,25.491
QM9_04112,Nc1nccccc1=O,9,-5.8586,-1.649,4.2096,1.6925,85.23,28.331
QM9_04113,COC1CC2CC21C#N,9,-7.1974,0.4952,7.6927,4.8089,78.42,31.788
QM9_04114,OCC1CC2CC3C1C23,9,-6.8409,2.1334,8.9743,1.8224,80.27,31.307
QM9_04115,C1CC2C3CCC2(C3)O1,9,-6.4763,2.2286,8.7022,1.354,80.65,29.181
QM9_04116,CCC(C)CC#CCO,9,-6.5498,0.9905,7.5403,1.2523,92.47,40.778
QM9_04117,COC(N)=NC(C)C=O,9,-6.1525,-0.7592,5.396,1.2022,76.31,36.47
QM9_04118,N#CC1C(N)C2CCN12,9,-6.1552,0.1823,6.3375,4.185,75.3,30.849
QM9_04119,Cn1cc(N2CC2)nn1,9,-6.4818,0.0435,6.5253,2.9339,77.25,29.33
QM9_04120,O=c1[nH]cc[nH]1,6,-5.3089,1.1048,6.4137,3.6997,43.39,18.314
QM9_04121,C#CC12CC(C)(C1)C2C,9,-6.8437,1.3143,8.1553,0.9182,91.38,36.225
QM9_04122,O=C1C(=O)C2NC1C2O,9,-6.3239,-2.4681,3.8559,3.1778,63.69,27.256
QM9_04123,CC1OC2CC2C1=NO,9,-6.3457,0.0571,6.4028,0.7367,75.32,32.255
QM9_04124,CC1OCC1C(N)=O,8,-6.6396,0.468,7.1076,4.4321,64.35,30.508
QM9_04125,O=CC1(O)CC2COC21,9,-6.8437,-0.8816,5.962,2.7215,68.43,30.041
QM9_04126,N#CC1C2CCCCC12,9,-7.5348,0.7565,8.2913,4.0712,81.89,31.024
QM9_04127,O=CN1CCN2CC1C2,9,-6.1634,0.8082,6.9716,2.953,76.52,29.138
QM9_04128,CCC1(C#N)CCC1C,9,-8.0301,0.9007,8.9308,4.0687,86.29,36.908
QM9_04129,OC1CCC2CC1C2,8,-6.9199,1.9647,8.8845,1.6097,73.24,28.696
QM9_04130,CC1(CC#N)CC(=O)O1,9,-7.845,-0.1306,7.7144,5.1757,69.15,31.322
QM9_04131,COC1CNC2CC2O1,9,-5.4777,2.0681,7.5457,0.8935,74.42,32.18
QM9_04132,CC1CC2OCC1CO2,9,-6.6804,1.9946,8.675,2.2833,76.34,30.803
QM9_04133,C#Cc1ncc(N)nn1,9,-6.3647,-1.8123,4.5525,3.8737,81.81,28.804
QM9_04134,OCC12NC1C1OCC12,9,-6.3647,1.4395,7.8042,2.2066,71.18,30.081
QM9_04135,O=C1CC2CC3(CC3)C12,9,-6.3375,-0.4572,5.8804,2.8215,79.74,30.833
QM9_04136,CCC1C2C(C)CC12C,9,-6.4437,2.3239,8.7675,0.2238,93.6,39.076
QM9_04137,O=C1NCC=C1C1CC1,9,-6.4845,-0.4816,6.0056,3.5213,80.88,30.659
QM9_04138,CCCC1OCC1C,8,-6.5117,2.3375,8.8491,1.6664,78.64,33.874
QM9_04139,CC1C2CC(CO)N12,8,-6.3266,1.8667,8.1933,2.683,70.83,30.596
QM9_04140,CC12CC1C1CC2C1=O,9,-6.3239,0.1088,6.4328,2.6411,78.52,30.401
QM9_04141,O=C1CC2OC12C1CC1,9,-6.4981,-0.6667,5.8314,2.6797,73.48,30.004
QM9_04142,C1CC1C12OC1C1CC12,9,-6.1579,1.8177,7.9757,1.9259,78.2,30.608
QM9_04143,CCCCC(C=O)CO,9,-6.6042,-0.4054,6.1988,3.8619,83.63,39.691
QM9_04144,CCCC1(O)CC1C=O,9,-6.6804,-0.5333,6.1471,4.3542,81.41,37.583
QM9_04145,CC12CCC=CC1O2,8,-6.4137,0.1007,6.5144,1.7362,72.42,28.533
QM9_04146,CC1C2OC(=N)C12,7,-7.0477,0.5143,7.562,2.709,58.76,23.514
QM9_04147,CC1(C23CCN2C3)CC1,9,-6.2015,2.3783,8.577,1.518,85.54,34.326
QM9_04148,OC12CCC3OC(C1)C32,9,-6.577,1.7823,8.3593,1.3429,73.37,29.783
QM9_04149,N=C1OC2CC1OC2=O,9,-7.4124,-0.4789,6.9307,3.8318,62.56,24.992
QM9_04150,C#CCNCC#CC=O,9,-6.8627,-1.6653,5.2001,3.7675,83.78,33.982
QM9_04151,OCC12C3CC1N1C3C12,9,-5.9919,1.6136,7.6056,2.7931,74.15,28.687
QM9_04152,CN=C1NC(=O)C=C1N,9,-6.0872,-1.3905,4.6967,3.583,79.42,32.527
QM9_04153,C#CC1(OC)COC1,8,-6.9199,0.664,7.5838,2.0627,66.49,30.019
QM9_04154,C#CC1(N)CC1(C)C#N,9,-7.0314,0.4789,7.5103,4.2843,80.31,35.756
QM9_04155,CN1CC1C1NC1CO,9,-6.1253,1.7823,7.9076,2.5514,80.65,35.422
QM9_04156,CC12CN3C1C1NC1C32,9,-6.0137,2.0218,8.0355,1.1456,78.08,28.887
QM9_04157,CNC(=O)C(C)(C)O,8,-6.3158,1.0177,7.3335,2.6648,68.82,35.608
QM9_04158,CCCc1n[nH]nc1C,9,-6.6722,0.1633,6.8355,0.6308,81.23,33.92
QM9_04159,CC1=CCC(O)C1,7,-6.196,0.9551,7.1512,1.1519,66.41,27.213
QM9_04160,N#CCC1CC1C=O,8,-7.1947,-1.0286,6.1661,1.3795,67.54,28.023
QM9_04161,CC12CC(C#N)C1C2O,9,-7.2219,0.7592,7.9811,4.267,76.39,32.918
QM9_04162,OC1CC2C3NC3C12,8,-6.1906,1.7497,7.9403,3.2119,66.45,25.962
QM9_04163,N#CC12CC1CC2C=O,9,-7.0614,-1.1565,5.9049,2.6742,74.75,29.622
QM9_04164,N#CC(=O)C1CCC1O,9,-7.4831,-2.6504,4.8327,3.1344,70.92,30.898
QM9_04165,CC1(C)CCC(=N)O1,8,-6.8192,0.9306,7.7498,3.3426,72.62,31.253
QM9_04166,COC(C)(C)C1CN1,8,-6.3702,2.0953,8.4627,2.6495,74.42,35.04
QM9_04167,CN(C=O)CC(C)(C)O,9,-6.3647,1.0014,7.3661,4.8868,80.09,40.112
QM9_04168,CCc1[nH]ccc1C,8,-5.1566,1.3823,6.5389,1.6904,79.08,31.686
QM9_04169,O=C1C2OC3C4C1C2C34,9,-5.9892,-0.6558,5.3334,3.6803,66.76,24.444
QM9_04170,CC(C=O)C1OCC1C,9,-6.6804,-0.8109,5.8695,1.4422,79.1,35.625
QM9_04171,CC1OC1C1OC1CO,9,-7.1321,1.9184,9.0505,3.0288,71.63,34.247
QM9_04172,CC(O)C1CCC(O)C1,9,-6.928,1.8667,8.7947,2.505,81.26,37.555
QM9_04173,CC1=CCC2OCC12,8,-6.3593,0.683,7.0423,1.808,73.23,27.39
QM9_04174,CNC(=O)n1cnnn1,9,-7.8314,-1.4803,6.3511,4.2775,65.24,27.526
QM9_04175,COC1CC2C3OC1C23,9,-6.1743,1.9919,8.1661,2.5533,74.04,29.646
QM9_04176,Nc1n[nH]nc1C1CN1,9,-5.8314,-0.0735,5.7579,2.4918,71.92,29.507
QM9_04177,C1=CC2N3CC2(C3)OC1,9,-6.4518,0.0544,6.5062,1.7732,77.04,27.505
QM9_04178,O=CC12CC1C1(CO1)C2,9,-6.9008,-0.7401,6.1607,1.9681,75.19,29.962
QM9_04179,OCc1cnnnn1,8,-6.9117,-2.4028,4.5089,5.7701,57.67,24.237
QM9_04180,C1CC23C4CN2C4C3O1,9,-6.3783,1.5946,7.9729,1.7091,75.57,26.934
QM9_04181,Cc1noc(=N)n1C,8,-5.913,0.2884,6.2015,3.9791,64.44,28.031
QM9_04182,CCC1CC1(C)C(C)=O,9,-6.4709,-0.1769,6.294,2.702,87.76,39.349
QM9_04183,CC1C2C(O)C1C1OC12,9,-6.792,1.9728,8.7648,2.4596,73.66,31.113
QM9_04184,N#CC12CC3C=CC1N32,9,-6.5389,-0.8163,5.7226,4.8686,74.85,26.137
QM9_04185,C1=Cc2[nH]ccc2CC1,9,-4.7783,-0.0408,4.7375,1.4784,88.2,28.839
QM9_04186,CC1(C)OC1C(O)C=O,9,-7.3144,-1.1129,6.1988,1.9599,73.47,36.071
QM9_04187,NC(=[NH2+])NCCC(=O)[O-],9,-6.2831,0.7265,7.0124,8.7867,70.49,34.224
QM9_04188,CCC(C)N=C1CCO1,9,-6.7185,0.8272,7.5457,2.1469,86.67,36.359
QM9_04189,C1CC2(CC3OCC32)O1,9,-6.596,1.5919,8.1852,1.5485,74.46,29.452
QM9_04190,CC#CCC1CN1C=O,9,-6.713,0.0871,6.8001,3.6469,82.32,33.923
QM9_04191,COC1(C#N)CNC1=N,9,-6.9525,-0.2122,6.7403,4.7527,71.66,32.237
QM9_04192,C#CC(C=O)COC=N,9,-7.0369,-0.9279,6.109,3.8194,74.62,33.641
QM9_04193,CCC12OC1C(C)C2=O,9,-6.4219,-0.6612,5.7607,2.6083,76.29,33.955
QM9_04194,CC(=O)C1(O)CC1O,8,-6.411,-0.7075,5.7062,3.4763,62.45,31.495
QM9_04195,COC1(CO)CC1C=O,9,-6.7838,-0.6694,6.1144,1.7408,73.82,35.586
QM9_04196,C1CCC2CCC2OC1,9,-6.4328,2.1742,8.607,1.1095,85.38,32.665
QM9_04197,C1COC2C(=N1)N1CC21,9,-6.1824,-0.0517,6.1307,2.0684,72.94,27.074
QM9_04198,CNc1cocnc1=O,9,-5.8151,-1.0748,4.7429,4.4271,72.42,29.118
QM9_04199,CCN1C(=O)C2OCC21,9,-6.46,0.3129,6.7729,4.5256,73.25,30.551
QM9_04200,CC(=O)C1CCO1,7,-6.3892,-0.4599,5.9294,1.6335,57.03,25.441
QM9_04201,C#CC1OCC1(C)C,8,-6.8028,0.5578,7.3607,1.9818,73.68,32.347
QM9_04202,CC12CCCN3C(C1)C32,9,-6.0545,2.3483,8.4002,1.1877,84.82,32.125
QM9_04203,ON=C1CC2CC1CO2,9,-6.5525,0.2912,6.8437,1.2129,74.51,29.397
QM9_04204,COC(=O)NC(C)=N,8,-6.7511,0.185,6.9362,4.3032,64.98,30.992
QM9_04205,CCc1concc1=O,9,-6.8328,-1.8395,4.9933,2.4955,74.22,29.639
QM9_04206,O=C1CC(O)CN1,7,-6.4981,1.0286,7.5267,4.9008,53.8,24.175
QM9_04207,CC1CC2=CCCCC21,9,-6.1062,0.8436,6.9471,0.3134,92.24,33.673
QM9_04208,CC1C2C3C2C2C3C12C,9,-5.8287,2.3756,8.2042,0.0573,83.99,31.953
QM9_04209,CN1CC(O)CCC1=O,9,-6.4219,0.8,7.2219,3.4809,76.4,33.966
QM9_04210,C#CC1CC2CC1(C)O2,9,-6.5634,1.3143,7.8777,1.1063,80.49,32.669
QM9_04211,c1nc2c([nH]1)COC2,8,-5.8559,0.6585,6.5117,3.8472,63.25,22.896
QM9_04212,CC1CC(C)(NC=O)C1,9,-6.6641,0.8327,7.494,3.5274,83.35,37.193
QM9_04213,O=C1CN2C1C21CCC1,9,-6.5552,-0.6395,5.9158,2.7113,77.27,29.777
QM9_04214,O=C1OCC2NC2C1O,9,-7.094,0.215,7.309,5.0263,64.37,28.648
QM9_04215,Nc1nn(C=O)c(=O)[nH]1,9,-6.3457,-0.664,5.6817,6.2659,64.24,28.327
QM9_04216,OC1C2C=CC=CC1C2,9,-5.6436,-0.8381,4.8028,1.139,81.77,30.422
QM9_04217,C1=CC2(CC1)COC2,8,-6.577,0.468,7.045,2.0297,72.86,26.95
QM9_04218,CC12COCC1C2O,8,-6.3511,2.0898,8.4437,2.2284,66.85,28.9
QM9_04219,C1=CC2CC23CC(C1)O3,9,-5.9321,0.3102,6.2396,1.497,79.97,29.312
QM9_04220,CC1CCNC(=O)C1C,9,-6.3348,0.9606,7.2954,3.7294,82.26,35.309
QM9_04221,CCC1NC1C(C)=NO,9,-6.2613,0.2667,6.528,1.1691,84.3,37.453
QM9_04222,Nc1nc(N)c(C=O)o1,9,-5.6001,-0.7565,4.8436,4.682,72.74,30.514
QM9_04223,CCC(CC#N)C1CN1,9,-6.9443,0.7483,7.6927,2.6094,82.97,35.794
QM9_04224,CCC(=O)C#CC(C)C,9,-6.8355,-1.1429,5.6926,3.402,91.87,38.901
QM9_04225,NC1(C(=O)[O-])C2CC1[NH2+]2,9,-6.6668,0.3129,6.9797,5.1588,68.54,29.62
QM9_04226,C1CC23CCC12CO3,8,-6.2205,1.5864,7.8069,1.7222,69.87,26.91
QM9_04227,O=CC#CC1NC1CO,9,-7.1675,-1.8177,5.3498,3.5073,79.94,32.358
QM9_04228,OCC1C2C3CC3C12,8,-5.6491,2.0817,7.7308,1.1681,70.76,28.791
QM9_04229,CCC1CC2COC2C1,9,-6.5525,2.1198,8.6723,1.8439,85.05,33.676
QM9_04230,CC1NC12CC(C)(O)C2,9,-6.3974,1.9429,8.3403,2.0233,83.25,37.695
QM9_04231,Cn1ccc(O)c1N,8,-4.781,1.4068,6.1879,0.4295,68.24,30.763
QM9_04232,O=C1CC(O)CC12CC2,9,-6.4627,-0.4354,6.0273,2.0926,76.31,32.626
QM9_04233,OC1C=Cn2cncc21,9,-6.2641,-0.9007,5.3634,3.3345,73.49,26.622
QM9_04234,CC1(O)COCC(O)C1,9,-6.6994,1.7796,8.4818,1.3745,74.24,36.023
QM9_04235,O=C1NC2CC1CC2O,9,-6.3076,0.8544,7.162,4.2324,70.42,29.457
QM9_04236,COc1cnc(CO)[nH]1,9,-5.4069,0.8163,6.2232,2.5802,72.94,31.929
QM9_04237,CC1(C)C2COCC1C2,9,-6.5443,2.1225,8.6668,1.432,84.37,34.401
QM9_04238,CCC1(C)OC2CC21,8,-6.2831,2.3511,8.6369,1.5178,74.23,32.055
QM9_04239,CC1C(CO)CC1(C)C,9,-7.045,2.0136,9.0587,1.3277,88.67,40.978
QM9_04240,CC(=O)C1NCC1(C)O,9,-6.2178,-0.3837,5.8341,1.7933,75.43,36.589
QM9_04241,CCCC1CC1OC=O,9,-7.4423,0.0898,7.5321,3.9074,80.98,35.789
QM9_04242,CC12NC3CC1C32C#N,9,-6.3511,0.2803,6.6314,3.2497,78.94,29.66
QM9_04243,C#CC1(O)CC2C(C)C21,9,-6.8763,0.9143,7.7906,1.0352,81.2,35.209
QM9_04244,O=C1C2C=CC3C(O2)C13,9,-6.0654,-1.0014,5.064,2.8674,67.96,25.226
QM9_04245,C1CC2CCOC2=N1,8,-6.5743,0.8653,7.4423,3.8226,68.65,24.842
QM9_04246,C#CC(C)C#CCC=O,9,-6.8137,-0.8191,5.9947,2.2905,84.62,35.801
QM9_04247,C#CC1COC12COC2,9,-6.8437,0.7919,7.6355,2.1928,73.75,30.855
QM9_04248,Cn1nc(C=O)oc1=O,9,-7.0804,-2.5116,4.5661,1.6544,66.58,27.489
QM9_04249,O=C1COC(CO)OC1,9,-6.6777,-1.0422,5.6382,2.3831,64.95,31.141
QM9_04250,CC1C(=O)C2(C)OC12,8,-6.4518,-0.664,5.7879,2.7236,65.45,29.171
QM9_04251,CN=C1OCC1CO,8,-6.9824,0.5469,7.5294,2.3169,67.44,29.477
QM9_04252,OC1CC2(O)CC1(O)C2,9,-6.5933,1.7524,8.3485,3.0309,70.61,34.109
QM9_04253,CC1=CC(=O)C(O)C1C,9,-6.6205,-1.2953,5.3253,3.7384,79.26,34.141
QM9_04254,CC12CC1OC2CC=O,9,-6.6096,-0.5905,6.0192,3.7637,76.62,33.118
QM9_04255,C#CC1OC1CC(C)=O,9,-6.8382,-0.4435,6.392,3.3175,75.31,34.283
QM9_04256,O=C1C2CCC3C1C23,8,-6.3076,0.0898,6.3974,3.5129,67.48,24.306
QM9_04257,CC1C2CC(CO)C1O2,9,-6.509,1.9293,8.4383,2.9743,77.49,33.404
QM9_04258,C#CCCCOC(C)=N,9,-7.2192,0.8871,8.1063,1.6722,83.71,37.305
QM9_04259,C#Cc1nc[nH]c1NC,9,-5.0395,0.615,5.6545,4.986,82.88,32.203
QM9_04260,CC1(O)CCC(O)CC1,9,-6.9062,1.2789,8.1879,2.2118,80.59,37.967
QM9_04261,COCC1CCC12CC2,9,-6.8165,2.4654,9.2818,0.8779,87.18,36.033
QM9_04262,ON=C1C=C2CN3C2C13,9,-5.8015,-1.9238,3.8776,0.6022,81.1,27.452
QM9_04263,CC1=C(CO)CC(=O)C1,9,-6.3348,-0.332,6.0028,3.3934,79.81,34.578
QM9_04264,CC12OC1CC21CCC1,9,-6.5688,2.1742,8.743,1.8025,81.88,33.303
QM9_04265,O=Cc1coc(C=O)c1,9,-7.2546,-2.0898,5.1647,2.4796,73.04,26.619
QM9_04266,CN=C1OC2CNC1C2,9,-6.2749,0.8735,7.1512,3.4079,77.9,29.893
QM9_04267,OCc1ncno1,7,-7.7797,-0.9252,6.8545,0.737,47.37,20.626
QM9_04268,C#CC1(C#C)CC1OC,9,-6.1743,0.7755,6.9498,0.9896,82.68,35.884
QM9_04269,CN1C2C3C4C1C2(C)N34,9,-5.9402,1.9783,7.9185,1.4286,77.87,29.929
QM9_04270,C1OC2C3COC1OC32,9,-6.4056,1.7878,8.1933,1.0548,65.62,26.105
QM9_04271,CC1C(=O)C(=O)C2NC12,9,-6.3049,-2.2449,4.0599,5.4683,69.1,29.717
QM9_04272,O=C(CCCO)C1CC1,9,-6.6096,-0.2204,6.3892,3.8042,81.16,36.33
QM9_04273,CC1CC2N=C(N)OC12,9,-5.9239,1.5565,7.4804,1.4886,75.62,31.624
QM9_04274,CCC1CCOC(C)O1,9,-6.9307,2.5034,9.4369,1.4833,82.7,36.145
QM9_04275,NC(=O)CC1=CCCC1,9,-6.2396,0.4218,6.6613,3.6847,82.04,34.03
QM9_04276,N#CC12CCC(O)(C1)C2,9,-7.4586,0.8327,8.2913,4.6436,76.55,31.126
QM9_04277,CC(=O)N(C)CC(C)C,9,-6.3076,0.9497,7.2573,3.4287,87.13,41.014
QM9_04278,O=C1C2NC2C12CCO2,9,-6.1851,-0.7619,5.4232,3.4888,69.27,28.419
QM9_04279,CC(C)(C)CC(O)C=O,9,-7.4124,-0.9987,6.4137,2.1608,83.44,40.599
QM9_04280,CC12C(O)C=C3CC1C32,9,-5.8232,-0.9796,4.8436,1.8721,82.09,31.828
QM9_04281,C#CC1C2COC12C#C,9,-6.3484,0.2395,6.5852,1.8735,80.9,31.459
QM9_04282,C#CCCC1COCO1,9,-6.9906,1.5238,8.5144,0.9205,77.57,32.958
QM9_04283,CC([NH3+])c1cc([O-])co1,9,-4.9715,-2.8245,2.147,7.8499,95.7,38.397
QM9_04284,c1nnn2c1C1(CO1)C2,9,-7.0967,-0.1279,6.9688,4.5556,69.11,24.982
QM9_04285,CCCC1(C)NC1C#N,9,-7.309,0.4898,7.7961,4.9278,84.45,36.881
QM9_04286,OCC1C=CCC2NC12,9,-6.2151,0.6694,6.8872,1.92,80.23,32.295
QM9_04287,CCC#CCC(N)=O,8,-6.4926,0.8082,7.2981,3.1693,74.0,33.42
QM9_04288,O=CC12CC3(CN3)C1O2,9,-6.9797,-1.23,5.7498,4.5282,71.69,29.422
QM9_04289,O=CC(CO)CC1CO1,9,-6.8137,-0.7347,6.079,3.8798,71.99,34.695
QM9_04290,CC1(O)CCC1NC=O,9,-6.7403,0.8626,7.6029,4.9442,77.44,35.912
QM9_04291,C1CC(CC2COC2)C1,9,-6.5634,2.0572,8.6206,1.9547,85.75,33.649
QM9_04292,C#Cc1cc(N)[nH]c1N,9,-4.6695,0.8381,5.5076,2.074,83.83,34.477
QM9_04293,CC(CO)n1cncn1,9,-7.0695,0.2231,7.2927,2.5201,72.93,31.404
QM9_04294,C1=NCc2ocnc2N1,9,-5.5157,-0.1306,5.3851,1.1228,68.04,24.933
QM9_04295,CCC1OC(=O)C(C)O1,9,-7.2709,0.1605,7.4314,2.8666,72.45,33.266
QM9_04296,N=C1OC2(CO)CC12,8,-7.1892,0.4,7.5893,1.3817,63.4,27.417
QM9_04297,CCCOCC1CC1O,9,-6.6042,2.1742,8.7784,1.0402,84.24,38.504
QM9_04298,COC1C2OC1C1CC12,9,-6.5607,2.3102,8.8736,2.4316,74.3,29.971
QM9_04299,N#CCNC1CC1C=O,9,-6.7947,-0.7646,6.03,4.9155,75.2,32.214
QM9_04300,C#CCC(C#C)CC=O,9,-6.8083,-0.7674,6.0436,2.248,80.68,35.772
QM9_04301,CCC12NC1C(O)C2=O,9,-6.1579,-0.6884,5.4695,4.357,72.46,33.023
QM9_04302,CNC1(C)CC1(N)C#N,9,-6.2124,0.751,6.9634,5.2511,80.76,38.253
QM9_04303,CCCC(C)(C#N)C=O,9,-7.3988,-1.1483,6.2505,5.3153,80.26,37.474
QM9_04304,CC12OC3CC(C1=O)C32,9,-6.2151,-0.7265,5.4885,3.2396,71.98,28.989
QM9_04305,N#CCN(C=N)C=O,8,-7.5321,-1.1919,6.3403,3.2628,62.03,26.987
QM9_04306,C1CC2CN2C2COC12,9,-5.9838,2.1198,8.1036,0.7333,77.24,29.207
QM9_04307,CC(C[NH3+])C(C)C(=O)[O-],9,-6.4845,1.0531,7.5376,6.4518,78.47,37.768
QM9_04308,C[NH2+]C(CO)CC(=O)[O-],9,-6.5715,1.0014,7.5729,7.3962,72.35,35.975
QM9_04309,COCC(C=O)NC=O,9,-6.9443,-1.0014,5.943,2.1392,70.77,34.111
QM9_04310,COC12CCCC1CC2,9,-6.4954,2.2585,8.7512,0.9659,84.6,34.265
QM9_04311,O=C1CC2OC1CC2=O,9,-6.7022,-1.2218,5.4804,0.9519,63.96,26.755
QM9_04312,N#CC1CC2C3OC1C23,9,-6.7403,0.8816,7.6219,5.4423,71.05,26.583
QM9_04313,N#CC1CCC1C1CC1,9,-7.6029,0.8735,8.4791,3.9547,83.44,32.596
QM9_04314,Cc1occ2onnc12,9,-6.2096,-1.8313,4.3756,3.397,69.05,26.219
QM9_04315,C#Cc1cnnnn1,8,-7.162,-2.9524,4.2096,5.0748,64.57,22.652
QM9_04316,CC(C)CCCN1CC1,9,-6.2396,2.3157,8.5553,1.0303,94.54,40.351
QM9_04317,CC1C2CCC1(O)CO2,9,-6.4709,1.6953,8.1661,1.6099,76.4,33.174
QM9_04318,CC1CC2(CC(=N)O2)C1,9,-6.9525,0.8653,7.8178,3.1239,81.7,32.967
QM9_04319,CC12CC1(C=O)CCO2,9,-6.4654,-0.6259,5.8396,2.5861,76.86,32.345
QM9_04320,CC1C2CC(C2)C1CO,9,-7.0886,2.0545,9.143,1.2704,84.77,34.532
QM9_04321,CC1(O)CC2OC21,7,-6.9171,1.9266,8.8437,1.8127,56.28,25.975
QM9_04322,C1=CC2(COC2)OC1,8,-6.4872,0.1687,6.6532,2.6435,66.47,25.584
QM9_04323,COc1cc(C)oc1O,9,-5.045,0.8708,5.9158,1.4519,73.23,33.476
QM9_04324,CC12CC(C=O)C1C2,8,-6.6586,-0.5279,6.1307,3.1903,73.28,29.532
QM9_04325,CC(O)C12CC(C1)C2,8,-6.9879,1.9728,8.9607,1.4024,74.94,31.075
QM9_04326,CC1OCC2CC1C2O,9,-6.6641,2.1143,8.7784,1.3943,77.75,33.124
QM9_04327,NC(=O)CC12CN(C1)C2,9,-6.0246,0.7184,6.743,5.0541,75.97,32.515
QM9_04328,CCOC1C(=O)C2CC21,9,-6.0545,-0.4218,5.6328,2.2975,77.1,32.635
QM9_04329,CC1(C)COC2C(O)C21,9,-6.3239,1.9347,8.2614,0.9412,76.8,35.119
QM9_04330,C1OCC2C3C4C1N2C43,9,-6.1579,2.4762,8.6342,1.2107,73.43,25.961
QM9_04331,C1=CC(C2CN2)N2CC12,9,-5.9511,0.2748,6.226,2.6539,80.7,29.748
QM9_04332,NC(=O)N1CC(CO)C1,9,-6.3348,1.5048,7.8369,4.7603,73.6,34.415
QM9_04333,CC1(C)C=CCN2CC21,9,-6.0028,0.5878,6.5933,1.2417,87.04,34.778
QM9_04334,C#CC1CC(=O)CN1C,9,-5.9457,-0.6068,5.3389,2.2682,77.19,33.355
QM9_04335,CN=C1CN2CC2CO1,9,-6.3158,0.634,6.9498,2.4931,78.36,31.15
QM9_04336,CC12CCN1C2CC=O,9,-6.2532,-0.6367,5.6164,3.1833,79.65,33.6
QM9_04337,CC12OC=NC3C1NC32,9,-6.3185,0.2259,6.5416,0.6763,71.43,27.441
QM9_04338,N=C1OC(=O)C2C(O)C12,9,-7.5321,-0.7347,6.7974,3.2891,63.99,27.59
QM9_04339,CCC1CC2C(C)OC12,9,-6.4273,2.1851,8.6124,1.5141,85.44,35.32
QM9_04340,N=C1CCCN1C(N)=O,9,-6.5335,0.234,6.7675,5.8113,74.26,31.62
QM9_04341,CCOC1C(=O)CC1O,9,-6.3892,-1.0313,5.3579,1.4326,72.98,34.862
QM9_04342,COCCc1c[nH]cn1,9,-5.9892,0.8925,6.8818,3.6738,78.91,32.229
QM9_04343,CN1C2C=CC3C1C32C,9,-5.4777,0.3211,5.7987,0.53,84.16,32.049
QM9_04344,CCC1(O)COC1C#N,9,-7.5348,-0.0789,7.4559,4.8434,72.15,34.297
QM9_04345,C#CC(C)(O)CC,7,-7.1539,1.0395,8.1961,1.1577,65.99,32.264
QM9_04346,O=CN1C(=O)CC12CC2,9,-7.0287,-1.0585,5.9702,5.8739,72.51,30.014
QM9_04347,CC1OC2CC1C2CO,9,-6.3647,1.9755,8.3403,2.1277,78.51,33.478
QM9_04348,OC12CC=CC3C(C1)C32,9,-6.2069,0.5606,6.7675,1.046,79.24,30.294
QM9_04349,c1c[nH]c(C2CO2)c1,8,-5.4532,0.8327,6.2858,2.9397,69.06,25.555
QM9_04350,C1CC23CC4CC12OC43,9,-6.3729,2.2232,8.5988,1.6617,78.13,27.671
QM9_04351,C#CC12CC(CO1)C2C,9,-6.3974,0.8898,7.2872,1.9581,81.87,32.575
QM9_04352,CC1(O)CC(O)(CO)C1,9,-6.6042,1.513,8.1172,3.652,75.16,38.246
QM9_04353,C#CCC(C)CC1CC1,9,-6.9906,1.4993,8.49,0.7332,92.31,38.888
QM9_04354,C#CC(=O)CC(N)=O,8,-6.8409,-2.1307,4.7076,2.6147,63.6,29.156
QM9_04355,CC1C=CCOC1,7,-6.6096,0.5987,7.2083,1.1795,65.89,25.614
QM9_04356,CCC1=C(C)CC(=O)C1,9,-6.3593,-0.3265,6.0328,3.0551,86.63,35.792
QM9_04357,CCC1CC(NC=O)C1,9,-6.7348,0.8735,7.6083,3.6954,85.17,35.878
QM9_04358,OC1C=CC2CC2C1O,9,-6.5226,-0.1551,6.3675,2.8565,75.8,32.307
QM9_04359,CC12CN1C(=O)C1NC12,9,-6.479,-0.4626,6.0164,4.6742,72.14,29.499
QM9_04360,C#CC12OC3CC1C2O3,9,-6.3947,0.6558,7.0505,1.88,70.88,26.834
QM9_04361,NC(=O)C1COC=N1,8,-6.6042,0.2259,6.8301,2.0915,57.99,25.707
QM9_04362,N=c1cc(N)oc(F)c1,9,-5.7253,-0.2095,5.513,3.433,70.91,29.015
QM9_04363,CC1N=COCC1C#N,9,-7.2137,0.0952,7.309,4.1304,72.6,30.199
QM9_04364,C1=CC2CC3C1C=CC23,9,-6.0491,0.1742,6.2205,0.0741,82.96,27.072
QM9_04365,CC(O)CC(=O)NC=O,9,-6.5498,-0.664,5.8831,6.699,71.56,34.813
QM9_04366,CCOC(C)(C)C(N)=O,9,-6.4818,1.0748,7.5566,3.3284,79.13,40.787
QM9_04367,CC(C)n1cnnn1,8,-7.5756,-0.2476,7.328,6.0621,65.18,27.24
QM9_04368,CCc1cc(NC)[nH]n1,9,-5.3089,1.1701,6.479,3.3054,83.57,34.979
QM9_04369,COC(=N)CNCCO,9,-6.7947,0.7837,7.5784,2.6405,78.06,36.855
QM9_04370,O=C1CN2CC1(CO)C2,9,-6.1879,-0.6912,5.4967,2.0028,70.94,29.956
QM9_04371,CCC1COC1(C)CO,9,-6.6613,1.9701,8.6315,2.605,81.38,38.174
QM9_04372,NC(=O)OCC=O,7,-7.0858,-0.8735,6.2124,3.9862,48.14,25.275
QM9_04373,N=C1C=CCC(=O)CO1,9,-6.6613,-1.415,5.2464,0.6961,74.77,29.23
QM9_04374,O=C1CCn2ncnc21,9,-7.26,-1.8395,5.4232,4.1198,69.66,24.262
QM9_04375,CC1C2C3OC4C3N1C42,9,-6.1933,1.7687,7.9621,1.309,72.75,26.471
QM9_04376,C#CC1C=CC2OC12,8,-6.8573,-0.2177,6.6369,2.022,67.22,25.715
QM9_04377,CC1(CO)C(O)C1C#N,9,-7.3253,0.6504,7.9757,4.3867,73.54,35.968
QM9_04378,O=C1OCCC(O)C1O,9,-7.3253,-0.1986,7.1267,1.9433,64.23,31.426
QM9_04379,CC(C)C(=N)OCC#N,9,-7.7634,-0.0408,7.7226,2.0241,78.62,35.848
QM9_04380,CC(C)CC(F)(F)F,8,-9.075,2.1307,11.2029,2.0521,57.35,31.617
QM9_04381,CCNc1cc(C)on1,9,-5.777,0.2694,6.0491,3.2437,80.93,33.683
QM9_04382,CC(=O)C12CC1C1OC12,9,-6.4926,-0.5089,5.9838,2.4541,72.8,30.675
QM9_04383,C#CCCC(C=O)OC,9,-6.7294,-0.9851,5.7443,2.0118,79.88,36.798
QM9_04384,C#CC1CC=C(C)CC1,9,-6.3239,0.7565,7.0831,0.854,91.79,35.358
QM9_04385,O=C1CC2C3CCC12C3,9,-6.4872,-0.2694,6.2178,3.025,80.61,28.957
QM9_04386,CC1(C)NC=NC1C#N,9,-6.6341,0.1497,6.7838,5.6766,76.03,32.902
QM9_04387,N1C2C3OC4C1C2C4O3,9,-6.1743,1.7606,7.9348,0.9842,64.37,22.563
QM9_04388,CC1C=C2C(O1)C1OC21,9,-6.4763,-0.3184,6.1579,1.8905,74.47,28.723
QM9_04389,O=C1CCC=CC2OC12,9,-6.7294,-0.9279,5.8015,2.2251,73.6,29.041
QM9_04390,CC1(O)C2CC3C1N3C2,9,-6.392,1.8912,8.2804,2.95,76.34,31.115
QM9_04391,CN(C)c1n[nH]nc1O,9,-5.2083,0.3102,5.5185,0.4544,72.22,32.723
QM9_04392,C#CC1CCN=COC1,9,-6.7185,0.2748,6.9933,1.5621,79.33,31.782
QM9_04393,O=CC1=CCC(=O)NC1,9,-6.8545,-1.8068,5.0477,1.6547,74.79,29.434
QM9_04394,C1OC12C1NC3C1OC32,9,-6.3294,1.4313,7.758,0.4177,66.84,25.546
QM9_04395,c1[nH]nnc1C1CCC1,9,-6.6804,0.0272,6.7076,4.0674,78.01,28.65
QM9_04396,CCc1nccnn1,8,-6.3566,-1.913,4.4436,2.247,69.02,25.458
QM9_04397,CCC(C)(O)C1CO1,8,-7.1076,2.2096,9.3172,1.5179,70.62,34.325
QM9_04398,O=C(CO)C12CCC1C2,9,-7.0151,-0.6993,6.3158,3.6253,77.68,32.481
QM9_04399,C#CC1C(O)C2C(O)C12,9,-6.743,0.966,7.709,1.5592,74.3,33.223
QM9_04400,CC#CC(=O)CO,7,-6.9199,-1.2191,5.7008,4.7561,61.12,27.439
QM9_04401,C#CC1(NC)CC1C#N,9,-6.3974,-0.0027,6.3947,3.6271,81.26,34.679
QM9_04402,Nc1nc[nH]c1C1CC1,9,-4.8463,1.0313,5.8777,3.224,79.19,31.654
QM9_04403,N=c1ncocc1F,8,-6.6668,-1.1238,5.543,3.5703,56.95,22.241
QM9_04404,CC(O)(CC#N)CC#N,9,-8.3376,-0.1687,8.1689,4.3897,73.07,35.245
QM9_04405,OCc1c[nH]c(O)c1,8,-5.0423,1.4993,6.5416,2.5223,63.66,29.205
QM9_04406,COC1C2CC(=O)C1O2,9,-6.2831,-0.5497,5.7334,2.9255,67.9,29.551
QM9_04407,COCC(N)C(O)C#N,9,-6.9117,0.5333,7.445,5.627,73.16,36.663
QM9_04408,CC12C=CC3C1OC32C,9,-6.1634,-0.0707,6.0926,1.6463,79.17,32.089
QM9_04409,O=C1OC2C(O)CC12O,9,-7.2491,-0.098,7.1512,3.9193,61.28,30.097
QM9_04410,C#CC(CCC)OC,8,-7.1294,1.0721,8.2015,0.8181,78.25,35.521
QM9_04411,CCCNc1cnn[nH]1,9,-5.777,0.4653,6.2423,5.9521,79.21,32.81
QM9_04412,O=C1CC2C3C=CC12N3,9,-6.2559,-1.1211,5.1348,3.5168,74.27,27.351
QM9_04413,CC(O)C(C)(C=O)C=O,9,-6.9988,-1.6762,5.3198,2.8843,72.48,37.747
QM9_04414,CCc1nc(C)oc1C,9,-5.8722,0.4572,6.3294,1.4115,83.87,34.978
QM9_04415,N#Cc1cc(=N)cno1,9,-7.3008,-2.479,4.8219,3.359,75.1,25.985
QM9_04416,COC1C(C)C(=O)C1O,9,-6.3675,-0.7021,5.6654,3.1034,72.4,35.488
QM9_04417,COC(=O)CNCC#N,9,-6.909,-0.0816,6.8301,5.6935,70.34,33.486
QM9_04418,CC#CC1COCC1O,9,-6.7321,1.034,7.7634,2.4132,79.89,34.135
QM9_04419,N#CC12CC(C#N)(C1)C2,9,-8.8274,-0.2095,8.6178,0.0019,77.35,28.227
QM9_04420,c1nc2c(o1)OCO2,8,-5.4314,-0.1361,5.2953,1.6025,51.59,20.761
QM9_04421,CCC(C)(C)C(C)=NO,9,-6.4981,0.5252,7.0233,0.5863,88.69,42.733
QM9_04422,NC(=O)CCN1CC1,8,-6.2423,0.9225,7.1648,2.5793,69.32,31.736
QM9_04423,C1=C2C=C3CC1C1C2C31,9,-5.0069,-1.0694,3.9375,0.9579,92.08,27.85
QM9_04424,CC1=CC2CC2(O)C1O,9,-5.9974,0.3211,6.3158,1.8058,76.99,34.632
QM9_04425,C#CC1C=CC=CC=C1,9,-6.0137,-1.0612,4.9552,0.6832,87.32,30.827
QM9_04426,COC(C#N)C(O)C=O,9,-7.8695,-1.4476,6.4192,4.1067,66.86,33.583
QM9_04427,CC1CC2(CO2)C1O,8,-6.9335,1.796,8.7321,1.9839,67.57,30.311
QM9_04428,O=C1CC=CCCCC1,9,-6.1879,-0.3674,5.8205,2.877,84.31,32.832
QM9_04429,CC1OC=NC2CNC21,9,-6.1933,0.8,6.9933,2.725,76.23,29.993
QM9_04430,N=c1cc(N)ocn1,8,-5.796,-0.615,5.1783,4.9928,65.93,25.245
QM9_04431,CC1C2C3C(O)C3N12,8,-5.9076,1.4749,7.3797,1.33,67.85,28.623
QM9_04432,Cc1cc(F)nc(=O)o1,9,-7.2872,-1.9075,5.3797,5.8801,64.41,27.425
QM9_04433,CN=c1nn[nH]c(=O)o1,9,-7.4151,-2.6504,4.7647,2.4227,68.41,27.555
QM9_04434,CCC12CC3C(C)C1N32,9,-6.4056,2.3075,8.7104,1.6512,85.47,33.953
QM9_04435,COC1C2CC1(O)C2O,9,-6.5525,2.0599,8.6124,1.9416,72.28,34.356
QM9_04436,OCC(O)C12COC1C2,9,-6.4981,1.5075,8.0056,1.6086,71.01,33.424
QM9_04437,CC1OC2CC2C12CN2,9,-6.4164,1.8558,8.2723,0.7631,78.14,31.99
QM9_04438,CN(C)c1cn[nH]n1,8,-5.4096,0.215,5.6246,1.4022,67.52,27.846
QM9_04439,CC12C3CC(C1O)N2C3,9,-6.313,2.2422,8.5553,2.0712,77.62,30.881
QM9_04440,O=c1cncc2n1CC2,9,-6.0763,-1.3279,4.7484,4.9343,76.14,26.003
QM9_04441,CC12NC1C1CC1C2O,9,-6.2777,1.8204,8.0981,2.5437,77.12,32.488
QM9_04442,O=CC12CCCC1C2O,9,-6.6559,-0.4327,6.2232,4.0313,76.43,32.169
QM9_04443,O=C1NCC12C1CN2C1,9,-6.5171,0.4027,6.9199,3.7449,73.45,28.204
QM9_04444,Cc1ncncc1CO,9,-6.5824,-0.7592,5.8205,4.0924,76.81,30.761
QM9_04445,O=C1C=C(CO)COC1,9,-6.2505,-1.3415,4.9089,5.0629,73.63,31.293
QM9_04446,CC12OCC3(O)C1NC32,9,-6.2722,1.4912,7.7634,2.1003,71.23,30.702
QM9_04447,OC1C=C2C(C1)C1CC21,9,-6.2423,0.2503,6.4926,2.1482,81.85,30.338
QM9_04448,CC12CN3CC(O1)C32,8,-5.7389,1.7497,7.4886,0.8025,67.17,25.95
QM9_04449,CC1CC1C#CC1CC1,9,-6.1035,1.3959,7.4995,0.3008,95.7,35.575
QM9_04450,CN1C(C#N)C12CCC2,9,-6.7185,0.3401,7.0586,3.3018,81.22,32.965
QM9_04451,CC1(O)C2CC1C2C#N,9,-7.3661,0.8626,8.2287,5.1902,77.4,32.382
QM9_04452,CC(O)C(C#N)N(C)C,9,-6.2586,0.8572,7.1158,4.284,79.58,39.101
QM9_04453,N#CCOc1cnco1,9,-6.7294,-0.4599,6.2695,2.9105,65.56,26.487
QM9_04454,CCOC(C=O)C(C)C,9,-6.5824,-0.8,5.7824,1.9568,83.89,40.114
QM9_04455,C1=NCC(C2CO2)CO1,9,-6.7539,0.6231,7.3797,2.905,72.35,29.365
QM9_04456,ON=C1C2NC2C2NC12,9,-6.2341,-0.2041,6.0328,2.7638,72.99,28.597
QM9_04457,CC1CCC(O)C1=NO,9,-6.7702,-0.0898,6.6804,1.1855,77.47,35.104
QM9_04458,CC1(C=O)C(=O)C2OC21,9,-6.977,-1.6762,5.3035,1.4712,66.01,30.251
QM9_04459,CCOC1COC(=N)O1,9,-6.9307,1.5238,8.4546,3.7713,70.59,31.367
QM9_04460,Cc1cnc(C)c(N)n1,9,-5.8151,-0.7211,5.0967,1.8956,85.43,33.091
QM9_04461,CC(=O)CC(=O)OC=N,9,-7.0641,-1.0993,5.9647,2.7689,70.38,32.782
QM9_04462,c1cc(C2CO2)no1,8,-7.328,-0.4952,6.8328,2.3742,59.76,23.072
QM9_04463,CCn1cn[nH]c1=O,8,-6.0164,0.4762,6.4899,2.7221,62.0,26.841
QM9_04464,CC1(O)C=CC(C)(O)C1,9,-6.7484,0.2748,7.0233,1.7824,80.21,38.172
QM9_04465,Cc1cc(=O)cncn1,9,-6.7103,-2.4164,4.2912,2.3478,79.55,28.722
QM9_04466,N#CCN1CC1C1CC1,9,-6.6613,0.585,7.2464,2.5674,78.8,32.679
QM9_04467,C#CC1(C)N2CC1(O)C2,9,-6.6205,0.8191,7.4396,1.7908,78.83,34.226
QM9_04468,Cn1nccc1N1CC1,9,-5.7171,0.8517,6.5688,3.0611,79.73,30.267
QM9_04469,CC(=O)CC1CN=CO1,9,-6.7239,-0.5143,6.2124,1.6924,72.53,31.41
QM9_04470,O=CNc1ncno1,8,-7.3471,-1.1864,6.1607,4.0952,55.4,22.04
QM9_04471,NC12CC1COC2=O,8,-6.7185,0.2667,6.9852,3.2579,60.59,26.347
QM9_04472,CC1CC2C3CC2C13C,9,-7.4995,2.4735,9.973,0.1847,89.01,33.511
QM9_04473,CC(C=O)CC(C)(C)O,9,-6.5661,-0.3946,6.1715,3.4147,83.08,41.407
QM9_04474,CC1C2OC1C1C(C)C21,9,-6.509,2.498,9.0042,1.7751,81.86,32.435
QM9_04475,CCN=C1OCC12CO2,9,-6.9634,0.117,7.0804,2.2078,77.45,31.964
QM9_04476,O=C1NCC2COC1C2,9,-6.2096,0.6558,6.8627,4.8266,70.94,28.066
QM9_04477,CC(=O)N1C=NC2CC21,9,-6.4573,-0.6313,5.826,1.0916,75.64,29.674
QM9_04478,N#Cc1cocc1C#N,9,-7.6899,-1.5864,6.1035,5.9008,69.17,25.172
QM9_04479,Nc1cnc(C=O)cn1,9,-6.5253,-1.7524,4.7729,5.6497,79.3,28.166
QM9_04480,CC1=CC2(C)CC2C1=O,9,-6.343,-1.1837,5.1593,3.3612,83.04,33.114
QM9_04481,N=c1cnc(=O)nno1,9,-8.177,-3.1538,5.0232,2.5742,58.13,28.127
QM9_04482,CCC(C)CC#N,7,-8.5498,0.9551,9.5049,4.0941,68.29,30.173
QM9_04483,CCCCCO,6,-7.1131,2.2123,9.3253,1.3185,60.77,28.145
QM9_04484,O=CC1CC(O)(CO)C1,9,-6.6695,-0.566,6.1035,4.01,73.42,34.939
QM9_04485,CC1(O)C2C3CN2C31C,9,-6.4219,2.283,8.7049,2.056,78.96,33.658
QM9_04486,CC1=CCOC12CC2O,9,-5.5974,0.6857,6.2831,1.2781,79.56,33.67
QM9_04487,CCC(=O)N(C)C(N)=O,9,-7.1648,-0.1742,6.9906,2.2758,74.11,36.147
QM9_04488,C#CC1CNC(C=O)=N1,9,-6.5906,-2.0354,4.5552,2.282,75.46,30.108
QM9_04489,N=c1nccccn1,8,-6.9525,-2.4762,4.4763,5.0055,68.42,23.278
QM9_04490,N=COC(C[NH3+])C(=O)[O-],9,-6.9933,0.3157,7.309,2.8487,64.28,31.586
QM9_04491,CN=c1cncc(F)o1,9,-6.2314,-1.815,4.4164,1.2651,72.04,28.087
QM9_04492,CC1(O)COC(=O)C1O,9,-7.4069,-0.0653,7.3416,2.632,63.54,33.09
QM9_04493,CN1CC1c1cocn1,9,-5.9593,-0.0735,5.8858,1.4648,75.25,29.051
QM9_04494,C#CC12CCOC1C2C,9,-6.3892,1.2844,7.6736,0.8066,82.38,33.46
QM9_04495,CC1(C)CC(=O)C=C1N,9,-5.8096,-0.215,5.5947,5.9189,83.85,36.238
QM9_04496,OC1COC1CC1CC1,9,-6.5552,1.6898,8.2423,2.3986,78.94,34.443
QM9_04497,CNc1ccc(C)nc1,9,-5.3498,-0.283,5.0695,2.9657,89.88,32.991
QM9_04498,O=CC1CC2OC12C=O,9,-6.9824,-1.5538,5.4287,3.433,67.91,29.271
QM9_04499,c1cc2c([nH]1)OCCN2,9,-4.547,1.6762,6.2205,1.6076,74.52,28.703
QM9_04500,CCC(O)CCC1CC1,9,-6.9852,1.9701,8.9553,1.419,90.19,40.288
QM9_04501,CC1CC2OCOC12C,9,-6.7484,2.0762,8.8247,1.2767,77.13,33.477
QM9_04502,CC12CC(CO1)C(=O)O2,9,-7.2273,0.2558,7.4831,3.9699,67.24,28.65
QM9_04503,CC1C2CC(C)(C)OC12,9,-6.2695,2.0871,8.3566,1.2802,84.88,36.645
QM9_04504,Cc1[nH]cc(N)c1C#N,9,-5.3171,0.0435,5.3606,5.8289,80.19,32.656
QM9_04505,C1=NCCC(C2CC2)O1,9,-6.6233,0.8191,7.4423,2.4909,80.05,31.167
QM9_04506,N#CC1OC2C3CC2C13,9,-7.2845,0.4054,7.6872,4.4794,72.31,26.13
QM9_04507,COCc1cocc1C,9,-5.8015,0.8109,6.6151,1.9827,78.61,33.282
QM9_04508,O=CC12CN3C1CC32,8,-6.2777,-1.0395,5.2382,2.0999,66.15,24.516
QM9_04509,C1=CC2CCOCC2C1,9,-6.4028,0.566,6.9688,1.2507,83.28,30.19
QM9_04510,CC1=CC(O)COC1=N,9,-6.8083,-0.8544,5.9566,2.7833,77.66,32.824
QM9_04511,C1CC(N=C2CCO2)C1,9,-6.5933,0.751,7.3471,2.2174,85.03,31.439
QM9_04512,O=CC(C=O)C1COC1,9,-7.0559,-1.6055,5.4532,2.9617,70.0,31.22
QM9_04513,OCC1C2CC1C2CO,9,-6.9661,1.9238,8.89,2.6608,79.54,34.434
QM9_04514,CC1(C=O)C2CC1O2,8,-6.392,-0.7592,5.6328,2.9103,65.19,27.649
QM9_04515,Cc1ncnccc1=O,9,-6.6695,-2.2776,4.3892,1.4203,79.28,28.608
QM9_04516,OC1C2CCOC1C2,8,-6.2423,2.0572,8.3022,0.2344,66.55,27.381
QM9_04517,CC(=NO)C1NC1(C)C,9,-6.1933,0.264,6.4545,1.3437,84.4,38.618
QM9_04518,CC1NC(=O)N2CCC12,9,-6.4192,1.4613,7.8804,4.4875,75.33,30.857
QM9_04519,O=C1CCN=C(CO)O1,9,-7.3933,-0.8898,6.5035,2.6282,67.3,29.942
QM9_04520,OC1CCC12CN=CO2,9,-6.5688,0.7946,7.3607,3.151,71.6,30.484
QM9_04521,C#CC1(C)C(C)C1C=O,9,-6.6096,-0.781,5.8287,3.1475,85.49,36.942
QM9_04522,C1=CCOC2(C=C1)CC2,9,-5.6627,-0.7211,4.9443,1.0033,87.14,30.987
QM9_04523,CC12CC3(COCC13)C2,9,-6.528,2.5062,9.0342,1.814,83.01,31.431
QM9_04524,CCC(O)C(O)CO,8,-7.0722,1.6545,8.7267,1.5239,67.73,36.349
QM9_04525,CC1(C(C=O)CO)CN1,9,-6.645,-0.634,6.011,2.0426,74.95,36.354
QM9_04526,CCC(C)C(=O)CCO,9,-6.5171,-0.2585,6.2586,1.0506,82.77,40.401
QM9_04527,CCC(O)COCC=O,9,-6.7947,-0.9143,5.8804,2.4126,76.66,38.096
QM9_04528,NC1COc2nnoc21,9,-6.3647,-1.3497,5.0151,3.8881,64.3,26.905
QM9_04529,CC1CCC(O)C(C)O1,9,-6.6396,2.0653,8.7049,1.823,81.82,36.941
QM9_04530,CC1(CO)OC1(C)CO,9,-7.1512,1.9211,9.0723,1.074,74.77,39.102
QM9_04531,C#CC1(C)C2CC1(O)C2,9,-6.8192,1.3687,8.1906,1.607,82.02,35.052
QM9_04532,O=CNc1c[nH]c(O)c1,9,-4.928,0.5524,5.4804,3.9975,71.02,31.042
QM9_04533,C#CC1C(=N)OCC1=O,9,-7.0505,-1.3442,5.7089,1.8413,69.11,29.578
QM9_04534,C#CC(=O)CN(C)CC,9,-6.0627,-1.5701,4.4926,2.9787,82.91,37.683
QM9_04535,N#CCC1OCCCO1,9,-7.543,0.9878,8.5308,4.9321,72.59,30.536
QM9_04536,NC(=O)C#CCCCO,9,-6.7838,-0.4109,6.3729,5.2415,80.42,36.868
QM9_04537,O=C([O-])C1CC=CC[NH2+]1,9,-6.8926,0.1687,7.0641,4.6832,72.85,30.154
QM9_04538,CC1(C)OC12CN1CC12,9,-6.3103,1.9892,8.3022,2.6569,78.98,33.981
QM9_04539,CC1C(=O)COC1CO,9,-6.86,-0.8463,6.0137,1.1617,70.85,33.417
QM9_04540,OCc1cncnc1F,9,-7.1811,-0.966,6.2124,3.1455,65.64,27.423
QM9_04541,O=CC#CC12CCC1N2,9,-7.094,-1.6925,5.4015,4.3757,86.54,30.04
QM9_04542,C#CC1OC2C(C=O)C12,9,-6.4409,-0.6068,5.8341,3.2707,71.95,29.842
QM9_04543,C#CC12C3C4C1C4(C)N32,9,-5.8913,0.5007,6.392,1.996,81.01,30.303
QM9_04544,C1C2CC1C1CCC1O2,9,-6.3158,2.147,8.4627,1.3407,80.47,29.394
QM9_04545,NC1=Nc2oncc2C1,9,-5.5838,-0.5333,5.0504,6.9833,71.72,26.805
QM9_04546,CC#CC1(CCO)CC1,9,-6.1851,1.6,7.7852,1.4633,88.74,38.148
QM9_04547,C#CC1CCCOCC1,9,-6.675,1.5021,8.177,1.2086,84.9,34.276
QM9_04548,C#CC(C)(C)C1CCO1,9,-6.5906,1.5157,8.1063,1.5613,83.4,37.2
QM9_04549,CC1CC2C1C2(C)C=O,9,-6.6886,-0.3837,6.3049,3.3139,84.86,34.906
QM9_04550,CC1(C)OC1(C)C(N)=O,9,-6.5335,0.6803,7.2137,2.1952,75.62,38.659
QM9_04551,CC(=O)NCC(C)=NO,9,-6.6151,0.1252,6.7403,3.0254,77.38,37.315
QM9_04552,C#CCC1C(C)C1C#N,9,-7.279,0.7374,8.0192,4.1667,82.03,34.733
QM9_04553,CCC1(C)N=CNC1=N,9,-6.2777,-0.0218,6.2559,3.2356,81.51,35.009
QM9_04554,OC1C2C3CC2(O)C13,8,-6.8083,1.7851,8.5934,2.4435,64.3,27.366
QM9_04555,C#CC12COC(C1)C2O,9,-6.6886,0.8082,7.494,1.8121,74.5,31.23
QM9_04556,CC(O)C1C2CCCN21,9,-6.0409,1.9755,8.0165,1.4576,81.21,34.824
QM9_04557,CCc1coc(C)c1C,9,-5.5076,0.8327,6.3403,0.8117,86.64,36.151
QM9_04558,CCC1CCC(C)CO1,9,-6.5688,2.2068,8.7757,1.1542,89.02,37.524
QM9_04559,N=C1OC2CC(=O)C1C2,9,-6.8518,-0.9551,5.8967,4.1668,69.58,26.973
QM9_04560,N#CC1COC2COC12,9,-7.4124,0.6694,8.0818,4.2691,68.16,27.322
QM9_04561,CN(C)CC(=O)C#N,8,-6.5498,-2.3511,4.1987,4.199,67.02,30.971
QM9_04562,C#CC12NC1CC1NC12,9,-6.1253,0.849,6.9743,2.2082,79.39,30.018
QM9_04563,OCC1=CCCC1O,8,-6.4518,0.6395,7.0913,0.7883,69.99,30.819
QM9_04564,CCCC#CC(C)OC,9,-6.5307,1.3225,7.8532,0.9339,93.94,40.472
QM9_04565,Cc1ccc(CO)cn1,9,-6.6967,-0.6422,6.0545,0.9818,82.87,31.639
QM9_04566,CC1CCCCC2OC12,9,-6.9443,2.1606,9.1049,1.6635,85.01,34.123
QM9_04567,CC1C=C2COC2(C)C1,9,-6.3566,0.1796,6.5362,1.459,85.01,33.92
QM9_04568,CC(=O)NC(C)C1CN1,9,-6.3076,0.7347,7.0423,3.957,80.07,36.901
QM9_04569,O=C1OC2CC(C2)C1=O,9,-6.9824,-2.0354,4.947,5.7208,65.48,26.619
QM9_04570,CC(=O)C1(C(N)=O)CO1,9,-6.8409,-0.9796,5.8586,2.8817,65.69,33.401
QM9_04571,C#CC1CC12CCC2=O,9,-6.4382,-0.7048,5.7307,2.9744,81.13,32.338
QM9_04572,CCC1CC2C(OC)C12,9,-6.4464,2.1742,8.6178,1.0706,85.94,36.122
QM9_04573,CC(=O)C1CC12CCO2,9,-6.294,-0.283,6.011,1.2866,77.86,33.121
QM9_04574,Cn1c(N)ccnc1=O,9,-5.8232,-0.8027,5.0205,7.4856,75.86,30.504
QM9_04575,CCC1C(CO)C2CN12,9,-6.1634,1.8803,8.0437,2.5588,81.45,35.68
QM9_04576,CC1(CC=O)CC2OC21,9,-6.8518,-0.6966,6.1552,2.2348,75.33,33.067
QM9_04577,OC1C2(O)CC1(O)C2,8,-6.7267,1.6871,8.4165,3.9015,60.58,30.541
QM9_04578,CC1OC(=O)C2CC1C2,9,-6.9688,0.5116,7.4804,4.5512,75.09,30.115
QM9_04579,CC1(C)COC2CC2O1,9,-6.1607,2.1579,8.3158,0.4652,77.64,34.545
QM9_04580,CCC1N2CC(O)C12C,9,-6.1117,1.6708,7.7825,1.7499,82.6,37.028
QM9_04581,OC1CC2(C3CC3)NC12,9,-6.1607,2.0762,8.2369,2.9039,79.38,32.617
QM9_04582,C1=CCC2CC(C2)OC1,9,-6.3838,-0.1469,6.2368,1.3775,83.36,31.16
QM9_04583,O=C1CCc2nccn21,9,-6.5117,-0.9851,5.5294,1.4421,72.49,25.556
QM9_04584,C#CC12CNC(=O)C1N2,9,-6.3865,0.1361,6.5226,3.7831,73.13,29.697
QM9_04585,O=c1cc(F)cco1,8,-6.7212,-1.6408,5.0804,3.829,56.25,22.518
QM9_04586,CC(C)(C)c1cnon1,9,-8.0791,-1.0721,7.0042,3.7776,76.29,33.699
QM9_04587,CNC1C(=O)CCC1=O,9,-5.8178,-1.2327,4.5824,2.4697,72.86,32.806
QM9_04588,CC1C(=NO)C2C(C)N12,9,-6.177,0.0218,6.1988,1.0382,80.25,34.385
QM9_04589,COC1=NCC=CCN1,9,-5.7362,0.2912,6.03,1.7655,78.14,32.945
QM9_04590,CC1C2CCNC(=O)C12,9,-6.3566,0.6476,7.0069,3.7201,78.87,32.016
QM9_04591,COC(=O)C(C)(C)C=O,9,-6.8627,-0.5742,6.2886,3.771,72.57,36.922
QM9_04592,N#CCC12CNC1CO2,9,-6.5253,0.5769,7.1022,5.3486,72.19,29.884
QM9_04593,COC1(C#N)CN=CO1,9,-7.7362,-0.1769,7.5593,2.5438,66.18,29.558
QM9_04594,C#CC1(O)CC1C(C)C,9,-6.4899,0.9606,7.4505,1.073,86.59,39.421
QM9_04595,C#CC1(C)OCCCO1,9,-7.0151,1.0939,8.109,1.5759,76.67,33.903
QM9_04596,OC12C3COCC1C2C3,9,-6.3539,1.932,8.2859,1.1827,74.2,30.154
QM9_04597,C#CC1(C#C)OCC1=O,9,-7.0205,-1.3279,5.6926,0.5906,72.57,31.347
QM9_04598,C#CC(O)C1CCCC1,9,-7.1512,0.8626,8.0138,1.3147,83.69,35.664
QM9_04599,Cc1ccoc1OC=O,9,-6.2341,-0.2993,5.9375,3.763,69.56,29.463
QM9_04600,CCC12OC3C1CC32C,9,-6.1362,2.4082,8.5444,1.6437,82.69,34.088
QM9_04601,O=CNC12CC(C1)C2=O,9,-6.9307,0.0381,6.9688,0.4343,70.47,29.289
QM9_04602,C#CC1N2CC(=O)C12C,9,-6.596,-0.7538,5.8423,1.8069,76.54,32.021
QM9_04603,Cc1[nH]cnc1O,7,-5.2028,0.8925,6.0954,2.7987,56.22,24.024
QM9_04604,COC12C=CC(C=C1)C2,9,-6.0872,-0.1279,5.9593,1.1031,78.93,30.831
QM9_04605,CC#CCC12COC1C2,9,-6.2532,1.4095,7.6654,1.9004,83.8,33.502
QM9_04606,O=C1CN2CC2C12CN2,9,-6.3892,-1.034,5.3552,1.8207,72.8,28.66
QM9_04607,OC1CN2CC2C12CO2,9,-6.2831,1.4613,7.7444,2.1311,71.13,30.498
QM9_04608,COC1CC12CC(=O)O2,9,-6.8464,0.2122,7.0586,3.3273,69.88,31.354
QM9_04609,CC1C(C)C1(O)C1CO1,9,-6.7022,1.6653,8.3675,1.8985,78.94,37.149
QM9_04610,CCc1nccc(=N)o1,9,-6.3185,-1.3932,4.9253,2.1052,80.21,30.388
QM9_04611,CC12CC(C(N)=O)(C1)C2,9,-6.411,0.8,7.211,3.5395,80.69,34.69
QM9_04612,COCc1c[nH]c(N)c1,9,-4.9008,1.6082,6.509,1.301,80.51,34.521
QM9_04613,CNc1c(O)n[nH]c1N,9,-5.4042,1.2381,6.6423,1.7908,71.79,33.855
QM9_04614,CC1=C(CO)COC1C,9,-6.177,0.3429,6.5198,2.3914,82.58,36.346
QM9_04615,CC1CCC2C3CC1C23,9,-6.5933,2.2694,8.8627,0.2115,87.91,32.352
QM9_04616,CC(O)C#CCCO,8,-6.8464,1.1075,7.9539,0.8631,73.85,34.701
QM9_04617,CC1OC2(C)CC12CO,9,-6.2586,1.8803,8.1389,1.4372,79.11,36.633
QM9_04618,NC(=O)C1=CC2CC2C1,9,-6.3647,-0.664,5.6981,3.7142,79.66,31.462
QM9_04619,C#CC12CC(=O)C(C1)O2,9,-6.5062,-0.6585,5.845,2.9122,71.92,29.051
QM9_04620,C#CC1(C#N)CN1CC,9,-6.9824,-0.1905,6.792,4.886,81.47,34.404
QM9_04621,NC(=O)NC12CC(C1)C2,9,-6.5688,1.4912,8.06,3.366,76.92,32.375
QM9_04622,C#Cc1c[nH]c(CC)c1,9,-5.396,0.5061,5.9021,3.0037,90.8,33.831
QM9_04623,C#CC12OCC1C2CO,9,-6.4001,0.234,6.6369,1.981,76.46,32.645
QM9_04624,N#CC(O)C(F)(F)F,8,-9.0532,-0.2857,8.7675,2.0789,40.76,25.742
QM9_04625,CC12OCC1C1CC2O1,9,-6.5498,2.0626,8.6124,1.0905,73.16,29.243
QM9_04626,O=CC1=NCC(CO)N1,9,-6.3294,-1.8449,4.4872,3.5566,71.65,31.107
QM9_04627,CCOC1C=CC(=O)O1,9,-7.3824,-1.4095,5.9729,4.0459,71.93,30.642
QM9_04628,COC(C#N)CC=O,8,-7.2219,-1.1456,6.0763,2.821,63.09,29.912
QM9_04629,C#CC1CN(C)CC1=O,9,-5.796,-0.7891,5.0069,2.1916,77.57,33.258
QM9_04630,N#CC(O)c1cc[nH]c1,9,-6.2124,0.3674,6.5797,5.0173,71.57,29.949
QM9_04631,OC1CC(OC2CC2)C1,9,-6.479,2.0681,8.5444,2.1222,79.46,34.687
QM9_04632,COCC(C)C(N)C#N,9,-6.9852,0.7075,7.6927,3.4811,80.63,38.41
QM9_04633,COCC1OC1CCO,9,-6.9389,2.0436,8.9825,1.3466,77.07,36.851
QM9_04634,O=C1C2(CC2)CC12CO2,9,-6.5307,-1.0313,5.4994,3.4681,75.7,30.429
QM9_04635,CC1(C2OC3CC32)CO1,9,-6.4409,2.0844,8.5253,1.9865,74.28,31.777
QM9_04636,C#CCN1CC2C(O)C21,9,-5.6763,0.8027,6.479,1.2964,77.32,33.067
QM9_04637,CNC(=O)CC(C)(C)C,9,-6.5171,0.9007,7.4178,3.2986,87.17,41.765
QM9_04638,CCCC1COCCO1,9,-6.3185,2.5062,8.8247,0.2443,83.08,35.287
QM9_04639,CC1C=C2CC=CC2C1,9,-6.109,0.6476,6.7566,0.1819,90.34,31.77
QM9_04640,C1C2CC3(COC12)CO3,9,-6.2151,2.1524,8.3702,2.4468,74.25,30.125
QM9_04641,CC1C(O)C2(O)C(C)C12,9,-6.675,1.8368,8.5117,0.9442,78.65,37.474
QM9_04642,CCC1C=CC2CC12,8,-6.1008,0.5959,6.6967,0.2514,79.64,29.896
QM9_04643,CCCC(CO)COC,9,-6.675,2.1361,8.811,2.9501,87.07,41.019
QM9_04644,O=C1OC2C3CC2(C3)O1,9,-8.041,0.683,8.724,5.0358,65.02,24.986
QM9_04645,CC(=O)C1C2C3OC3C12,9,-6.1362,0.1497,6.2858,4.0209,71.16,30.35
QM9_04646,O=CC#Cc1ccoc1,9,-6.6423,-1.932,4.7076,4.1907,83.98,27.138
QM9_04647,CCC1OC(=O)C1N,8,-6.675,0.1225,6.7974,3.1265,64.54,30.236
QM9_04648,CC1(c2ncco2)CO1,9,-6.6178,-0.264,6.3539,2.2248,71.11,28.91
QM9_04649,Cc1cccc(CO)n1,9,-6.5117,-0.4408,6.0709,0.3357,82.57,32.011
QM9_04650,C#CC(C)(C)NCC#N,9,-6.7811,0.4762,7.2573,4.3641,82.7,37.974
QM9_04651,CC1OCC=C1C1CC1,9,-6.0219,0.5633,6.5852,1.8204,85.44,33.56
QM9_04652,O=CNCc1cocn1,9,-6.8355,-0.2422,6.5933,3.125,67.82,27.809
QM9_04653,CCC1NC1(C)C1CN1,9,-6.5498,1.7334,8.2831,1.5638,86.29,37.499
QM9_04654,CC1C2C=CCC(=O)N12,9,-6.4056,-0.0544,6.3511,3.464,77.56,30.306
QM9_04655,CCOC1CCOC1=N,9,-6.7974,0.5034,7.3008,2.0321,77.36,33.2
QM9_04656,CCn1ccc(C=O)n1,9,-6.6314,-1.1864,5.445,5.4431,79.46,30.342
QM9_04657,CC1(C#CCO)COC1,9,-6.743,0.7619,7.5049,3.0797,81.65,35.19
QM9_04658,CCc1ccc(CO)o1,9,-5.8069,0.3429,6.1525,1.9039,80.26,33.552
QM9_04659,C#CCC1NC1C#C,8,-6.743,0.8136,7.5566,1.7318,74.06,30.441
QM9_04660,COCC1=CC(=O)CC1,9,-6.2804,-0.9823,5.2981,5.015,81.48,32.66
QM9_04661,CN=c1ccnccn1,9,-6.3593,-2.4545,3.9048,1.7943,85.27,29.161
QM9_04662,CCC1C(C)C(C)C1C,9,-7.3117,1.8803,9.192,0.099,95.23,41.823
QM9_04663,CC1COC2C3CC3C12,9,-6.4056,2.1198,8.5253,1.61,80.02,31.162
QM9_04664,CCOC1C=CC(=N)O1,9,-6.9933,-1.0041,5.9892,3.0202,77.87,31.604
QM9_04665,C#CCOCC1(C)CO1,9,-7.1348,0.7075,7.8423,1.1509,78.61,35.908
QM9_04666,CC1(C)OC(=N)C1C=O,9,-7.0995,-1.0041,6.0954,2.1666,74.02,34.028
QM9_04667,CN=c1nn[nH]cc1C,9,-5.7389,-1.3497,4.3892,4.4429,84.02,31.826
QM9_04668,CC(O)C1(O)CC1,7,-6.9199,1.6545,8.5716,2.2253,59.92,30.003
QM9_04669,C1=C2CN3C2C3C12CN2,9,-5.8341,-1.2163,4.6205,1.1448,81.4,27.572
QM9_04670,CC1CNc2nnoc21,9,-5.777,-0.9796,4.7974,4.8332,71.63,28.315
QM9_04671,CNC1(C=O)COC1C,9,-6.4491,-0.8626,5.5865,3.2472,75.77,35.494
QM9_04672,CC1C(C)C2C3OC2C13,9,-6.0926,1.8694,7.9621,2.2362,80.65,31.929
QM9_04673,N#CC1C=CC(C#N)N1,9,-7.4342,-0.9334,6.5008,2.0303,72.05,28.324
QM9_04674,Oc1ccnc(F)n1,8,-7.328,-1.0667,6.2613,2.5468,54.52,21.676
QM9_04675,Cc1nnoc1CCO,9,-7.0069,-0.8708,6.1389,3.5589,71.71,32.207
QM9_04676,O=C1C2C3N1CC23O,8,-6.596,-0.068,6.528,3.7703,58.04,24.188
QM9_04677,CC1C2OC1(C)C21CC1,9,-6.2096,2.4,8.6124,1.7473,83.89,35.018
QM9_04678,CN1C2=NCC3(O)C2C13,9,-6.1525,-1.4259,4.7293,4.023,75.03,31.252
QM9_04679,CC1(C2CCC2)COC1,9,-6.577,2.0082,8.5879,1.8705,84.89,34.785
QM9_04680,CC1CC(C2CC2)CO1,9,-6.6233,2.3538,8.977,1.3953,86.07,34.848
QM9_04681,CC1CCN1CC=O,8,-5.9865,-0.5796,5.4096,3.1302,72.86,31.003
QM9_04682,OC1C2OC13CCCC23,9,-6.7294,1.7062,8.4355,2.1738,74.68,29.901
QM9_04683,C#CC1OC(C#C)C1O,9,-6.8682,-0.0136,6.8545,2.566,75.35,33.214
QM9_04684,CC1CC2CC=CC2O1,9,-6.4872,0.5361,7.0233,1.5675,81.64,31.334
QM9_04685,Nc1conc1C1CC1,9,-5.8368,0.0245,5.8613,3.7105,75.4,30.554
QM9_04686,CCC1C2CC(C2)C1C,9,-7.8097,2.3375,10.1471,0.0523,91.86,35.863
QM9_04687,N#CC1CN1CCC=O,9,-7.0831,-0.8789,6.2042,3.6841,75.29,32.006
QM9_04688,O=CN1C2C3CCC2C31,9,-6.2532,0.5388,6.7892,4.2625,77.6,27.777
QM9_04689,N#CC1CN1,5,-7.5512,0.2068,7.758,2.8377,40.21,15.572
QM9_04690,CN1CCN(C=O)C1=N,9,-6.1307,-0.234,5.8994,5.4311,76.29,31.312
QM9_04691,O=CC1NC1C1CC1O,9,-6.6205,-0.5987,6.0219,3.5229,74.39,32.991
QM9_04692,O=C1C2C3CCC1(O)C32,9,-6.5661,-0.0354,6.5307,3.0335,71.22,29.153
QM9_04693,CC1C2C(C)C1C2C#N,9,-8.1797,0.7755,8.9553,4.3646,84.92,33.497
QM9_04694,CN=c1ncc(F)n[nH]1,9,-5.9321,-2.3701,3.562,0.8799,72.01,28.355
QM9_04695,CC1C=CC23CC(O2)C13,9,-6.1607,-0.0925,6.0681,1.7411,80.57,29.865
QM9_04696,Nc1n[nH]c2c1CCN2,9,-4.977,1.5184,6.4926,2.3357,75.45,29.957
QM9_04697,NC1=NCCC(O)C1=O,9,-6.5498,-1.8449,4.7048,1.1483,71.81,31.962
QM9_04698,COC(C)C1CC2CN21,9,-6.2641,2.2123,8.4763,1.701,82.18,35.44
QM9_04699,CC1CC2CC2CC1C,9,-6.9988,1.9946,8.9934,0.2609,91.12,36.746
QM9_04700,C[NH2+]CC(=O)[CH-]C=O,8,-6.1062,-0.8599,5.2464,7.0835,73.69,30.868
QM9_04701,CC1(C)C2NC2C2OC21,9,-6.4763,1.8994,8.3757,3.0818,77.14,32.528
QM9_04702,C#CC(C)(C)C(O)C=O,9,-7.0913,-1.2517,5.8423,2.2372,78.18,38.179
QM9_04703,CC1C2C(=O)C=CCN12,9,-6.3375,-1.4095,4.928,3.471,79.83,30.611
QM9_04704,C#CCC(C)C(C)C#N,9,-7.2927,0.8163,8.109,3.8182,85.42,38.057
QM9_04705,COC12CC3C1N(C)C32,9,-5.7661,2.3483,8.1144,1.0693,79.9,32.534
QM9_04706,CCc1cc(=O)ocn1,9,-7.0804,-1.7116,5.3688,3.1836,74.82,29.349
QM9_04707,O=c1ccc(CO)no1,9,-7.2001,-2.2531,4.9443,6.7979,68.52,28.795
QM9_04708,O=CCN1C2CC1C2=O,9,-7.0641,-0.9197,6.1443,3.6617,71.09,29.4
QM9_04709,CC12C3C4CC1N4C32,8,-5.8722,2.2966,8.1716,1.9172,70.38,25.042
QM9_04710,C#CC1COCC1CC,9,-6.8818,1.3334,8.2151,1.1218,83.8,35.212
QM9_04711,CC12CCC3C=CC1C32,9,-5.8994,0.5361,6.4355,0.3397,85.83,30.853
QM9_04712,N#CC1NCC1(O)C=O,9,-7.1593,-1.8096,5.347,5.5653,67.18,30.752
QM9_04713,CC1(C)CC1COC=O,9,-7.4069,0.3129,7.7199,4.4417,81.16,36.613
QM9_04714,O=CC1CC2C3C1CN23,9,-6.2886,-0.7157,5.5729,1.1592,74.5,28.131
QM9_04715,CC1=CC23CN4C2C1C43,9,-6.0001,0.1088,6.109,1.9674,81.28,28.308
QM9_04716,C#CC1C2C3C1C1C2C31,9,-6.4818,1.3578,7.8369,0.8272,80.39,27.794
QM9_04717,CN=C1NC(=N)C(C)O1,9,-6.3647,0.2612,6.626,0.2453,79.59,33.047
QM9_04718,N#CC1=CCCCCC1,9,-6.9743,-1.0803,5.894,4.7903,87.59,32.246
QM9_04719,O=CNCC(=O)CCO,9,-6.8491,-0.9061,5.943,3.5489,70.83,34.932
QM9_04720,CC12CC(O)(C1)C2,7,-6.928,2.2667,9.1947,1.4144,64.77,26.957
QM9_04721,C#CC#CC(C)OC=O,9,-7.1185,-1.0231,6.0981,3.8742,85.29,33.652
QM9_04722,CC1C2OCC2C2CN12,9,-6.1443,1.9919,8.1389,1.4941,76.97,30.045
QM9_04723,CC1C2(O)C3OC3C12O,9,-5.9838,1.4585,7.445,1.732,67.8,33.635
QM9_04724,Nc1nc2[nH]cnc2o1,9,-5.1239,0.4218,5.5484,2.5864,67.05,25.808
QM9_04725,CCC1=CCOCC1C,9,-6.3375,0.7075,7.0423,1.3707,88.44,36.068
QM9_04726,CN1C=[NH+]C(C(=O)[O-])C1,9,-5.4069,-1.3878,4.0218,10.234,73.91,30.407
QM9_04727,CC12CCC3(C1)OCC23,9,-6.3539,1.6436,7.9947,2.0493,82.74,31.849
QM9_04728,CCC1(C)C=CCC1=O,9,-6.4164,-0.4,6.0164,2.4099,83.78,35.612
QM9_04729,CCN1C2CC(=O)C21C,9,-6.1389,-0.449,5.6899,2.2873,80.87,34.679
QM9_04730,CC1C2C3OCC1(C)C32,9,-6.0736,2.3483,8.4219,1.6134,80.57,32.514
QM9_04731,Nc1cc2c(o1)C=CC2,9,-4.4654,-0.0054,4.4572,1.7541,82.16,28.956
QM9_04732,C#CC12COC1(C#N)C2,9,-6.9634,-0.7347,6.226,4.3114,75.58,29.724
QM9_04733,OC1C(O)C2C3OC2C13,9,-6.2831,1.3715,7.6546,2.4157,66.51,28.871
QM9_04734,N#CCC(C#N)C1CO1,9,-8.3593,0.0272,8.3865,4.8624,69.44,30.342
QM9_04735,C1C2C1C1CC2C2CC21,9,-6.7974,2.6313,9.4287,0.1401,83.37,28.375
QM9_04736,CC(C)C12OC1CC2O,9,-6.6858,2.0409,8.7267,1.8612,77.9,35.853
QM9_04737,CN1C(=O)C2OC3C2C31,9,-6.0817,0.1796,6.2586,4.3259,68.36,27.343
QM9_04738,CC1(C#N)CC(=O)C1,8,-7.1892,-1.1293,6.06,2.4594,66.07,28.73
QM9_04739,O=CNc1cnc[nH]1,8,-5.6572,-0.0707,5.5865,6.6073,63.22,24.896
QM9_04740,CNC(=O)C(=N)N1CC1,9,-6.5525,-0.7919,5.7579,1.8576,77.3,33.256
QM9_04741,COC(C)C(C)C(N)=O,9,-6.6096,0.9034,7.5131,2.5134,79.31,40.48
QM9_04742,OC12CC3C4C3N(C1)C42,9,-5.66,1.9919,7.6518,2.2862,73.27,27.94
QM9_04743,CC1OCC2OCC1O2,9,-6.5879,2.2313,8.8192,1.2707,69.6,29.372
QM9_04744,OC1C2C3C4CC3N4C12,9,-6.1471,2.1007,8.2505,0.5551,74.97,28.089
QM9_04745,O=C1OCC2CN12,7,-7.5593,0.3456,7.9049,4.9285,49.68,19.713
QM9_04746,CN=CN(C=O)C(C)C,9,-6.5852,-0.5415,6.0436,3.5957,85.93,37.744
QM9_04747,C1C2OC3(CC4OC43)C12,9,-6.4518,1.8749,8.3267,3.3337,71.57,28.05
QM9_04748,CC1=CC2COCC2C1,9,-6.2314,0.8218,7.0532,1.4943,84.21,31.319
QM9_04749,C#CC(O)(C#CC)C=O,9,-6.8954,-1.0449,5.8504,3.6096,77.86,36.041
QM9_04750,CC1CC2C1CC1OC12,9,-6.9552,2.1279,9.0832,1.7695,80.29,31.0
QM9_04751,CC1(C2CN2)NC1C=O,9,-6.7865,-0.8544,5.9321,3.1851,77.76,33.74
QM9_04752,C#CC1(C=O)OCC1=O,9,-7.0124,-1.9429,5.0695,2.7581,67.12,30.339
QM9_04753,CC(O)CC(O)C(C)O,9,-6.596,1.4585,8.0546,4.2378,78.95,40.954
QM9_04754,COC=NCCC#N,8,-7.2709,0.0653,7.3362,5.4204,71.36,30.276
QM9_04755,CCn1ccc(C#N)n1,9,-7.1239,-0.7048,6.4192,6.7284,79.65,29.57
QM9_04756,CC1(O)CC1(N)C#N,8,-6.7348,0.8626,7.5974,6.1713,65.95,32.89
QM9_04757,CC(C)(O)C(C)(O)C#N,9,-7.9131,0.8,8.7131,4.9648,74.67,40.147
QM9_04758,CCOCC1(CO)CC1,9,-6.7185,2.049,8.7675,2.8613,83.54,38.241
QM9_04759,CC12OCCC1C2C=O,9,-6.3838,-0.4925,5.8913,3.8123,77.13,32.28
QM9_04760,CC#CC1NC1C1CC1,9,-6.2341,1.23,7.4614,1.1932,90.05,34.989
QM9_04761,CC1CCC2CN2C1=O,9,-6.4899,0.2068,6.6967,3.7981,78.9,31.926
QM9_04762,C#CC(N)c1ncn[nH]1,9,-6.9307,0.0626,6.9906,1.9773,71.18,29.869
QM9_04763,CC1=CCC2(C)C(O)C12,9,-5.9321,0.5116,6.4437,1.6265,84.3,35.451
QM9_04764,CC1=CC2CC(O)C1O2,9,-6.2423,0.6068,6.8491,1.9186,75.15,31.347
QM9_04765,C#CC(O)CC#CCC,9,-6.6205,0.7782,7.3961,1.1565,88.26,38.202
QM9_04766,CC#CCC1CC(=O)N1,9,-6.713,0.9823,7.6954,4.0027,82.16,33.904
QM9_04767,Cc1nc(=N)[nH]c(=O)o1,9,-7.2682,-1.3116,5.9566,2.8046,68.25,28.171
QM9_04768,OCC1C2N3CC3C12O,9,-6.011,1.6164,7.6274,3.2153,71.78,32.847
QM9_04769,CC12CC1C(O)C1CN12,9,-6.1389,1.6272,7.7661,1.0894,77.73,32.901
QM9_04770,N=C1OC2CC2C12CN2,9,-6.5498,0.2803,6.8328,2.184,73.42,28.661
QM9_04771,CCC1(O)C2C3OC3C21,9,-6.2069,1.3932,7.6001,1.3678,74.37,33.485
QM9_04772,CC(CO)C(=O)C(N)=O,9,-6.5335,-1.7497,4.7838,2.2444,69.12,36.635
QM9_04773,O=C1C2CC3(CN3)C1N2,9,-6.3702,-0.1415,6.2314,2.935,72.77,28.203
QM9_04774,CN1C(=O)CCOC1=O,9,-7.3824,-0.5633,6.8192,2.6141,66.51,29.355
QM9_04775,CC1=CC2CC2CC1,8,-5.7851,0.8,6.5852,0.2973,81.04,29.693
QM9_04776,CC1CCC1C1CC1,8,-7.0777,2.3048,9.3798,0.0637,82.14,32.422
QM9_04777,CC1NC12COCC2O,9,-6.4954,1.9864,8.4818,0.641,74.74,33.548
QM9_04778,N=C1C(O)C2C(CO)N12,9,-6.9307,-0.3157,6.6178,5.0076,69.14,31.87
QM9_04779,Nc1[nH]nnc1CO,8,-5.8586,0.351,6.2096,4.445,60.07,27.213
QM9_04780,CC1(CO)N=CNC1=O,9,-6.8818,-0.6367,6.245,3.8387,69.23,32.084
QM9_04781,CC1CC(O)(C2CC2)C1,9,-6.7022,1.9565,8.6587,1.4836,86.24,37.322
QM9_04782,C#CC1COC(=O)N1,8,-7.4097,0.3973,7.8069,4.6049,59.45,25.53
QM9_04783,c1cnc2cc[nH]c2c1,9,-5.8885,-0.6204,5.2681,3.9499,81.9,25.319
QM9_04784,CC12CC3(CCC3)C1N2,9,-6.5906,2.3538,8.9444,1.4875,86.47,33.786
QM9_04785,CC1OC2C3C1N1C2C31,9,-6.3838,2.0926,8.4763,1.581,73.04,27.166
QM9_04786,C#CCC1CN(C)C1=O,9,-6.6042,0.8871,7.4913,3.8365,80.23,33.852
QM9_04787,CC1CC(=NO)C1C#N,9,-7.1811,-0.468,6.713,4.1357,76.92,33.032
QM9_04788,CC1C(O)C1N1CC1,8,-6.1443,2.1361,8.2777,2.7171,72.48,31.419
QM9_04789,C#CC1(C)NC1C(C)C,9,-6.3974,1.064,7.4614,0.9425,90.2,39.862
QM9_04790,CC12C3C=CC14CN2C34,9,-6.0137,-0.068,5.9457,1.6795,79.61,28.606
QM9_04791,Cn1cncc1OC=O,9,-6.3348,-0.4299,5.9049,3.2011,69.51,28.825
QM9_04792,O=C1NCC=C1CO,8,-6.6042,-0.4572,6.1471,2.5962,64.21,27.902
QM9_04793,N=C1C(=O)C(O)C2CN12,9,-6.8083,-2.4654,4.3429,2.3841,66.92,28.724
QM9_04794,CN1C(=O)C(O)C1CO,9,-6.6477,0.664,7.3117,2.8008,69.97,34.805
QM9_04795,CCc1nc(N)oc1N,9,-5.3253,0.9578,6.2858,2.6556,76.42,34.366
QM9_04796,CC1(C)NCC1(O)C#N,9,-6.528,0.3211,6.8491,2.3823,75.74,36.281
QM9_04797,N#CC1(C#N)OCCO1,9,-8.7593,-1.015,7.7444,5.6875,63.04,27.895
QM9_04798,C#CCCOCCO,8,-7.1947,1.3415,8.5362,1.657,71.42,33.131
QM9_04799,c1c[nH]c(OC2CC2)n1,9,-5.4532,1.3905,6.8437,2.2113,74.71,29.627
QM9_04800,CC1=C(C)C(C)(C)CC1,9,-5.8641,1.0422,6.9035,0.1826,95.89,40.455
QM9_04801,COC1OCC(=O)C1O,9,-6.4355,-0.8136,5.6219,3.3635,64.51,32.012
QM9_04802,CC1C2(O)C3NC2C13O,9,-6.079,1.6,7.6791,1.7161,71.3,32.813
QM9_04803,C#CC1C2C(C)C3C1C23,9,-6.6532,1.5565,8.2097,0.9682,85.11,32.01
QM9_04804,CCC1C(O)COC1C,9,-6.6668,1.8776,8.5444,1.2701,80.99,37.061
QM9_04805,CC(=O)C1OCC(=N)O1,9,-7.0586,-1.1102,5.9511,1.1775,66.9,30.517
QM9_04806,COC=NCCCCO,9,-6.7403,0.6367,7.3743,2.5041,85.51,38.57
QM9_04807,CCC(C)C(=O)C(C)=O,9,-6.4137,-2.1905,4.2232,0.3815,79.7,38.7
QM9_04808,O=CC12CC3CN1CC32,9,-6.4681,-0.9252,5.543,3.1067,75.93,27.804
QM9_04809,O=C1CC2CC(CO)C12,9,-6.5008,-0.6068,5.894,1.4995,75.31,32.264
QM9_04810,CC1NC1C1(O)CC1,8,-6.177,1.8123,7.9893,2.5515,72.19,31.799
QM9_04811,COCC(C)N(C)C=O,9,-6.392,0.9633,7.3552,4.4682,81.35,38.321
QM9_04812,CC#CC#CCCO,8,-6.1933,-0.0354,6.1579,1.5595,88.79,32.439
QM9_04813,CC1(C(C#N)CO)CC1,9,-7.4695,0.7619,8.2314,3.2886,78.85,36.311
QM9_04814,O=C1NCC2OCC=C12,9,-6.7457,-0.9388,5.8069,2.3832,72.39,27.192
QM9_04815,C1C2CC3C4C2CC1N34,9,-6.0273,2.5361,8.5607,1.6048,79.59,25.809
QM9_04816,CC1=CC2CC1C2C#N,9,-6.46,-0.2558,6.2069,4.3115,82.43,30.375
QM9_04817,N#CCCc1ccoc1,9,-6.4409,0.1524,6.5933,3.6452,75.37,29.204
QM9_04818,NC(=O)C1C2CCC21O,9,-6.3974,0.6912,7.0886,2.8083,73.35,33.509
QM9_04819,C#CCNc1nc[nH]n1,9,-5.777,0.4381,6.2151,1.8513,71.99,29.68
QM9_04820,C1=CCCCCCC1,8,-6.3647,0.6884,7.0532,0.2915,83.0,31.111
QM9_04821,CC1(O)C(O)C2NC21,8,-6.4709,1.8749,8.3457,3.1583,63.43,30.568
QM9_04822,O=c1occ2n1CC2O,9,-6.011,0.117,6.128,3.8859,64.39,27.135
QM9_04823,C#CC(C=O)C(C)=NO,9,-6.8165,-0.7483,6.0654,2.7389,75.33,35.393
QM9_04824,CC(C)(O)C1CNC1=O,9,-6.8137,0.7075,7.5212,2.5337,75.22,36.306
QM9_04825,CC1C(C)C1CO,7,-6.879,2.0626,8.9417,1.293,67.68,31.082
QM9_04826,CCC12C=CC(O)C1O2,9,-6.7729,-0.2558,6.5171,2.3576,75.76,32.881
QM9_04827,C1COCCO1,6,-6.3974,2.596,8.9906,0.0,49.61,19.679
QM9_04828,CN=c1nc[nH]c(F)n1,9,-6.245,-1.0204,5.2246,5.7684,71.03,28.304
QM9_04829,CC(=O)C1C(O)C2CN21,9,-6.8165,-1.1238,5.6926,2.1669,71.65,31.985
QM9_04830,c1cc2ccoc2[nH]1,8,-5.2137,0.8354,6.0491,1.3674,64.62,22.95
QM9_04831,CNc1c[nH]nnc1=N,9,-5.279,-1.0231,4.2586,5.3841,81.55,30.407
QM9_04832,CC12CC3OC1C3O2,8,-6.5307,1.9511,8.4818,0.5219,63.01,24.989
QM9_04833,COC1CC12COC2=N,9,-6.7049,0.664,7.3688,2.1091,75.0,31.993
QM9_04834,COc1nc(O)no1,8,-6.8682,0.1415,7.0097,2.9353,52.53,24.572
QM9_04835,O=C1C(O)C(O)C2OC12,9,-6.7593,-1.4041,5.3552,1.1763,60.64,29.96
QM9_04836,CC(=O)Oc1ncc[nH]1,9,-5.9484,-0.4952,5.4532,2.1785,69.82,28.834
QM9_04837,N=C1C=C2NCCC2O1,9,-5.6736,0.0136,5.6899,5.4075,79.57,28.25
QM9_04838,C1CC2C(C3CO3)N2C1,9,-6.1389,2.0953,8.2369,2.7393,78.8,30.493
QM9_04839,CC(C)CC1CCC1,8,-7.6927,2.1878,9.8805,0.0731,85.73,35.512
QM9_04840,O=C1C2NC2C12CC2O,9,-6.392,-0.5034,5.8913,3.4084,70.88,30.244
QM9_04841,C#CC1CC2C=CCC12,9,-6.3593,0.7238,7.0804,0.6445,85.16,31.101
QM9_04842,C1=COC=NC=NC=N1,9,-6.3022,-0.9197,5.3851,1.7463,72.26,26.443
QM9_04843,CC(N)(C#N)CC#N,8,-7.6328,-0.1497,7.4831,0.6923,65.42,31.139
QM9_04844,CCCC1CC12COC2,9,-6.5008,1.9701,8.4709,2.0033,86.86,35.968
QM9_04845,C1=CC=CC2(C=C1)CC2,9,-5.6192,-0.898,4.7239,0.1157,90.66,30.696
QM9_04846,CC1=C(CCO)COC1,9,-6.0246,0.664,6.6886,1.7094,82.81,35.676
QM9_04847,CC1CC2CC(O)C12C,9,-6.713,1.8232,8.5362,1.5981,84.64,36.844
QM9_04848,CNC(=O)N1CCCC1,9,-6.0681,1.8857,7.9539,3.8861,81.2,34.286
QM9_04849,CC1(C)OCCC1=NO,9,-6.6886,0.1551,6.8437,0.9954,78.08,35.798
QM9_04850,C#CC1NC12CNC2=O,9,-6.5933,0.283,6.8736,4.9101,73.83,30.865
QM9_04851,OCc1[nH]cc(O)c1O,9,-5.162,0.9687,6.1307,2.8769,69.1,34.216
QM9_04852,C#CC1(CCC#N)CN1,9,-6.9852,0.5333,7.5158,5.0787,79.84,33.501
QM9_04853,CC1(C#N)CC1NC=O,9,-7.2083,0.166,7.3716,6.5841,74.42,33.237
QM9_04854,CC(=O)N(C)C1CC1O,9,-6.4872,0.6068,7.0913,3.1373,76.09,36.455
QM9_04855,CC#CC1(O)C(O)C1O,9,-6.0491,0.6912,6.7403,2.1421,74.5,36.521
QM9_04856,CC1(C)COC1=O,7,-7.2899,0.3728,7.6627,3.9969,56.57,25.972
QM9_04857,CCC1C(C#N)CN1C,9,-6.3403,0.6939,7.0341,3.7187,84.86,35.549
QM9_04858,CC(=O)C(C)(O)CO,8,-6.5226,-0.3374,6.1879,2.3844,64.09,35.16
QM9_04859,CC12C3CC(O)C1C2O3,9,-6.1226,2.0926,8.2151,0.9652,74.17,31.428
QM9_04860,CC12CC1(O)C1(O)CC21,9,-6.2423,2.0028,8.2451,0.8024,75.32,34.849
QM9_04861,O=COC1CC1CCO,9,-7.3253,0.0653,7.3906,5.1271,73.75,34.531
QM9_04862,CC1OC12CC1CC12C,9,-6.6015,2.5171,9.1185,1.5074,83.19,34.868
QM9_04863,N#CCC12C3CC1C2C3,9,-7.0233,0.9687,7.992,3.7773,79.32,29.198
QM9_04864,O=[N+]([O-])c1ncncn1,9,-8.2369,-2.9552,5.2817,3.5693,59.75,22.965
QM9_04865,C#CCC1CCC=C1C,9,-6.1443,0.8136,6.9552,0.4884,90.58,35.706
QM9_04866,CCCCC(N)=O,7,-6.6042,0.9823,7.5865,3.43,64.98,31.054
QM9_04867,CC1C2OC1C2C1CC1,9,-6.3348,2.2177,8.5525,2.0375,82.39,32.806
QM9_04868,CC(C)CC(O)C1CC1,9,-7.026,2.0272,9.0532,1.3947,89.52,41.013
QM9_04869,CCCC(=O)C1CC1C,9,-6.4845,-0.2122,6.2722,2.3991,88.2,38.265
QM9_04870,N#CC12CN3CC1CC32,9,-6.7403,0.3674,7.1076,3.1373,76.58,26.805
QM9_04871,CCC12CC=CC1O2,8,-6.5797,0.1225,6.7049,1.7662,71.69,28.836
QM9_04872,C#CC(C#C)CC,7,-7.0967,0.9442,8.041,0.6598,68.25,29.77
QM9_04873,N#CCC(N)C(F)(F)F,9,-7.4532,0.468,7.9212,1.44,54.8,31.498
QM9_04874,O=CC1C2CCN12,7,-6.6532,-1.0259,5.6246,1.8446,58.4,22.571
QM9_04875,CCCOCCO,7,-7.0641,2.2994,9.3634,2.249,65.31,30.883
QM9_04876,C#CC(C(C)C)C(C)O,9,-7.0124,1.2245,8.2342,1.0832,87.69,41.928
QM9_04877,C#CC1(O)CCN=C1N,9,-6.1851,0.2177,6.4028,2.44,75.62,34.136
QM9_04878,Cn1ncc(=O)nn1,8,-6.509,-2.1824,4.3266,5.3236,61.89,23.8
QM9_04879,CC1(C)C=CC(O)C1=O,9,-6.7076,-0.7538,5.9539,2.5215,76.52,34.944
QM9_04880,COCc1nc(N)co1,9,-5.494,0.117,5.611,0.4665,73.56,31.933
QM9_04881,CC(=N)OC12CC(C1)C2,9,-6.9879,0.8163,7.8042,1.223,80.96,32.423
QM9_04882,N=C1CNCC(=O)N1,8,-6.4709,-0.4599,6.011,0.6148,64.38,26.062
QM9_04883,CC1CC1OC(=O)C=O,9,-7.2219,-2.3157,4.9062,1.848,71.36,32.594
QM9_04884,CC1COC(=O)CC1O,9,-6.9743,0.4,7.3743,4.2958,71.56,33.21
QM9_04885,C#CC1CCOC1,7,-6.8464,1.3551,8.2042,1.0187,62.45,24.827
QM9_04886,CC12OC1C1(C=O)CC12,9,-6.5443,-0.6204,5.9239,2.9936,74.54,30.995
QM9_04887,CCC1NC12COC2,8,-6.5743,1.6817,8.2559,1.9712,72.18,30.299
QM9_04888,CNc1c[nH]c(O)c1O,9,-4.4627,1.6272,6.0899,0.4978,72.11,35.209
QM9_04889,CC1=CC2(C)CC2(C)C1,9,-5.7824,0.8027,6.5852,0.2433,92.5,37.446
QM9_04890,C1CC2CC(C1)C1OC21,9,-6.8301,2.1769,9.007,1.972,79.15,28.985
QM9_04891,CCC1(C)CC2OCC21,9,-6.4654,2.0953,8.5607,1.7762,84.77,35.598
QM9_04892,O=c1cnonn1,7,-7.3852,-3.2654,4.1198,1.5473,45.28,19.012
QM9_04893,CC1CN2CC(C)(C2)O1,9,-5.6164,2.2259,7.8423,0.4339,81.92,34.116
QM9_04894,CCC12CCC(O)C1O2,9,-6.7294,2.1443,8.8736,2.038,77.53,34.559
QM9_04895,CC1=CN(C)C(=O)NC1,9,-5.3797,0.4735,5.8532,3.3003,81.66,33.528
QM9_04896,CNC1(C=O)CNC1=O,9,-6.2749,-1.0504,5.2246,3.7353,70.26,32.774
QM9_04897,O=CC1CCC12CCO2,9,-6.4845,-0.7021,5.7824,2.2009,75.76,31.369
QM9_04898,C1OC2CC3CC1C3C2,9,-6.4355,2.0762,8.5144,1.4606,79.93,28.381
QM9_04899,CC12CC3(C)C(O1)C23C,9,-5.9294,2.3048,8.2342,1.8642,82.87,35.357
QM9_04900,CC1=C(C)C(=O)NC1=O,9,-7.1185,-2.1524,4.9661,2.1133,74.35,31.849
QM9_04901,COC(CO)C1(C)CN1,9,-6.6205,1.6898,8.3076,3.3171,78.49,38.107
QM9_04902,CCC1(C)CC2CC21O,9,-6.6069,2.0272,8.6342,1.1606,84.99,38.249
QM9_04903,C#CCNCC(C)C#N,9,-6.7212,0.7565,7.4777,3.5883,83.37,36.571
QM9_04904,N#Cc1onnc1CO,9,-8.0763,-2.5007,5.5756,2.7556,64.11,27.153
QM9_04905,N#CC1C2COC(=N)N12,9,-7.494,-0.4816,7.0124,4.7053,67.13,26.618
QM9_04906,CC1C2CC3C1(C)C23C,9,-6.1851,2.4191,8.6042,0.4538,90.0,36.161
QM9_04907,CC1=CCc2ncoc21,9,-5.562,-0.5089,5.0532,1.8801,77.99,27.739
QM9_04908,CC1(CO)CC12CCC2,9,-6.8246,1.9946,8.8165,1.364,86.6,37.572
QM9_04909,CC(=O)C1COCOC1,9,-6.7593,-0.6776,6.0817,1.6309,72.02,31.917
QM9_04910,N=C1NC=CCOC1=O,9,-6.2532,-1.23,5.0259,4.3616,71.23,28.419
QM9_04911,CC(C#N)C1CC2CC21,9,-7.2627,1.0612,8.324,4.0427,82.52,33.109
QM9_04912,C#CC1(C)CC(C#N)N1,9,-7.0777,0.0517,7.1294,4.822,79.79,33.672
QM9_04913,C1CC2CC1C21CO1,8,-6.9171,2.5987,9.5158,1.7025,70.96,26.098
QM9_04914,C[NH2+]CC(=N[O-])C(N)=O,9,-4.9416,-1.0612,3.8831,4.8528,76.64,33.833
QM9_04915,O=C1CC(O)C(O)CN1,9,-6.5335,0.7293,7.2627,2.2169,67.93,32.646
QM9_04916,C#CC1CC2CC(=O)C12,9,-6.5144,-0.6694,5.845,3.0473,77.89,30.941
QM9_04917,C#CC1CC1CCC=O,9,-6.675,-0.5687,6.1062,2.6026,83.63,35.058
QM9_04918,OC12COC1CC21CN1,9,-6.7267,1.2055,7.9321,1.1962,71.41,30.895
QM9_04919,CC1C2C1C1(C)CN21,8,-5.8069,2.0926,7.8995,1.6224,75.38,30.467
QM9_04920,C1OCC2(C3CO3)CC12,9,-6.8682,2.4109,9.2791,0.9629,75.06,29.961
QM9_04921,CCC1(O)C2CCC21,8,-6.5607,1.913,8.4736,1.3063,74.36,32.17
QM9_04922,CC12CC(=O)C1C1CC12,9,-6.1906,-0.5823,5.6083,3.0585,78.58,31.555
QM9_04923,CC12CC=CC1=CCC2,9,-5.5838,-0.2857,5.2981,0.3936,91.59,31.934
QM9_04924,N#CC1COCC(=N)O1,9,-7.5974,-0.2667,7.3307,4.2453,67.22,28.395
QM9_04925,CC1C2CC1C(C=O)O2,9,-6.528,-0.7265,5.8015,3.6368,75.88,30.86
QM9_04926,CC12OCC(O1)C1OC12,9,-6.9335,2.3483,9.2818,1.7992,65.85,27.933
QM9_04927,O=C1C=CC(=O)C1,7,-6.8518,-2.6232,4.2314,1.6419,54.38,20.722
QM9_04928,CC1OC(C)C1(C)C#N,9,-7.1729,0.6776,7.8505,3.1537,79.62,36.139
QM9_04929,Cn1ccc(O)c1CO,9,-5.1157,0.8871,6.0028,1.9929,76.68,34.292
QM9_04930,Cc1nn(C)c(N)c1N,9,-5.2845,1.2599,6.5443,1.9746,80.62,35.897
QM9_04931,CC1(C=O)N2CC1(O)C2,9,-6.9253,-1.0776,5.8477,0.9429,72.17,32.735
QM9_04932,CC(C)C(C)C(O)C#N,9,-8.0627,0.3184,8.3811,3.4751,82.54,39.999
QM9_04933,C#CC(=O)C(C)(O)C#N,9,-7.7144,-2.4735,5.2409,3.1044,69.18,34.109
QM9_04934,O=CCOc1conn1,9,-7.0042,-1.4776,5.5266,2.7632,61.57,27.119
QM9_04935,C1CC23CC4C2CC1C43,9,-7.1865,2.5334,9.7199,0.2357,85.2,27.765
QM9_04936,N#CC(O)CN1CCC1,9,-6.7838,0.5606,7.3444,5.9799,77.64,32.811
QM9_04937,CC1(C)CCC(=O)N1,8,-6.392,1.0368,7.4314,3.9382,71.65,31.547
QM9_04938,COCC(O)C(C)CO,9,-6.9362,2.1116,9.0451,2.8663,79.45,40.613
QM9_04939,CN=C1CC(O)C(=O)O1,9,-7.3416,-0.5388,6.8028,1.2703,69.01,31.11
QM9_04940,OCC1=CCC2CC1O2,9,-6.1253,0.4708,6.596,1.8693,76.49,30.902
QM9_04941,CNc1cc(=O)[nH]cn1,9,-5.6382,-0.6694,4.9661,3.6916,78.23,30.033
QM9_04942,CC1(CO)C=CCCC1,9,-6.3484,0.9197,7.2682,1.4312,87.44,36.735
QM9_04943,O=CC12CN1C1C(O)C12,9,-6.4736,-1.2163,5.26,3.5269,70.28,30.268
QM9_04944,CCC(=O)NC(=O)CC,9,-6.5471,-0.4463,6.1008,5.554,78.49,37.051
QM9_04945,CCc1conc1CC,9,-6.7539,-0.0925,6.6613,3.1678,80.88,33.891
QM9_04946,CCCCC#CC1CO1,9,-6.6641,0.8272,7.4913,2.1586,91.22,36.457
QM9_04947,CCC1CCC=C1C=O,9,-6.6994,-1.4368,5.2627,3.2599,87.46,34.146
QM9_04948,CC1=Cc2[nH]ccc2C1,9,-4.6232,0.1769,4.7974,1.3456,89.38,30.398
QM9_04949,CC1C(C)C1(C)C1CO1,9,-6.8246,2.1497,8.9743,1.6438,85.97,38.389
QM9_04950,Cc1noc([O-])c1C[NH3+],9,-5.8504,0.5905,6.4382,6.0517,71.27,31.544
QM9_04951,C#CCC1(O)CC1C#N,9,-7.5348,0.351,7.8859,5.3318,76.43,33.802
QM9_04952,c1ncc2c(n1)OCO2,9,-6.4545,-0.8463,5.6083,2.9045,66.25,23.112
QM9_04953,CN=C1CN=C(CO)N1,9,-6.0954,-0.1959,5.8994,2.4636,77.0,33.217
QM9_04954,CC1C2CC3(O)CC1C23,9,-6.5661,2.1007,8.6695,1.2049,81.29,32.86
QM9_04955,Cc1[nH]nnc1N=CN,9,-5.3906,0.1633,5.5538,3.0019,80.79,31.425
QM9_04956,C#Cc1c[nH]c(N)c1C,9,-5.3634,0.5551,5.9158,2.2071,85.54,34.728
QM9_04957,C#CCOCC1COC1,9,-6.7076,0.7592,7.4668,1.9138,78.67,33.63
QM9_04958,CCC(CO)C1COC1,9,-6.3348,1.8694,8.2042,3.4426,81.71,37.393
QM9_04959,C#CC1(C(C)CO)CC1,9,-6.5552,1.4041,7.9593,1.0814,84.67,38.554
QM9_04960,N=C1OCc2cnoc21,9,-7.1294,-1.5565,5.5729,4.5643,67.77,24.11
QM9_04961,COCC12COC(C1)C2,9,-6.3702,2.166,8.5335,2.532,79.07,32.435
QM9_04962,CNC1(CO)COC1=N,9,-6.3266,0.3973,6.7212,3.1896,72.9,34.626
QM9_04963,C#CC1CC1CC#CC,9,-6.4573,1.1837,7.641,0.9273,91.92,36.393
QM9_04964,CC1C(O)C1C(C)(C)C,9,-6.6722,1.6789,8.3512,1.4505,88.88,42.082
QM9_04965,CC1CC23COC12CN3,9,-5.796,1.3415,7.1375,2.3085,77.38,31.828
QM9_04966,OC12CC3CCC3C1C2,9,-6.8328,2.1579,8.9906,1.1584,80.64,32.11
QM9_04967,COC1CCC1=NO,8,-6.6695,-0.0381,6.6287,0.7256,69.13,30.55
QM9_04968,CC(C)C1(C#N)CCO1,9,-7.4777,0.2367,7.7117,4.1328,78.75,35.273
QM9_04969,CC1CCC(C)OCO1,9,-6.8001,2.2286,9.0287,1.8434,82.41,35.899
QM9_04970,CC1(N)CC2NC21C#N,9,-6.7484,0.3129,7.0614,4.3667,77.81,33.52
QM9_04971,CC1C2=CCOC2C1O,9,-6.4681,0.0435,6.5117,1.6367,77.41,31.761
QM9_04972,OCCCn1cncn1,9,-7.0913,0.283,7.3743,4.2822,73.76,30.752
QM9_04973,O=CCC(=O)NCCO,9,-6.6586,-0.6531,6.0056,3.8784,71.67,34.936
QM9_04974,CCC1CC2CC2O1,8,-6.3457,2.3783,8.724,1.3483,74.64,30.037
QM9_04975,CC12CC1C1(CN1)C2O,9,-6.5797,2.1116,8.6913,2.7959,79.59,33.773
QM9_04976,N#CC1(CN)CN=CN1,9,-6.675,0.0952,6.7702,4.3444,72.99,31.761
QM9_04977,Nc1ncc(O)n1C=O,9,-5.5076,-1.3878,4.1171,3.1562,66.82,28.96
QM9_04978,C1=C2CC3C2C2CC1N32,9,-5.6709,-0.9089,4.762,0.6395,81.22,25.966
QM9_04979,C1=CC23NCC2OC3C1,9,-5.826,0.1034,5.9294,2.0539,76.84,28.051
QM9_04980,CC12CC3(CCC3O1)C2,9,-6.3811,2.1987,8.5798,1.4056,83.04,31.702
QM9_04981,CC1(C)COC(C=O)C1,9,-6.5988,-0.7374,5.8641,2.4569,78.15,35.3
QM9_04982,C#CC1(C)C=CC(=N)O1,9,-6.8736,-1.0667,5.8069,4.103,79.86,31.955
QM9_04983,C#CC12C3CC1N2C3,8,-6.3783,0.615,6.9933,1.8683,73.11,25.547
QM9_04984,CC1(C)C2C3NC3C21,8,-5.4994,1.9347,7.4342,1.6466,74.67,30.392
QM9_04985,C#CCC(O)(C#N)CN,9,-6.8192,0.3565,7.1784,3.0378,74.44,36.456
QM9_04986,O=C1C2CC2(O)C2CN12,9,-6.7348,-0.4572,6.2777,3.0917,68.14,28.99
QM9_04987,CC1OC(CO)C1(C)O,9,-6.6586,1.5973,8.2559,3.6162,74.68,38.07
QM9_04988,CC1C=CC(OC=N)O1,9,-7.094,-0.0844,7.0097,3.1836,76.72,31.808
QM9_04989,CC#Cc1ncc(C)o1,9,-5.9103,-0.6395,5.2708,1.8341,89.49,31.181
QM9_04990,CC1OCC1(N)CC#N,9,-6.9253,0.5796,7.5049,2.7804,75.28,34.798
QM9_04991,OCC1CC1(O)C1CO1,9,-6.762,1.6681,8.4301,2.6274,72.16,34.381
QM9_04992,c1[nH]nc2c1C1CN1C2,9,-5.9239,0.4082,6.3294,2.7975,74.37,25.866
QM9_04993,Nc1cnc(O)cc1N,9,-5.3606,0.0871,5.4477,2.6654,76.93,31.196
QM9_04994,CC1OC(C)(C)C1O,8,-6.5525,1.7306,8.2831,2.2227,71.05,34.889
QM9_04995,CC1=CC(=O)C2CC12,8,-6.3348,-1.1783,5.1566,4.1579,72.13,26.937
QM9_04996,N#CCCC1(C=O)CC1,9,-7.2573,-0.9252,6.3348,5.6157,77.77,33.153
QM9_04997,CCN1C2CC3OC2C31,9,-5.8205,2.0681,7.8859,1.2093,78.14,30.043
QM9_04998,CN1C2CC(O)CC21C,9,-5.796,1.9293,7.7253,2.0425,81.95,36.045
QM9_04999,O=COc1ncc[nH]1,8,-6.2586,-0.4163,5.8423,4.1565,58.08,23.621
QM9_05000,COC1CCCOC1=O,9,-6.6505,0.1061,6.7566,3.8381,72.58,32.11
